Gene	Trait	Position	Substitution	Pvalue	Pattern	FFGN	FBGN	GFG	GBG	MFG	MBG	FFG	FBG	MS
ABCA8	pla.cfg	459	D/N	0.0006438497313564	pattern1	2	2	0	0	1	1	Alouatta_palliata,Chiropotes_albinasus	Ateles_geoffroyi,Cacajao_calvus	Mico_humeralifer,Callithrix_jacchus
ABCB8	pla.cfg	571	T/A	0.0025702827616781	pattern1	2	2	0	0	1	1	Alouatta_palliata,Mico_humeralifer	Ateles_geoffroyi,Callithrix_jacchus	Chiropotes_albinasus,Cacajao_calvus
ACCSL	pla.cfg	67	L/F	0.0449919037705297	pattern1	1	1	0	0	2	2	Alouatta_palliata	Ateles_geoffroyi	Mico_humeralifer,Chiropotes_albinasus,Callithrix_jacchus,Cacajao_calvus
ACSF3	pla.cfg	5	Q/R	0.0460774337770996	pattern1	2	2	0	0	1	1	Alouatta_palliata,Mico_humeralifer	Ateles_geoffroyi,Callithrix_jacchus	Chiropotes_albinasus,Cacajao_calvus
ACSM2B	pla.cfg	259	P/T	0.0473165388828039	pattern1	1	1	0	0	2	2	Mico_humeralifer	Callithrix_jacchus	Chiropotes_albinasus,Alouatta_palliata,Cacajao_calvus,Ateles_geoffroyi
ACTL10	pla.cfg	41	AM/T	0.0189797736092454	pattern3	2	2	0	0	1	1	Alouatta_palliata,Mico_humeralifer	Ateles_geoffroyi,Callithrix_jacchus	Chiropotes_albinasus,Cacajao_calvus
ACYP2	pla.cfg	43	I/M	0.0193768794736543	pattern1	2	2	0	0	1	1	Alouatta_palliata,Chiropotes_albinasus	Ateles_geoffroyi,Cacajao_calvus	Mico_humeralifer,Callithrix_jacchus
ADAM28	pla.cfg	115	R/Q	0.0471200456230396	pattern1	1	1	0	0	2	2	Alouatta_palliata	Ateles_geoffroyi	Chiropotes_albinasus,Mico_humeralifer,Callithrix_jacchus,Cacajao_calvus
ADAMTS14	pla.cfg	1110	FT/P	0.008715714682768	pattern3	2	2	0	0	1	1	Alouatta_palliata,Mico_humeralifer	Ateles_geoffroyi,Callithrix_jacchus	Chiropotes_albinasus,Cacajao_calvus
ADAMTS5	pla.cfg	113	LM/V	0.0111290651589538	pattern3	2	2	0	0	1	1	Alouatta_palliata,Mico_humeralifer	Ateles_geoffroyi,Callithrix_jacchus	Chiropotes_albinasus,Cacajao_calvus
ADAMTSL2	pla.cfg	5	S/F	0.0326027563596624	pattern1	1	1	0	0	2	2	Mico_humeralifer	Callithrix_jacchus	Chiropotes_albinasus,Alouatta_palliata,Ateles_geoffroyi,Cacajao_calvus
ADAMTSL3	pla.cfg	225	H/Y	0.0427655024946543	pattern1	1	1	0	0	2	2	Chiropotes_albinasus	Cacajao_calvus	Mico_humeralifer,Alouatta_palliata,Callithrix_jacchus,Ateles_geoffroyi
ADAMTSL3	pla.cfg	580	L/P	0.0320799059929494	pattern1	1	1	0	0	2	2	Chiropotes_albinasus	Cacajao_calvus	Mico_humeralifer,Alouatta_palliata,Callithrix_jacchus,Ateles_geoffroyi
ADAMTSL3	pla.cfg	1061	Y/H	0.0425381903642773	pattern1	1	1	0	0	2	2	Chiropotes_albinasus	Cacajao_calvus	Mico_humeralifer,Alouatta_palliata,Callithrix_jacchus,Ateles_geoffroyi
ADAMTSL3	pla.cfg	1208	V/I	0.0321974148061104	pattern1	1	1	0	0	2	2	Chiropotes_albinasus	Cacajao_calvus	Mico_humeralifer,Alouatta_palliata,Callithrix_jacchus,Ateles_geoffroyi
ADGRF3	pla.cfg	308	A/V	0.0086826959198242	pattern1	2	2	0	0	1	1	Alouatta_palliata,Mico_humeralifer	Ateles_geoffroyi,Callithrix_jacchus	Chiropotes_albinasus,Cacajao_calvus
ADGRG2	pla.cfg	244	QY/H	0.0245873769622645	pattern3	2	2	0	0	1	1	Alouatta_palliata,Chiropotes_albinasus	Ateles_geoffroyi,Cacajao_calvus	Mico_humeralifer,Callithrix_jacchus
ADGRV1	pla.cfg	2350	H/R	0.0057038240654858	pattern1	2	2	0	0	1	1	Chiropotes_albinasus,Mico_humeralifer	Cacajao_calvus,Callithrix_jacchus	Alouatta_palliata,Ateles_geoffroyi
ADRA1B	pla.cfg	431	P/S	0.0036056693560937	pattern1	2	2	0	0	1	1	Alouatta_palliata,Mico_humeralifer	Ateles_geoffroyi,Callithrix_jacchus	Chiropotes_albinasus,Cacajao_calvus
AGL	pla.cfg	349	K/R	0.0285912977509443	pattern1	2	2	0	0	1	1	Alouatta_palliata,Chiropotes_albinasus	Ateles_geoffroyi,Cacajao_calvus	Mico_humeralifer,Callithrix_jacchus
AGXT	pla.cfg	327	A/T	0.0232315474764886	pattern1	2	2	0	0	1	1	Alouatta_palliata,Mico_humeralifer	Ateles_geoffroyi,Callithrix_jacchus	Chiropotes_albinasus,Cacajao_calvus
AGXT	pla.cfg	340	D/E	0.0040462953728649	pattern1	2	2	0	0	1	1	Alouatta_palliata,Mico_humeralifer	Ateles_geoffroyi,Callithrix_jacchus	Chiropotes_albinasus,Cacajao_calvus
AHCTF1	pla.cfg	1607	R/CH	0.022119912084379	pattern2	3	3	0	0	0	0	Alouatta_palliata,Chiropotes_albinasus,Mico_humeralifer	Ateles_geoffroyi,Cacajao_calvus,Callithrix_jacchus	-
AHNAK2	pla.cfg	2351	R/K	0.0428435417327832	pattern1	1	1	0	0	2	2	Mico_humeralifer	Callithrix_jacchus	Alouatta_palliata,Chiropotes_albinasus,Cacajao_calvus,Ateles_geoffroyi
AHNAK2	pla.cfg	3137	R/K	0.0394630872483221	pattern1	1	1	0	0	2	2	Mico_humeralifer	Callithrix_jacchus	Alouatta_palliata,Chiropotes_albinasus,Cacajao_calvus,Ateles_geoffroyi
ALLC	pla.cfg	295	L/P	0.0335130970724191	pattern1	1	1	0	0	2	2	Alouatta_palliata	Ateles_geoffroyi	Chiropotes_albinasus,Mico_humeralifer,Callithrix_jacchus,Cacajao_calvus
ALOX15B	pla.cfg	109	ER/G	0.002812188924412	pattern3	2	2	0	0	1	1	Alouatta_palliata,Chiropotes_albinasus	Ateles_geoffroyi,Cacajao_calvus	Mico_humeralifer,Callithrix_jacchus
AMN	pla.cfg	36	R/Q	0.0321974148061104	pattern1	1	1	0	0	2	2	Alouatta_palliata	Ateles_geoffroyi	Mico_humeralifer,Chiropotes_albinasus,Cacajao_calvus,Callithrix_jacchus
ANAPC2	pla.cfg	688	L/V	0.0344757241942064	pattern1	1	1	0	0	2	2	Mico_humeralifer	Callithrix_jacchus	Alouatta_palliata,Chiropotes_albinasus,Cacajao_calvus,Ateles_geoffroyi
ANK3	pla.cfg	3862	A/T	0.0236527017160211	pattern1	2	2	0	0	1	1	Alouatta_palliata,Mico_humeralifer	Ateles_geoffroyi,Callithrix_jacchus	Chiropotes_albinasus,Cacajao_calvus
ANO7	pla.cfg	68	N/D	0.0430551147783772	pattern1	1	1	0	0	2	2	Mico_humeralifer	Callithrix_jacchus	Chiropotes_albinasus,Alouatta_palliata,Ateles_geoffroyi,Cacajao_calvus
ANO7	pla.cfg	388	N/S	0.0428435417327832	pattern1	1	1	0	0	2	2	Mico_humeralifer	Callithrix_jacchus	Chiropotes_albinasus,Alouatta_palliata,Ateles_geoffroyi,Cacajao_calvus
AP1AR	pla.cfg	81	E/D	0.0005908638717352	pattern1	2	2	0	0	1	1	Chiropotes_albinasus,Mico_humeralifer	Cacajao_calvus,Callithrix_jacchus	Alouatta_palliata,Ateles_geoffroyi
AP3D1	pla.cfg	1030	I/V	0.003398891749273	pattern1	2	2	0	0	1	1	Alouatta_palliata,Mico_humeralifer	Ateles_geoffroyi,Callithrix_jacchus	Chiropotes_albinasus,Cacajao_calvus
AP5B1	pla.cfg	246	E/D	0.0434622467771639	pattern1	1	1	0	0	2	2	Mico_humeralifer	Callithrix_jacchus	Alouatta_palliata,Chiropotes_albinasus,Cacajao_calvus,Ateles_geoffroyi
AP5B1	pla.cfg	401	S/N	0.032780847145488	pattern1	1	1	0	0	2	2	Mico_humeralifer	Callithrix_jacchus	Alouatta_palliata,Chiropotes_albinasus,Cacajao_calvus,Ateles_geoffroyi
APBA1	pla.cfg	86	Q/HR	0.0233760491648918	pattern2	2	2	0	0	1	1	Alouatta_palliata,Mico_humeralifer	Ateles_geoffroyi,Callithrix_jacchus	Chiropotes_albinasus,Cacajao_calvus
APBA3	pla.cfg	357	G/S	0.0151687489565012	pattern1	2	2	0	0	1	1	Alouatta_palliata,Mico_humeralifer	Ateles_geoffroyi,Callithrix_jacchus	Chiropotes_albinasus,Cacajao_calvus
ARAP1	pla.cfg	162	L/V	0.0315735578564114	pattern1	1	1	0	0	2	2	Mico_humeralifer	Callithrix_jacchus	Chiropotes_albinasus,Alouatta_palliata,Cacajao_calvus,Ateles_geoffroyi
ARAP1	pla.cfg	645	T/A	0.0319093286835222	pattern1	1	1	0	0	2	2	Mico_humeralifer	Callithrix_jacchus	Chiropotes_albinasus,Alouatta_palliata,Cacajao_calvus,Ateles_geoffroyi
ARAP1	pla.cfg	767	T/S	0.0315735578564114	pattern1	1	1	0	0	2	2	Mico_humeralifer	Callithrix_jacchus	Chiropotes_albinasus,Alouatta_palliata,Cacajao_calvus,Ateles_geoffroyi
ARAP1	pla.cfg	819	K/T	0.0315735578564114	pattern1	1	1	0	0	2	2	Mico_humeralifer	Callithrix_jacchus	Chiropotes_albinasus,Alouatta_palliata,Cacajao_calvus,Ateles_geoffroyi
ARHGAP11A	pla.cfg	575	S/CG	0.0253877679429295	pattern2	2	2	0	0	1	1	Alouatta_palliata,Mico_humeralifer	Ateles_geoffroyi,Callithrix_jacchus	Chiropotes_albinasus,Cacajao_calvus
ARHGAP23	pla.cfg	1191	V/A	0.0357064622124863	pattern1	1	1	0	0	2	2	Mico_humeralifer	Callithrix_jacchus	Alouatta_palliata,Chiropotes_albinasus,Cacajao_calvus,Ateles_geoffroyi
ARHGAP23	pla.cfg	1345	R/Q	0.0361364656591351	pattern1	1	1	0	0	2	2	Mico_humeralifer	Callithrix_jacchus	Alouatta_palliata,Chiropotes_albinasus,Cacajao_calvus,Ateles_geoffroyi
ARHGAP27	pla.cfg	202	V/A	0.0340841140123579	pattern1	1	1	0	0	2	2	Mico_humeralifer	Callithrix_jacchus	Chiropotes_albinasus,Alouatta_palliata,Cacajao_calvus,Ateles_geoffroyi
ARHGAP27	pla.cfg	580	W/L	0.0340841140123579	pattern1	1	1	0	0	2	2	Mico_humeralifer	Callithrix_jacchus	Chiropotes_albinasus,Alouatta_palliata,Cacajao_calvus,Ateles_geoffroyi
ARHGAP27	pla.cfg	758	H/P	0.0340841140123579	pattern1	1	1	0	0	2	2	Mico_humeralifer	Callithrix_jacchus	Chiropotes_albinasus,Alouatta_palliata,Cacajao_calvus,Ateles_geoffroyi
ARHGAP4	pla.cfg	317	Q/H	0.0329608938547486	pattern1	1	1	0	0	2	2	Mico_humeralifer	Callithrix_jacchus	Chiropotes_albinasus,Alouatta_palliata,Cacajao_calvus,Ateles_geoffroyi
ASB16	pla.cfg	66	S/P	0.0337012987012987	pattern1	1	1	0	0	2	2	Mico_humeralifer	Callithrix_jacchus	Chiropotes_albinasus,Alouatta_palliata,Ateles_geoffroyi,Cacajao_calvus
ASIC4	pla.cfg	428	E/K	0.0329608938547486	pattern1	1	1	0	0	2	2	Mico_humeralifer	Callithrix_jacchus	Chiropotes_albinasus,Alouatta_palliata,Ateles_geoffroyi,Cacajao_calvus
ASL	pla.cfg	31	V/I	0.0007124083669656	pattern1	2	2	0	0	1	1	Chiropotes_albinasus,Mico_humeralifer	Cacajao_calvus,Callithrix_jacchus	Alouatta_palliata,Ateles_geoffroyi
ASTL	pla.cfg	231	A/V	0.0165258827056185	pattern1	2	2	0	0	1	1	Alouatta_palliata,Mico_humeralifer	Ateles_geoffroyi,Callithrix_jacchus	Chiropotes_albinasus,Cacajao_calvus
ATP2A3	pla.cfg	960	AM/V	0.0003598434932231	pattern3	2	2	0	0	1	1	Alouatta_palliata,Mico_humeralifer	Ateles_geoffroyi,Callithrix_jacchus	Chiropotes_albinasus,Cacajao_calvus
AZGP1	pla.cfg	162	E/A	0.0206807926413046	pattern1	3	3	0	0	0	0	Alouatta_palliata,Chiropotes_albinasus,Mico_humeralifer	Ateles_geoffroyi,Cacajao_calvus,Callithrix_jacchus	-
B3GNT4	pla.cfg	26	Q/E	0.0235008624590905	pattern1	2	2	0	0	1	1	Alouatta_palliata,Mico_humeralifer	Ateles_geoffroyi,Callithrix_jacchus	Chiropotes_albinasus,Cacajao_calvus
BACE1	pla.cfg	50	LS/P	0.0294154432389726	pattern3	2	3	1	0	0	0	Chiropotes_albinasus,Mico_humeralifer	Ateles_geoffroyi,Cacajao_calvus,Callithrix_jacchus	-
BAHCC1	pla.cfg	956	CS/G	0.0132282264359146	pattern3	2	2	0	0	1	1	Alouatta_palliata,Mico_humeralifer	Ateles_geoffroyi,Callithrix_jacchus	Chiropotes_albinasus,Cacajao_calvus
BCAS4	pla.cfg	152	A/GV	0.0044142719018571	pattern2	2	2	0	0	1	1	Alouatta_palliata,Mico_humeralifer	Ateles_geoffroyi,Callithrix_jacchus	Chiropotes_albinasus,Cacajao_calvus
BLK	pla.cfg	24	A/T	0.0318680926254909	pattern1	2	2	0	0	1	1	Alouatta_palliata,Mico_humeralifer	Ateles_geoffroyi,Callithrix_jacchus	Chiropotes_albinasus,Cacajao_calvus
BOD1L2	pla.cfg	39	D/GN	0.0025127998692765	pattern2	2	2	0	0	1	1	Alouatta_palliata,Chiropotes_albinasus	Ateles_geoffroyi,Cacajao_calvus	Mico_humeralifer,Callithrix_jacchus
BOD1L2	pla.cfg	88	L/V	0.0082364200973607	pattern1	2	2	0	0	1	1	Alouatta_palliata,Chiropotes_albinasus	Ateles_geoffroyi,Cacajao_calvus	Mico_humeralifer,Callithrix_jacchus
BOD1L2	pla.cfg	106	I/MV	0.0117437362636624	pattern2	2	2	0	0	1	1	Alouatta_palliata,Chiropotes_albinasus	Ateles_geoffroyi,Cacajao_calvus	Mico_humeralifer,Callithrix_jacchus
BPIFA3	pla.cfg	84	L/S	0.0352865697177074	pattern1	1	1	0	0	2	2	Chiropotes_albinasus	Cacajao_calvus	Alouatta_palliata,Mico_humeralifer,Ateles_geoffroyi,Callithrix_jacchus
BSG	pla.cfg	148	L/V	0.0481708702567598	pattern1	1	1	0	0	2	2	Chiropotes_albinasus	Cacajao_calvus	Alouatta_palliata,Mico_humeralifer,Ateles_geoffroyi,Callithrix_jacchus
BSN	pla.cfg	53	M/T	0.0420411878484469	pattern1	1	1	0	0	2	2	Mico_humeralifer	Callithrix_jacchus	Chiropotes_albinasus,Alouatta_palliata,Cacajao_calvus,Ateles_geoffroyi
BSN	pla.cfg	120	N/S	0.0315735578564114	pattern1	1	1	0	0	2	2	Mico_humeralifer	Callithrix_jacchus	Chiropotes_albinasus,Alouatta_palliata,Cacajao_calvus,Ateles_geoffroyi
BSN	pla.cfg	466	G/R	0.0315735578564114	pattern1	1	1	0	0	2	2	Mico_humeralifer	Callithrix_jacchus	Chiropotes_albinasus,Alouatta_palliata,Cacajao_calvus,Ateles_geoffroyi
BSN	pla.cfg	1209	N/K	0.0315735578564114	pattern1	1	1	0	0	2	2	Mico_humeralifer	Callithrix_jacchus	Chiropotes_albinasus,Alouatta_palliata,Cacajao_calvus,Ateles_geoffroyi
BSN	pla.cfg	1600	M/T	0.0315735578564114	pattern1	1	1	0	0	2	2	Mico_humeralifer	Callithrix_jacchus	Chiropotes_albinasus,Alouatta_palliata,Cacajao_calvus,Ateles_geoffroyi
BSN	pla.cfg	2683	G/S	0.0315735578564114	pattern1	1	1	0	0	2	2	Mico_humeralifer	Callithrix_jacchus	Chiropotes_albinasus,Alouatta_palliata,Cacajao_calvus,Ateles_geoffroyi
BTBD17	pla.cfg	31	T/A	0.0070725398141393	pattern1	2	2	0	0	1	1	Alouatta_palliata,Mico_humeralifer	Ateles_geoffroyi,Callithrix_jacchus	Chiropotes_albinasus,Cacajao_calvus
C10orf71	pla.cfg	235	D/NS	0.0202686136159315	pattern2	2	2	0	0	1	1	Alouatta_palliata,Mico_humeralifer	Ateles_geoffroyi,Callithrix_jacchus	Chiropotes_albinasus,Cacajao_calvus
C12orf50	pla.cfg	340	P/S	0.005672156955439	pattern1	2	2	0	0	1	1	Alouatta_palliata,Chiropotes_albinasus	Ateles_geoffroyi,Cacajao_calvus	Mico_humeralifer,Callithrix_jacchus
C14orf177	pla.cfg	61	X/K	0.0416541804015582	pattern1	1	1	0	0	2	2	Mico_humeralifer	Callithrix_jacchus	Alouatta_palliata,Chiropotes_albinasus,Ateles_geoffroyi,Cacajao_calvus
C16orf96	pla.cfg	211	M/V	0.0342788009141013	pattern1	1	1	0	0	2	2	Alouatta_palliata	Ateles_geoffroyi	Chiropotes_albinasus,Mico_humeralifer,Cacajao_calvus,Callithrix_jacchus
C16orf96	pla.cfg	921	V/M	0.0454362145449657	pattern1	1	1	0	0	2	2	Alouatta_palliata	Ateles_geoffroyi	Chiropotes_albinasus,Mico_humeralifer,Cacajao_calvus,Callithrix_jacchus
C1orf162	pla.cfg	93	S/L	0.0145929768547201	pattern1	2	2	0	0	1	1	Alouatta_palliata,Chiropotes_albinasus	Ateles_geoffroyi,Cacajao_calvus	Mico_humeralifer,Callithrix_jacchus
C2orf81	pla.cfg	535	P/LS	0.0024405888269038	pattern2	2	2	0	0	1	1	Alouatta_palliata,Mico_humeralifer	Ateles_geoffroyi,Callithrix_jacchus	Chiropotes_albinasus,Cacajao_calvus
C4A	pla.cfg	1584	AK/E	0.0100594124106085	pattern3	2	2	0	0	1	1	Alouatta_palliata,Mico_humeralifer	Ateles_geoffroyi,Callithrix_jacchus	Chiropotes_albinasus,Cacajao_calvus
C6orf132	pla.cfg	667	S/T	0.0361364656591351	pattern1	1	1	0	0	2	2	Mico_humeralifer	Callithrix_jacchus	Chiropotes_albinasus,Alouatta_palliata,Cacajao_calvus,Ateles_geoffroyi
C6orf132	pla.cfg	724	S/C	0.0352211890673429	pattern1	1	1	0	0	2	2	Mico_humeralifer	Callithrix_jacchus	Chiropotes_albinasus,Alouatta_palliata,Cacajao_calvus,Ateles_geoffroyi
C9orf131	pla.cfg	524	IK/R	0.0198432103507011	pattern3	2	2	0	0	1	1	Alouatta_palliata,Chiropotes_albinasus	Ateles_geoffroyi,Cacajao_calvus	Mico_humeralifer,Callithrix_jacchus
CABIN1	pla.cfg	2117	S/N	0.0350803043110735	pattern1	1	1	1	1	1	1	Mico_humeralifer	Callithrix_jacchus	Chiropotes_albinasus,Cacajao_calvus
CABP4	pla.cfg	45	R/Q	0.0343667378813183	pattern1	2	2	0	0	1	1	Alouatta_palliata,Mico_humeralifer	Ateles_geoffroyi,Callithrix_jacchus	Chiropotes_albinasus,Cacajao_calvus
CACNA1A	pla.cfg	933	E/D	0.0361364656591351	pattern1	1	1	0	0	2	2	Mico_humeralifer	Callithrix_jacchus	Alouatta_palliata,Chiropotes_albinasus,Ateles_geoffroyi,Cacajao_calvus
CACNA1A	pla.cfg	971	R/K	0.0362860990573096	pattern1	1	1	0	0	2	2	Mico_humeralifer	Callithrix_jacchus	Alouatta_palliata,Chiropotes_albinasus,Ateles_geoffroyi,Cacajao_calvus
CACNA1G	pla.cfg	529	TV/A	0.0034549149377096	pattern3	2	2	0	0	1	1	Alouatta_palliata,Mico_humeralifer	Ateles_geoffroyi,Callithrix_jacchus	Chiropotes_albinasus,Cacajao_calvus
CACNA1H	pla.cfg	22	R/P	0.021386704054555	pattern1	2	1	0	1	1	1	Alouatta_palliata,Mico_humeralifer	Callithrix_jacchus	Chiropotes_albinasus,Cacajao_calvus
CACNA2D4	pla.cfg	582	L/V	0.0436995654872749	pattern1	1	1	0	0	2	2	Chiropotes_albinasus	Cacajao_calvus	Mico_humeralifer,Alouatta_palliata,Callithrix_jacchus,Ateles_geoffroyi
CACNA2D4	pla.cfg	983	H/Q	0.0337012987012987	pattern1	1	1	0	0	2	2	Chiropotes_albinasus	Cacajao_calvus	Mico_humeralifer,Alouatta_palliata,Callithrix_jacchus,Ateles_geoffroyi
CAPN15	pla.cfg	957	A/V	0.0120503300999691	pattern1	2	2	0	0	1	1	Alouatta_palliata,Mico_humeralifer	Ateles_geoffroyi,Callithrix_jacchus	Chiropotes_albinasus,Cacajao_calvus
CARD10	pla.cfg	649	L/FI	0.0192973910235656	pattern2	2	2	0	0	1	1	Alouatta_palliata,Mico_humeralifer	Ateles_geoffroyi,Callithrix_jacchus	Chiropotes_albinasus,Cacajao_calvus
CARD6	pla.cfg	742	M/LR	0.0429219313373143	pattern2	2	2	0	0	1	1	Alouatta_palliata,Mico_humeralifer	Ateles_geoffroyi,Callithrix_jacchus	Chiropotes_albinasus,Cacajao_calvus
CCDC14	pla.cfg	459	C/GY	0.0026163502866982	pattern2	2	2	0	0	1	1	Chiropotes_albinasus,Mico_humeralifer	Cacajao_calvus,Callithrix_jacchus	Alouatta_palliata,Ateles_geoffroyi
CCDC157	pla.cfg	191	M/T	0.0349875263976658	pattern1	2	2	0	0	1	1	Alouatta_palliata,Mico_humeralifer	Ateles_geoffroyi,Callithrix_jacchus	Chiropotes_albinasus,Cacajao_calvus
CCDC157	pla.cfg	624	S/G	0.0089572621698608	pattern1	2	2	0	0	1	1	Alouatta_palliata,Mico_humeralifer	Ateles_geoffroyi,Callithrix_jacchus	Chiropotes_albinasus,Cacajao_calvus
CCDC187	pla.cfg	1009	S/P	0.0444292549555707	pattern1	1	1	0	0	2	2	Mico_humeralifer	Callithrix_jacchus	Chiropotes_albinasus,Alouatta_palliata,Ateles_geoffroyi,Cacajao_calvus
CCDC40	pla.cfg	515	LV/A	0.006283314100664	pattern3	2	2	0	0	1	1	Alouatta_palliata,Mico_humeralifer	Ateles_geoffroyi,Callithrix_jacchus	Chiropotes_albinasus,Cacajao_calvus
CCDC74B	pla.cfg	170	RY/H	0.0224905876460408	pattern3	2	2	0	0	1	1	Alouatta_palliata,Chiropotes_albinasus	Ateles_geoffroyi,Cacajao_calvus	Mico_humeralifer,Callithrix_jacchus
CCDC87	pla.cfg	431	V/F	0.0410122164048865	pattern1	1	1	0	0	2	2	Alouatta_palliata	Ateles_geoffroyi	Chiropotes_albinasus,Mico_humeralifer,Cacajao_calvus,Callithrix_jacchus
CCDC97	pla.cfg	24	E/K	0.0048942237066144	pattern1	2	2	0	0	1	1	Alouatta_palliata,Mico_humeralifer	Ateles_geoffroyi,Callithrix_jacchus	Chiropotes_albinasus,Cacajao_calvus
CCL8	pla.cfg	32	T/A	0.0472548878147319	pattern1	1	1	0	0	2	2	Alouatta_palliata	Ateles_geoffroyi	Mico_humeralifer,Chiropotes_albinasus,Callithrix_jacchus,Cacajao_calvus
CCNL2	pla.cfg	288	L/I	0.032780847145488	pattern1	1	1	0	0	2	2	Mico_humeralifer	Callithrix_jacchus	Alouatta_palliata,Chiropotes_albinasus,Ateles_geoffroyi,Cacajao_calvus
CCNYL1	pla.cfg	37	E/D	0.0414369256474519	pattern1	1	1	0	0	2	2	Chiropotes_albinasus	Cacajao_calvus	Alouatta_palliata,Mico_humeralifer,Callithrix_jacchus,Ateles_geoffroyi
CD209	pla.cfg	22	Q/R	0.0260838501925872	pattern1	3	3	0	0	0	0	Alouatta_palliata,Chiropotes_albinasus,Mico_humeralifer	Ateles_geoffroyi,Cacajao_calvus,Callithrix_jacchus	-
CDC42EP2	pla.cfg	206	R/Q	0.0099198021295819	pattern1	2	2	0	0	1	1	Alouatta_palliata,Mico_humeralifer	Ateles_geoffroyi,Callithrix_jacchus	Chiropotes_albinasus,Cacajao_calvus
CDH15	pla.cfg	298	V/I	0.0331429288807984	pattern1	1	1	0	0	2	2	Alouatta_palliata	Ateles_geoffroyi	Chiropotes_albinasus,Mico_humeralifer,Callithrix_jacchus,Cacajao_calvus
CDH23	pla.cfg	2147	S/G	0.0310007701390807	pattern1	2	2	0	0	1	1	Alouatta_palliata,Mico_humeralifer	Ateles_geoffroyi,Callithrix_jacchus	Chiropotes_albinasus,Cacajao_calvus
CDK5RAP2	pla.cfg	399	K/T	0.0475979305247598	pattern1	1	1	0	0	2	2	Chiropotes_albinasus	Cacajao_calvus	Mico_humeralifer,Alouatta_palliata,Callithrix_jacchus,Ateles_geoffroyi
CDK5RAP2	pla.cfg	958	V/M	0.0459580323357413	pattern1	1	1	0	0	2	2	Chiropotes_albinasus	Cacajao_calvus	Mico_humeralifer,Alouatta_palliata,Callithrix_jacchus,Ateles_geoffroyi
CECR2	pla.cfg	557	A/T	0.0280733335882303	pattern1	3	3	0	0	0	0	Alouatta_palliata,Chiropotes_albinasus,Mico_humeralifer	Ateles_geoffroyi,Cacajao_calvus,Callithrix_jacchus	-
CELSR1	pla.cfg	116	T/A	0.0371855345911949	pattern1	1	1	0	0	2	2	Mico_humeralifer	Callithrix_jacchus	Alouatta_palliata,Chiropotes_albinasus,Cacajao_calvus,Ateles_geoffroyi
CELSR1	pla.cfg	126	A/D	0.0370283018867924	pattern1	1	1	0	0	2	2	Mico_humeralifer	Callithrix_jacchus	Alouatta_palliata,Chiropotes_albinasus,Cacajao_calvus,Ateles_geoffroyi
CENPF	pla.cfg	1347	FI/L	0.0057349106995001	pattern3	2	2	0	0	1	1	Alouatta_palliata,Chiropotes_albinasus	Ateles_geoffroyi,Cacajao_calvus	Mico_humeralifer,Callithrix_jacchus
CEP104	pla.cfg	351	V/I	0.0131258926997092	pattern1	3	3	0	0	0	0	Alouatta_palliata,Chiropotes_albinasus,Mico_humeralifer	Ateles_geoffroyi,Cacajao_calvus,Callithrix_jacchus	-
CFAP73	pla.cfg	117	Q/R	0.0233537580863764	pattern1	2	2	0	0	1	1	Chiropotes_albinasus,Mico_humeralifer	Cacajao_calvus,Callithrix_jacchus	Alouatta_palliata,Ateles_geoffroyi
CHADL	pla.cfg	236	R/PW	0.0416864335031099	pattern2	2	2	0	0	1	1	Alouatta_palliata,Mico_humeralifer	Ateles_geoffroyi,Callithrix_jacchus	Chiropotes_albinasus,Cacajao_calvus
CHRD	pla.cfg	914	E/G	0.0089572621698608	pattern1	2	2	0	0	1	1	Alouatta_palliata,Mico_humeralifer	Ateles_geoffroyi,Callithrix_jacchus	Chiropotes_albinasus,Cacajao_calvus
CHRND	pla.cfg	249	V/I	0.0314087272266672	pattern1	2	2	0	0	1	1	Alouatta_palliata,Mico_humeralifer	Ateles_geoffroyi,Callithrix_jacchus	Chiropotes_albinasus,Cacajao_calvus
CLIC6	pla.cfg	109	G/E	0.0170373172511447	pattern1	2	2	0	0	1	1	Alouatta_palliata,Mico_humeralifer	Ateles_geoffroyi,Callithrix_jacchus	Chiropotes_albinasus,Cacajao_calvus
CLNK	pla.cfg	219	E/K	0.032908965741761	pattern1	3	3	0	0	0	0	Alouatta_palliata,Chiropotes_albinasus,Mico_humeralifer	Ateles_geoffroyi,Cacajao_calvus,Callithrix_jacchus	-
CLTCL1	pla.cfg	110	T/A	0.0481071375130929	pattern1	1	1	0	0	2	2	Mico_humeralifer	Callithrix_jacchus	Alouatta_palliata,Chiropotes_albinasus,Cacajao_calvus,Ateles_geoffroyi
CLTCL1	pla.cfg	1409	D/E	0.0361364656591351	pattern1	1	1	0	0	2	2	Mico_humeralifer	Callithrix_jacchus	Alouatta_palliata,Chiropotes_albinasus,Cacajao_calvus,Ateles_geoffroyi
CNGA1	pla.cfg	126	K/R	0.0420907365878902	pattern1	1	1	0	0	2	2	Chiropotes_albinasus	Cacajao_calvus	Alouatta_palliata,Mico_humeralifer,Ateles_geoffroyi,Callithrix_jacchus
COL27A1	pla.cfg	234	S/R	0.0381306865177832	pattern1	1	1	0	0	2	2	Alouatta_palliata	Ateles_geoffroyi	Mico_humeralifer,Chiropotes_albinasus,Cacajao_calvus,Callithrix_jacchus
COL4A6	pla.cfg	773	GM/V	0.0400768014249861	pattern3	2	2	0	0	1	1	Alouatta_palliata,Chiropotes_albinasus	Ateles_geoffroyi,Cacajao_calvus	Mico_humeralifer,Callithrix_jacchus
COL4A6	pla.cfg	1005	K/EQ	0.0193762170786942	pattern2	2	2	0	0	1	1	Alouatta_palliata,Chiropotes_albinasus	Ateles_geoffroyi,Cacajao_calvus	Mico_humeralifer,Callithrix_jacchus
COL5A3	pla.cfg	1432	L/P	0.0444292549555707	pattern1	1	1	0	0	2	2	Alouatta_palliata	Ateles_geoffroyi	Mico_humeralifer,Chiropotes_albinasus,Cacajao_calvus,Callithrix_jacchus
COL7A1	pla.cfg	2028	TV/E	0.0002014894242529	pattern3	2	2	0	0	1	1	Alouatta_palliata,Mico_humeralifer	Ateles_geoffroyi,Callithrix_jacchus	Chiropotes_albinasus,Cacajao_calvus
CPAMD8	pla.cfg	919	G/D	0.021188370072021	pattern1	2	2	1	1	0	0	Alouatta_palliata,Chiropotes_albinasus	Ateles_geoffroyi,Cacajao_calvus	-
CPN2	pla.cfg	243	R/K	0.0418705199681419	pattern1	1	1	0	0	2	2	Mico_humeralifer	Callithrix_jacchus	Alouatta_palliata,Chiropotes_albinasus,Cacajao_calvus,Ateles_geoffroyi
CPNE5	pla.cfg	565	T/A	0.0310863874345549	pattern1	1	1	0	0	2	2	Alouatta_palliata	Ateles_geoffroyi	Chiropotes_albinasus,Mico_humeralifer,Cacajao_calvus,Callithrix_jacchus
CRCP	pla.cfg	87	HN/D	0.0091281440451852	pattern3	2	2	0	0	1	1	Chiropotes_albinasus,Mico_humeralifer	Cacajao_calvus,Callithrix_jacchus	Alouatta_palliata,Ateles_geoffroyi
CREB3L3	pla.cfg	153	A/T	0.0319130584785233	pattern1	1	1	0	0	2	2	Alouatta_palliata	Ateles_geoffroyi	Chiropotes_albinasus,Mico_humeralifer,Cacajao_calvus,Callithrix_jacchus
CROCC2	pla.cfg	247	LS/P	0.0155755260443845	pattern3	2	2	0	0	1	1	Alouatta_palliata,Mico_humeralifer	Ateles_geoffroyi,Callithrix_jacchus	Chiropotes_albinasus,Cacajao_calvus
CRYBG3	pla.cfg	567	D/AEN	0.0002616372695033	pattern2	3	3	0	0	0	0	Alouatta_palliata,Chiropotes_albinasus,Mico_humeralifer	Ateles_geoffroyi,Cacajao_calvus,Callithrix_jacchus	-
CRYBG3	pla.cfg	2074	LV/I	0.0024986567821368	pattern3	3	3	0	0	0	0	Alouatta_palliata,Chiropotes_albinasus,Mico_humeralifer	Ateles_geoffroyi,Cacajao_calvus,Callithrix_jacchus	-
CSN3	pla.cfg	145	V/I	0.0408045977011494	pattern1	1	1	0	0	2	2	Mico_humeralifer	Callithrix_jacchus	Alouatta_palliata,Chiropotes_albinasus,Cacajao_calvus,Ateles_geoffroyi
CSPP1	pla.cfg	466	Q/R	0.0165084390352805	pattern1	2	2	0	0	1	1	Chiropotes_albinasus,Mico_humeralifer	Cacajao_calvus,Callithrix_jacchus	Alouatta_palliata,Ateles_geoffroyi
CST6	pla.cfg	30	R/CP	0.0133896240885025	pattern2	2	2	0	0	1	1	Alouatta_palliata,Mico_humeralifer	Ateles_geoffroyi,Callithrix_jacchus	Chiropotes_albinasus,Cacajao_calvus
CTBP2	pla.cfg	396	DS/P	0.0004676121289817	pattern3	2	2	0	0	1	1	Alouatta_palliata,Mico_humeralifer	Ateles_geoffroyi,Callithrix_jacchus	Chiropotes_albinasus,Cacajao_calvus
CTH	pla.cfg	283	W/R	0.0294725252676338	pattern1	3	3	0	0	0	0	Alouatta_palliata,Chiropotes_albinasus,Mico_humeralifer	Ateles_geoffroyi,Cacajao_calvus,Callithrix_jacchus	-
CUTA	pla.cfg	95	M/V	0.0319093286835222	pattern1	1	1	0	0	2	2	Chiropotes_albinasus	Cacajao_calvus	Alouatta_palliata,Mico_humeralifer,Callithrix_jacchus,Ateles_geoffroyi
CXCR1	pla.cfg	102	R/CH	0.0250163737925705	pattern2	2	2	0	0	1	1	Alouatta_palliata,Chiropotes_albinasus	Ateles_geoffroyi,Cacajao_calvus	Mico_humeralifer,Callithrix_jacchus
CXorf49B	pla.cfg	223	Q/HR	0.0340581782076889	pattern2	2	2	0	0	1	1	Chiropotes_albinasus,Mico_humeralifer	Cacajao_calvus,Callithrix_jacchus	Alouatta_palliata,Ateles_geoffroyi
CXorf65	pla.cfg	71	C/R	0.0171859236881704	pattern1	2	2	0	0	1	1	Alouatta_palliata,Chiropotes_albinasus	Ateles_geoffroyi,Cacajao_calvus	Mico_humeralifer,Callithrix_jacchus
CXorf65	pla.cfg	92	L/P	0.0171859236881704	pattern1	2	2	0	0	1	1	Alouatta_palliata,Chiropotes_albinasus	Ateles_geoffroyi,Cacajao_calvus	Mico_humeralifer,Callithrix_jacchus
CYP4B1	pla.cfg	243	R/CH	0.009326790489853	pattern2	2	2	0	0	1	1	Alouatta_palliata,Chiropotes_albinasus	Ateles_geoffroyi,Cacajao_calvus	Mico_humeralifer,Callithrix_jacchus
CYSRT1	pla.cfg	98	R/Q	0.0246646094677716	pattern1	2	2	0	0	1	1	Alouatta_palliata,Chiropotes_albinasus	Ateles_geoffroyi,Cacajao_calvus	Mico_humeralifer,Callithrix_jacchus
DACT2	pla.cfg	618	G/S	0.0352349104064137	pattern1	2	2	0	0	1	1	Alouatta_palliata,Mico_humeralifer	Ateles_geoffroyi,Callithrix_jacchus	Chiropotes_albinasus,Cacajao_calvus
DAG1	pla.cfg	706	T/M	0.0310763602097712	pattern1	3	3	0	0	0	0	Alouatta_palliata,Chiropotes_albinasus,Mico_humeralifer	Ateles_geoffroyi,Cacajao_calvus,Callithrix_jacchus	-
DCSTAMP	pla.cfg	57	MNT/I	0.020572177560134	pattern3	3	3	0	0	0	0	Alouatta_palliata,Chiropotes_albinasus,Mico_humeralifer	Ateles_geoffroyi,Cacajao_calvus,Callithrix_jacchus	-
DDX60L	pla.cfg	348	S/GN	0.0110917267327338	pattern2	2	2	0	0	1	1	Alouatta_palliata,Chiropotes_albinasus	Ateles_geoffroyi,Cacajao_calvus	Mico_humeralifer,Callithrix_jacchus
DENND3	pla.cfg	72	S/G	0.0315735578564114	pattern1	1	1	0	0	2	2	Alouatta_palliata	Ateles_geoffroyi	Chiropotes_albinasus,Mico_humeralifer,Callithrix_jacchus,Cacajao_calvus
DLEC1	pla.cfg	1043	CH/R	0.0156605361834553	pattern3	2	2	0	0	1	1	Alouatta_palliata,Mico_humeralifer	Ateles_geoffroyi,Callithrix_jacchus	Chiropotes_albinasus,Cacajao_calvus
DLEC1	pla.cfg	1388	PT/A	0.0017260661096592	pattern3	2	2	0	0	1	1	Alouatta_palliata,Mico_humeralifer	Ateles_geoffroyi,Callithrix_jacchus	Chiropotes_albinasus,Cacajao_calvus
DMD	pla.cfg	1681	V/M	0.0497586803966859	pattern1	2	2	0	0	1	1	Alouatta_palliata,Chiropotes_albinasus	Ateles_geoffroyi,Cacajao_calvus	Mico_humeralifer,Callithrix_jacchus
DNAH14	pla.cfg	3019	R/C	0.0425398811385674	pattern1	1	1	0	0	2	2	Alouatta_palliata	Ateles_geoffroyi	Chiropotes_albinasus,Mico_humeralifer,Cacajao_calvus,Callithrix_jacchus
DNAH17	pla.cfg	533	A/T	0.0213784008066334	pattern1	2	2	0	0	1	1	Alouatta_palliata,Mico_humeralifer	Ateles_geoffroyi,Callithrix_jacchus	Chiropotes_albinasus,Cacajao_calvus
DNAH3	pla.cfg	522	T/A	0.0269513501078864	pattern1	2	2	0	0	1	1	Alouatta_palliata,Chiropotes_albinasus	Ateles_geoffroyi,Cacajao_calvus	Mico_humeralifer,Callithrix_jacchus
DNAH3	pla.cfg	1848	I/V	0.0061531834378506	pattern1	2	2	0	0	1	1	Alouatta_palliata,Chiropotes_albinasus	Ateles_geoffroyi,Cacajao_calvus	Mico_humeralifer,Callithrix_jacchus
DNAH3	pla.cfg	2052	CN/S	0.0199172254263649	pattern3	2	2	0	0	1	1	Alouatta_palliata,Chiropotes_albinasus	Ateles_geoffroyi,Cacajao_calvus	Mico_humeralifer,Callithrix_jacchus
DNAJC17	pla.cfg	117	T/S	0.0399056774895701	pattern1	1	1	0	0	2	2	Alouatta_palliata	Ateles_geoffroyi	Chiropotes_albinasus,Mico_humeralifer,Callithrix_jacchus,Cacajao_calvus
DOCK11	pla.cfg	1689	V/I	0.0418705199681419	pattern1	1	1	0	0	2	2	Alouatta_palliata	Ateles_geoffroyi	Chiropotes_albinasus,Mico_humeralifer,Cacajao_calvus,Callithrix_jacchus
DOCK6	pla.cfg	1164	D/E	0.0436995654872749	pattern1	1	1	0	0	2	2	Mico_humeralifer	Callithrix_jacchus	Chiropotes_albinasus,Alouatta_palliata,Cacajao_calvus,Ateles_geoffroyi
DOCK6	pla.cfg	1392	V/L	0.0329608938547486	pattern1	1	1	0	0	2	2	Mico_humeralifer	Callithrix_jacchus	Chiropotes_albinasus,Alouatta_palliata,Cacajao_calvus,Ateles_geoffroyi
DTHD1	pla.cfg	198	Y/H	0.0425398811385674	pattern1	1	1	0	0	2	2	Mico_humeralifer	Callithrix_jacchus	Alouatta_palliata,Chiropotes_albinasus,Ateles_geoffroyi,Cacajao_calvus
DUSP11	pla.cfg	0	SV/G	0.0029097737156238	pattern3	2	2	1	1	0	0	Chiropotes_albinasus,Mico_humeralifer	Cacajao_calvus,Callithrix_jacchus	-
DYTN	pla.cfg	219	R/QW	0.0031260019437159	pattern2	3	3	0	0	0	0	Alouatta_palliata,Chiropotes_albinasus,Mico_humeralifer	Ateles_geoffroyi,Cacajao_calvus,Callithrix_jacchus	-
EDNRB	pla.cfg	369	F/L	0.0358525009127418	pattern1	1	1	0	0	2	2	Alouatta_palliata	Ateles_geoffroyi	Chiropotes_albinasus,Mico_humeralifer,Cacajao_calvus,Callithrix_jacchus
EFCAB13	pla.cfg	32	S/P	0.04224049331963	pattern1	1	1	0	0	2	2	Mico_humeralifer	Callithrix_jacchus	Alouatta_palliata,Chiropotes_albinasus,Ateles_geoffroyi,Cacajao_calvus
EFCAB13	pla.cfg	105	T/N	0.04224049331963	pattern1	1	1	0	0	2	2	Mico_humeralifer	Callithrix_jacchus	Alouatta_palliata,Chiropotes_albinasus,Ateles_geoffroyi,Cacajao_calvus
EFCAB13	pla.cfg	242	E/D	0.04224049331963	pattern1	1	1	0	0	2	2	Mico_humeralifer	Callithrix_jacchus	Alouatta_palliata,Chiropotes_albinasus,Ateles_geoffroyi,Cacajao_calvus
EGFL7	pla.cfg	11	T/M	0.0246018578922906	pattern1	2	2	0	0	1	1	Alouatta_palliata,Mico_humeralifer	Ateles_geoffroyi,Callithrix_jacchus	Chiropotes_albinasus,Cacajao_calvus
ELSPBP1	pla.cfg	7	F/L	0.0470384532140538	pattern1	1	1	0	0	2	2	Chiropotes_albinasus	Cacajao_calvus	Mico_humeralifer,Alouatta_palliata,Ateles_geoffroyi,Callithrix_jacchus
ELSPBP1	pla.cfg	132	W/R	0.0470384532140538	pattern1	1	1	0	0	2	2	Chiropotes_albinasus	Cacajao_calvus	Mico_humeralifer,Alouatta_palliata,Ateles_geoffroyi,Callithrix_jacchus
ELSPBP1	pla.cfg	135	Y/C	0.0472548878147319	pattern1	1	1	0	0	2	2	Chiropotes_albinasus	Cacajao_calvus	Mico_humeralifer,Alouatta_palliata,Ateles_geoffroyi,Callithrix_jacchus
EMILIN3	pla.cfg	19	A/V	0.0253561879526817	pattern1	2	2	0	0	1	1	Alouatta_palliata,Mico_humeralifer	Ateles_geoffroyi,Callithrix_jacchus	Chiropotes_albinasus,Cacajao_calvus
EMILIN3	pla.cfg	196	S/T	0.0035833043660761	pattern1	2	2	0	0	1	1	Alouatta_palliata,Mico_humeralifer	Ateles_geoffroyi,Callithrix_jacchus	Chiropotes_albinasus,Cacajao_calvus
EPHA2	pla.cfg	492	T/I	0.0078459868632256	pattern1	2	2	0	0	1	1	Alouatta_palliata,Mico_humeralifer	Ateles_geoffroyi,Callithrix_jacchus	Chiropotes_albinasus,Cacajao_calvus
EPHB6	pla.cfg	229	A/ST	0.0261724683765392	pattern2	2	2	0	0	1	1	Alouatta_palliata,Mico_humeralifer	Ateles_geoffroyi,Callithrix_jacchus	Chiropotes_albinasus,Cacajao_calvus
EPSTI1	pla.cfg	51	S/N	0.0481708702567598	pattern1	1	1	0	0	2	2	Chiropotes_albinasus	Cacajao_calvus	Alouatta_palliata,Mico_humeralifer,Callithrix_jacchus,Ateles_geoffroyi
EPSTI1	pla.cfg	121	L/F	0.0481708702567598	pattern1	1	1	0	0	2	2	Chiropotes_albinasus	Cacajao_calvus	Alouatta_palliata,Mico_humeralifer,Callithrix_jacchus,Ateles_geoffroyi
ERAP2	pla.cfg	499	S/P	0.0434622467771639	pattern1	1	1	0	0	2	2	Chiropotes_albinasus	Cacajao_calvus	Mico_humeralifer,Alouatta_palliata,Callithrix_jacchus,Ateles_geoffroyi
EVC	pla.cfg	330	GLM/V	0.0098992200600712	pattern3	3	3	0	0	0	0	Alouatta_palliata,Chiropotes_albinasus,Mico_humeralifer	Ateles_geoffroyi,Cacajao_calvus,Callithrix_jacchus	-
EXD3	pla.cfg	355	K/E	0.0468571428571428	pattern1	1	1	0	0	2	2	Mico_humeralifer	Callithrix_jacchus	Alouatta_palliata,Chiropotes_albinasus,Cacajao_calvus,Ateles_geoffroyi
EXOC3L2	pla.cfg	284	C/FS	0.0027116547590115	pattern2	2	2	0	0	1	1	Alouatta_palliata,Mico_humeralifer	Ateles_geoffroyi,Callithrix_jacchus	Chiropotes_albinasus,Cacajao_calvus
FAAH2	pla.cfg	321	GI/V	0.0420328751347907	pattern3	2	2	0	0	1	1	Alouatta_palliata,Mico_humeralifer	Ateles_geoffroyi,Callithrix_jacchus	Chiropotes_albinasus,Cacajao_calvus
FAM110C	pla.cfg	59	E/Q	0.0350803043110735	pattern1	1	1	0	0	2	2	Mico_humeralifer	Callithrix_jacchus	Alouatta_palliata,Chiropotes_albinasus,Ateles_geoffroyi,Cacajao_calvus
FAM122A	pla.cfg	14	R/W	0.0322523164647184	pattern1	1	1	0	0	2	2	Mico_humeralifer	Callithrix_jacchus	Alouatta_palliata,Chiropotes_albinasus,Cacajao_calvus,Ateles_geoffroyi
FAM149A	pla.cfg	642	Q/R	0.0066214557359101	pattern1	2	2	0	0	1	1	Alouatta_palliata,Mico_humeralifer	Ateles_geoffroyi,Callithrix_jacchus	Chiropotes_albinasus,Cacajao_calvus
FAM170B	pla.cfg	199	R/H	0.046763615625891	pattern1	1	1	0	0	2	2	Chiropotes_albinasus	Cacajao_calvus	Mico_humeralifer,Alouatta_palliata,Callithrix_jacchus,Ateles_geoffroyi
FAM170B	pla.cfg	219	H/R	0.046763615625891	pattern1	1	1	0	0	2	2	Chiropotes_albinasus	Cacajao_calvus	Mico_humeralifer,Alouatta_palliata,Callithrix_jacchus,Ateles_geoffroyi
FAM170B	pla.cfg	235	L/M	0.046763615625891	pattern1	1	1	0	0	2	2	Chiropotes_albinasus	Cacajao_calvus	Mico_humeralifer,Alouatta_palliata,Callithrix_jacchus,Ateles_geoffroyi
FAM184B	pla.cfg	176	R/Q	0.0210790882816949	pattern1	2	2	0	0	1	1	Alouatta_palliata,Mico_humeralifer	Ateles_geoffroyi,Callithrix_jacchus	Chiropotes_albinasus,Cacajao_calvus
FAM186B	pla.cfg	785	KQ/E	0.0050113049784923	pattern3	2	2	0	0	1	1	Alouatta_palliata,Mico_humeralifer	Ateles_geoffroyi,Callithrix_jacchus	Chiropotes_albinasus,Cacajao_calvus
FAM200B	pla.cfg	558	HR/Q	0.0073729800631513	pattern3	2	2	0	0	1	1	Alouatta_palliata,Chiropotes_albinasus	Ateles_geoffroyi,Cacajao_calvus	Mico_humeralifer,Callithrix_jacchus
FAM205C	pla.cfg	179	A/ET	0.0011239263736459	pattern2	2	2	0	0	1	1	Alouatta_palliata,Chiropotes_albinasus	Ateles_geoffroyi,Cacajao_calvus	Mico_humeralifer,Callithrix_jacchus
FAM234A	pla.cfg	326	L/V	0.035920177383592	pattern1	1	1	0	0	2	2	Mico_humeralifer	Callithrix_jacchus	Chiropotes_albinasus,Alouatta_palliata,Cacajao_calvus,Ateles_geoffroyi
FAM71E2	pla.cfg	38	H/R	0.0087480773682098	pattern1	2	2	0	0	1	1	Alouatta_palliata,Mico_humeralifer	Ateles_geoffroyi,Callithrix_jacchus	Chiropotes_albinasus,Cacajao_calvus
FAT3	pla.cfg	748	I/MR	0.0020382978665121	pattern2	2	2	0	0	1	1	Alouatta_palliata,Mico_humeralifer	Ateles_geoffroyi,Callithrix_jacchus	Chiropotes_albinasus,Cacajao_calvus
FBF1	pla.cfg	493	GV/A	0.0016138914768013	pattern3	2	2	0	0	1	1	Alouatta_palliata,Mico_humeralifer	Ateles_geoffroyi,Callithrix_jacchus	Chiropotes_albinasus,Cacajao_calvus
FBLIM1	pla.cfg	85	P/GL	0.0421308990000667	pattern2	2	2	0	0	1	1	Alouatta_palliata,Chiropotes_albinasus	Ateles_geoffroyi,Cacajao_calvus	Mico_humeralifer,Callithrix_jacchus
FBN3	pla.cfg	290	H/R	0.0362294173834935	pattern1	2	2	0	0	1	1	Alouatta_palliata,Mico_humeralifer	Ateles_geoffroyi,Callithrix_jacchus	Chiropotes_albinasus,Cacajao_calvus
FBN3	pla.cfg	659	R/Q	0.0255001954394021	pattern1	2	2	0	0	1	1	Alouatta_palliata,Mico_humeralifer	Ateles_geoffroyi,Callithrix_jacchus	Chiropotes_albinasus,Cacajao_calvus
FBXW5	pla.cfg	317	R/C	0.0224897684793171	pattern1	2	2	0	0	1	1	Alouatta_palliata,Mico_humeralifer	Ateles_geoffroyi,Callithrix_jacchus	Chiropotes_albinasus,Cacajao_calvus
FCHSD1	pla.cfg	220	N/D	0.0005908638717352	pattern1	2	2	0	0	1	1	Alouatta_palliata,Mico_humeralifer	Ateles_geoffroyi,Callithrix_jacchus	Chiropotes_albinasus,Cacajao_calvus
FES	pla.cfg	353	V/A	0.0279296586375055	pattern1	2	2	0	0	1	1	Alouatta_palliata,Mico_humeralifer	Ateles_geoffroyi,Callithrix_jacchus	Chiropotes_albinasus,Cacajao_calvus
FIGNL2	pla.cfg	348	P/S	0.0464919695688926	pattern1	1	1	0	0	2	2	Mico_humeralifer	Callithrix_jacchus	Alouatta_palliata,Chiropotes_albinasus,Cacajao_calvus,Ateles_geoffroyi
FIGNL2	pla.cfg	595	Q/H	0.0350803043110735	pattern1	1	1	0	0	2	2	Mico_humeralifer	Callithrix_jacchus	Alouatta_palliata,Chiropotes_albinasus,Cacajao_calvus,Ateles_geoffroyi
FKBP6	pla.cfg	15	SX/A	0.0009549459088065	pattern3	2	2	0	0	1	1	Chiropotes_albinasus,Mico_humeralifer	Cacajao_calvus,Callithrix_jacchus	Alouatta_palliata,Ateles_geoffroyi
FLNB	pla.cfg	1042	E/KQ	0.0274201678797374	pattern2	3	3	0	0	0	0	Alouatta_palliata,Chiropotes_albinasus,Mico_humeralifer	Ateles_geoffroyi,Cacajao_calvus,Callithrix_jacchus	-
FMNL1	pla.cfg	38	N/S	0.0023343207234867	pattern1	2	2	0	0	1	1	Alouatta_palliata,Mico_humeralifer	Ateles_geoffroyi,Callithrix_jacchus	Chiropotes_albinasus,Cacajao_calvus
FMNL1	pla.cfg	503	S/P	0.0084597510816729	pattern1	2	2	0	0	1	1	Alouatta_palliata,Mico_humeralifer	Ateles_geoffroyi,Callithrix_jacchus	Chiropotes_albinasus,Cacajao_calvus
FMR1NB	pla.cfg	171	GK/R	0.0198756643549069	pattern3	2	2	0	0	1	1	Alouatta_palliata,Chiropotes_albinasus	Ateles_geoffroyi,Cacajao_calvus	Mico_humeralifer,Callithrix_jacchus
FMR1NB	pla.cfg	172	MV/I	0.0145834501103224	pattern3	2	2	0	0	1	1	Alouatta_palliata,Chiropotes_albinasus	Ateles_geoffroyi,Cacajao_calvus	Mico_humeralifer,Callithrix_jacchus
FNDC11	pla.cfg	189	A/V	0.0114350786506387	pattern1	2	2	0	0	1	1	Alouatta_palliata,Mico_humeralifer	Ateles_geoffroyi,Callithrix_jacchus	Chiropotes_albinasus,Cacajao_calvus
FRAT1	pla.cfg	265	L/P	0.0377266046055855	pattern1	1	1	0	0	2	2	Mico_humeralifer	Callithrix_jacchus	Alouatta_palliata,Chiropotes_albinasus,Ateles_geoffroyi,Cacajao_calvus
FREM3	pla.cfg	8	T/IR	0.0276681336942498	pattern2	2	2	0	0	1	1	Chiropotes_albinasus,Mico_humeralifer	Cacajao_calvus,Callithrix_jacchus	Alouatta_palliata,Ateles_geoffroyi
FREM3	pla.cfg	91	PW/R	0.006938960880787	pattern3	2	2	0	0	1	1	Chiropotes_albinasus,Mico_humeralifer	Cacajao_calvus,Callithrix_jacchus	Alouatta_palliata,Ateles_geoffroyi
FSCB	pla.cfg	40	N/Y	0.0475355969331872	pattern1	1	1	0	0	2	2	Alouatta_palliata	Ateles_geoffroyi	Mico_humeralifer,Chiropotes_albinasus,Callithrix_jacchus,Cacajao_calvus
GAA	pla.cfg	849	Q/R	0.0101564314213937	pattern1	2	2	0	0	1	1	Alouatta_palliata,Mico_humeralifer	Ateles_geoffroyi,Callithrix_jacchus	Chiropotes_albinasus,Cacajao_calvus
GABRA3	pla.cfg	474	A/S	0.0408031088082901	pattern1	1	1	0	0	2	2	Chiropotes_albinasus	Cacajao_calvus	Alouatta_palliata,Mico_humeralifer,Ateles_geoffroyi,Callithrix_jacchus
GABRQ	pla.cfg	304	V/M	0.009344326893991	pattern1	2	2	0	0	1	1	Alouatta_palliata,Chiropotes_albinasus	Ateles_geoffroyi,Cacajao_calvus	Mico_humeralifer,Callithrix_jacchus
GABRQ	pla.cfg	375	PR/H	0.0461806561309095	pattern3	2	2	0	0	1	1	Alouatta_palliata,Chiropotes_albinasus	Ateles_geoffroyi,Cacajao_calvus	Mico_humeralifer,Callithrix_jacchus
GAS2L2	pla.cfg	346	Q/PR	0.0447715042990185	pattern2	2	2	1	1	0	0	Alouatta_palliata,Mico_humeralifer	Ateles_geoffroyi,Callithrix_jacchus	-
GATA5	pla.cfg	127	G/A	0.0317405554597205	pattern1	1	1	0	0	2	2	Alouatta_palliata	Ateles_geoffroyi	Mico_humeralifer,Chiropotes_albinasus,Callithrix_jacchus,Cacajao_calvus
GATAD2A	pla.cfg	493	A/TV	0.0060316182342445	pattern2	2	2	0	0	1	1	Alouatta_palliata,Mico_humeralifer	Ateles_geoffroyi,Callithrix_jacchus	Chiropotes_albinasus,Cacajao_calvus
GCOM1	pla.cfg	204	ERT/K	0.002563070281459	pattern3	3	3	0	0	0	0	Alouatta_palliata,Chiropotes_albinasus,Mico_humeralifer	Ateles_geoffroyi,Cacajao_calvus,Callithrix_jacchus	-
GDF5OS	pla.cfg	242	P/L	0.0499879061517374	pattern1	1	1	0	0	2	2	Mico_humeralifer	Callithrix_jacchus	Chiropotes_albinasus,Alouatta_palliata,Cacajao_calvus,Ateles_geoffroyi
GDPGP1	pla.cfg	242	H/R	0.0040215346916277	pattern1	2	2	0	0	1	1	Alouatta_palliata,Mico_humeralifer	Ateles_geoffroyi,Callithrix_jacchus	Chiropotes_albinasus,Cacajao_calvus
GLRX2	pla.cfg	54	K/RT	0.009046759546421	pattern2	2	2	0	0	1	1	Alouatta_palliata,Chiropotes_albinasus	Ateles_geoffroyi,Cacajao_calvus	Mico_humeralifer,Callithrix_jacchus
GPATCH4	pla.cfg	336	L/S	0.0457722812205941	pattern1	1	1	0	0	2	2	Mico_humeralifer	Callithrix_jacchus	Alouatta_palliata,Chiropotes_albinasus,Ateles_geoffroyi,Cacajao_calvus
GPLD1	pla.cfg	50	E/Q	0.0425398811385674	pattern1	1	1	0	0	2	2	Mico_humeralifer	Callithrix_jacchus	Chiropotes_albinasus,Alouatta_palliata,Cacajao_calvus,Ateles_geoffroyi
GPLD1	pla.cfg	52	L/V	0.0425398811385674	pattern1	1	1	0	0	2	2	Mico_humeralifer	Callithrix_jacchus	Chiropotes_albinasus,Alouatta_palliata,Cacajao_calvus,Ateles_geoffroyi
GPR135	pla.cfg	184	L/S	0.0397242880464357	pattern1	1	1	0	0	2	2	Mico_humeralifer	Callithrix_jacchus	Chiropotes_albinasus,Alouatta_palliata,Ateles_geoffroyi,Cacajao_calvus
GPR135	pla.cfg	378	I/V	0.0397242880464357	pattern1	1	1	0	0	2	2	Mico_humeralifer	Callithrix_jacchus	Chiropotes_albinasus,Alouatta_palliata,Ateles_geoffroyi,Cacajao_calvus
GPR148	pla.cfg	301	P/L	0.0494397759103641	pattern1	1	1	0	0	2	2	Alouatta_palliata	Ateles_geoffroyi	Mico_humeralifer,Chiropotes_albinasus,Cacajao_calvus,Callithrix_jacchus
GPR179	pla.cfg	636	DG/E	0.0385043621995329	pattern3	2	2	0	0	1	1	Alouatta_palliata,Chiropotes_albinasus	Ateles_geoffroyi,Cacajao_calvus	Mico_humeralifer,Callithrix_jacchus
GPR179	pla.cfg	841	D/E	0.0097680215994671	pattern1	2	2	0	0	1	1	Alouatta_palliata,Chiropotes_albinasus	Ateles_geoffroyi,Cacajao_calvus	Mico_humeralifer,Callithrix_jacchus
GPR20	pla.cfg	128	S/G	0.0429952561100102	pattern1	1	1	0	0	2	2	Mico_humeralifer	Callithrix_jacchus	Alouatta_palliata,Chiropotes_albinasus,Cacajao_calvus,Ateles_geoffroyi
GPR20	pla.cfg	261	M/V	0.0324265898036389	pattern1	1	1	0	0	2	2	Mico_humeralifer	Callithrix_jacchus	Alouatta_palliata,Chiropotes_albinasus,Cacajao_calvus,Ateles_geoffroyi
GPR68	pla.cfg	255	A/D	0.0405290505432215	pattern1	1	1	0	0	2	2	Alouatta_palliata	Ateles_geoffroyi	Chiropotes_albinasus,Mico_humeralifer,Cacajao_calvus,Callithrix_jacchus
GPRIN1	pla.cfg	601	GHL/R	0.0262019122666235	pattern3	3	3	0	0	0	0	Alouatta_palliata,Chiropotes_albinasus,Mico_humeralifer	Ateles_geoffroyi,Cacajao_calvus,Callithrix_jacchus	-
GPRIN2	pla.cfg	56	A/T	0.0476952753306603	pattern1	2	2	0	0	1	1	Alouatta_palliata,Mico_humeralifer	Ateles_geoffroyi,Callithrix_jacchus	Chiropotes_albinasus,Cacajao_calvus
GSPT2	pla.cfg	26	A/EG	0.0158457709718817	pattern2	2	2	0	0	1	1	Alouatta_palliata,Chiropotes_albinasus	Ateles_geoffroyi,Cacajao_calvus	Mico_humeralifer,Callithrix_jacchus
GTF2IRD2B	pla.cfg	281	E/DK	0.0001376244353031	pattern2	3	3	0	0	0	0	Alouatta_palliata,Chiropotes_albinasus,Mico_humeralifer	Ateles_geoffroyi,Cacajao_calvus,Callithrix_jacchus	-
HAUS5	pla.cfg	529	Q/K	0.0423132810229584	pattern1	1	1	0	0	2	2	Mico_humeralifer	Callithrix_jacchus	Chiropotes_albinasus,Alouatta_palliata,Ateles_geoffroyi,Cacajao_calvus
HCN3	pla.cfg	751	HL/P	0.0071406594158132	pattern3	2	2	0	0	1	1	Alouatta_palliata,Mico_humeralifer	Ateles_geoffroyi,Callithrix_jacchus	Chiropotes_albinasus,Cacajao_calvus
HEATR9	pla.cfg	544	Q/EH	0.006150173099537	pattern2	2	2	1	1	0	0	Chiropotes_albinasus,Mico_humeralifer	Cacajao_calvus,Callithrix_jacchus	-
HHLA1	pla.cfg	325	A/TV	0.0003496112087782	pattern2	3	3	0	0	0	0	Alouatta_palliata,Chiropotes_albinasus,Mico_humeralifer	Ateles_geoffroyi,Cacajao_calvus,Callithrix_jacchus	-
HMGCS2	pla.cfg	0	S/P	0.0464919695688926	pattern1	1	1	0	0	2	2	Chiropotes_albinasus	Cacajao_calvus	Mico_humeralifer,Alouatta_palliata,Callithrix_jacchus,Ateles_geoffroyi
HMGCS2	pla.cfg	7	L/M	0.0464919695688926	pattern1	1	1	0	0	2	2	Chiropotes_albinasus	Cacajao_calvus	Mico_humeralifer,Alouatta_palliata,Callithrix_jacchus,Ateles_geoffroyi
HPS6	pla.cfg	179	CL/R	0.0048847976571978	pattern3	2	2	0	0	1	1	Alouatta_palliata,Mico_humeralifer	Ateles_geoffroyi,Callithrix_jacchus	Chiropotes_albinasus,Cacajao_calvus
HS6ST1	pla.cfg	389	T/A	0.0050837194131621	pattern1	2	2	0	0	1	1	Alouatta_palliata,Mico_humeralifer	Ateles_geoffroyi,Callithrix_jacchus	Chiropotes_albinasus,Cacajao_calvus
HSPG2	pla.cfg	258	P/L	0.0315735578564114	pattern1	1	1	0	0	2	2	Mico_humeralifer	Callithrix_jacchus	Alouatta_palliata,Chiropotes_albinasus,Cacajao_calvus,Ateles_geoffroyi
HSPG2	pla.cfg	2407	I/V	0.0418705199681419	pattern1	1	1	0	0	2	2	Mico_humeralifer	Callithrix_jacchus	Alouatta_palliata,Chiropotes_albinasus,Cacajao_calvus,Ateles_geoffroyi
HSPG2	pla.cfg	3740	V/A	0.0420411878484469	pattern1	1	1	0	0	2	2	Mico_humeralifer	Callithrix_jacchus	Alouatta_palliata,Chiropotes_albinasus,Cacajao_calvus,Ateles_geoffroyi
HVCN1	pla.cfg	149	H/R	0.0001946072096697	pattern1	3	3	0	0	0	0	Alouatta_palliata,Chiropotes_albinasus,Mico_humeralifer	Ateles_geoffroyi,Cacajao_calvus,Callithrix_jacchus	-
IFT27	pla.cfg	59	L/A	0.0469774736241802	pattern1	1	1	0	0	2	2	Chiropotes_albinasus	Cacajao_calvus	Alouatta_palliata,Mico_humeralifer,Ateles_geoffroyi,Callithrix_jacchus
IGFN1	pla.cfg	405	G/DV	0.0213319558877296	pattern2	2	2	0	0	1	1	Alouatta_palliata,Mico_humeralifer	Ateles_geoffroyi,Callithrix_jacchus	Chiropotes_albinasus,Cacajao_calvus
IGSF10	pla.cfg	745	HS/P	0.0022823583185027	pattern3	3	3	0	0	0	0	Alouatta_palliata,Chiropotes_albinasus,Mico_humeralifer	Ateles_geoffroyi,Cacajao_calvus,Callithrix_jacchus	-
IL18RAP	pla.cfg	575	RV/G	0.0275558507932518	pattern3	2	2	0	0	1	1	Alouatta_palliata,Chiropotes_albinasus	Ateles_geoffroyi,Cacajao_calvus	Mico_humeralifer,Callithrix_jacchus
IL23R	pla.cfg	511	R/K	0.0306078100557607	pattern1	2	2	0	0	1	1	Alouatta_palliata,Chiropotes_albinasus	Ateles_geoffroyi,Cacajao_calvus	Mico_humeralifer,Callithrix_jacchus
IL33	pla.cfg	55	R/Q	0.0215377420003904	pattern1	3	3	0	0	0	0	Alouatta_palliata,Chiropotes_albinasus,Mico_humeralifer	Ateles_geoffroyi,Cacajao_calvus,Callithrix_jacchus	-
INS-IGF2	pla.cfg	14	V/A	0.0369565217391304	pattern1	1	1	0	0	2	2	Alouatta_palliata	Ateles_geoffroyi	Mico_humeralifer,Chiropotes_albinasus,Cacajao_calvus,Callithrix_jacchus
INTS1	pla.cfg	56	T/A	0.0315735578564114	pattern1	1	1	0	0	2	2	Mico_humeralifer	Callithrix_jacchus	Chiropotes_albinasus,Alouatta_palliata,Ateles_geoffroyi,Cacajao_calvus
INTS1	pla.cfg	1749	S/T	0.0418705199681419	pattern1	1	1	0	0	2	2	Mico_humeralifer	Callithrix_jacchus	Chiropotes_albinasus,Alouatta_palliata,Ateles_geoffroyi,Cacajao_calvus
IQCF1	pla.cfg	83	R/Q	0.0427144535840188	pattern1	1	1	0	0	2	2	Mico_humeralifer	Callithrix_jacchus	Alouatta_palliata,Chiropotes_albinasus,Cacajao_calvus,Ateles_geoffroyi
IQSEC3	pla.cfg	461	DV/A	0.0342079822240427	pattern3	2	2	0	0	1	1	Alouatta_palliata,Mico_humeralifer	Ateles_geoffroyi,Callithrix_jacchus	Chiropotes_albinasus,Cacajao_calvus
IRS1	pla.cfg	965	A/TV	0.0034988850106651	pattern2	2	2	0	0	1	1	Alouatta_palliata,Mico_humeralifer	Ateles_geoffroyi,Callithrix_jacchus	Chiropotes_albinasus,Cacajao_calvus
IRS4	pla.cfg	869	K/EI	0.0269184596331164	pattern2	2	2	0	0	1	1	Alouatta_palliata,Mico_humeralifer	Ateles_geoffroyi,Callithrix_jacchus	Chiropotes_albinasus,Cacajao_calvus
ITGB2	pla.cfg	21	G/S	0.0034884835027681	pattern1	2	2	0	0	1	1	Alouatta_palliata,Mico_humeralifer	Ateles_geoffroyi,Callithrix_jacchus	Chiropotes_albinasus,Cacajao_calvus
KCNH6	pla.cfg	665	R/Q	0.015916444578974	pattern1	2	2	0	0	1	1	Alouatta_palliata,Mico_humeralifer	Ateles_geoffroyi,Callithrix_jacchus	Chiropotes_albinasus,Cacajao_calvus
KCNK4	pla.cfg	319	L/P	0.042943692088382	pattern1	1	1	0	0	2	2	Mico_humeralifer	Callithrix_jacchus	Alouatta_palliata,Chiropotes_albinasus,Cacajao_calvus,Ateles_geoffroyi
KCNMB3	pla.cfg	131	F/L	0.041083916083916	pattern1	1	1	0	0	2	2	Mico_humeralifer	Callithrix_jacchus	Alouatta_palliata,Chiropotes_albinasus,Cacajao_calvus,Ateles_geoffroyi
KCNU1	pla.cfg	806	P/L	0.0298841634978646	pattern1	2	2	0	0	1	1	Alouatta_palliata,Chiropotes_albinasus	Ateles_geoffroyi,Cacajao_calvus	Mico_humeralifer,Callithrix_jacchus
KCNU1	pla.cfg	824	D/GH	0.0082626639848747	pattern2	2	2	0	0	1	1	Alouatta_palliata,Chiropotes_albinasus	Ateles_geoffroyi,Cacajao_calvus	Mico_humeralifer,Callithrix_jacchus
KCP	pla.cfg	75	T/A	0.0143953507028318	pattern1	2	2	0	0	1	1	Alouatta_palliata,Mico_humeralifer	Ateles_geoffroyi,Callithrix_jacchus	Chiropotes_albinasus,Cacajao_calvus
KIAA0556	pla.cfg	189	D/N	0.0425381903642773	pattern1	1	1	0	0	2	2	Mico_humeralifer	Callithrix_jacchus	Chiropotes_albinasus,Alouatta_palliata,Ateles_geoffroyi,Cacajao_calvus
KIAA0556	pla.cfg	611	G/E	0.0427732079905992	pattern1	1	1	0	0	2	2	Mico_humeralifer	Callithrix_jacchus	Chiropotes_albinasus,Alouatta_palliata,Ateles_geoffroyi,Cacajao_calvus
KIAA0556	pla.cfg	1080	Q/H	0.0320799059929494	pattern1	1	1	0	0	2	2	Mico_humeralifer	Callithrix_jacchus	Chiropotes_albinasus,Alouatta_palliata,Ateles_geoffroyi,Cacajao_calvus
KIAA0556	pla.cfg	1354	S/A	0.0322561692126909	pattern1	1	1	0	0	2	2	Mico_humeralifer	Callithrix_jacchus	Chiropotes_albinasus,Alouatta_palliata,Ateles_geoffroyi,Cacajao_calvus
KIAA1210	pla.cfg	544	L/IP	0.0324959294470889	pattern2	2	2	0	0	1	1	Alouatta_palliata,Chiropotes_albinasus	Ateles_geoffroyi,Cacajao_calvus	Mico_humeralifer,Callithrix_jacchus
KIAA1586	pla.cfg	246	HR/C	0.0443788670474337	pattern3	2	2	0	0	1	1	Alouatta_palliata,Chiropotes_albinasus	Ateles_geoffroyi,Cacajao_calvus	Mico_humeralifer,Callithrix_jacchus
KIAA1614	pla.cfg	661	L/P	0.0454454853498106	pattern1	1	1	0	0	2	2	Mico_humeralifer	Callithrix_jacchus	Alouatta_palliata,Chiropotes_albinasus,Cacajao_calvus,Ateles_geoffroyi
KIAA2013	pla.cfg	419	I/V	0.032780847145488	pattern1	1	1	0	0	2	2	Mico_humeralifer	Callithrix_jacchus	Alouatta_palliata,Chiropotes_albinasus,Cacajao_calvus,Ateles_geoffroyi
KIF2B	pla.cfg	135	LS/P	0.0073962415188425	pattern3	2	2	0	0	1	1	Alouatta_palliata,Chiropotes_albinasus	Ateles_geoffroyi,Cacajao_calvus	Mico_humeralifer,Callithrix_jacchus
KIF7	pla.cfg	731	R/Q	0.0340871121153729	pattern1	2	2	0	0	1	1	Alouatta_palliata,Mico_humeralifer	Ateles_geoffroyi,Callithrix_jacchus	Chiropotes_albinasus,Cacajao_calvus
KIFC2	pla.cfg	151	G/DR	0.0476976990697589	pattern2	1	2	1	0	1	1	Alouatta_palliata	Ateles_geoffroyi,Callithrix_jacchus	Chiropotes_albinasus,Cacajao_calvus
KLHL29	pla.cfg	239	S/G	0.0315735578564114	pattern1	1	1	0	0	2	2	Mico_humeralifer	Callithrix_jacchus	Chiropotes_albinasus,Alouatta_palliata,Ateles_geoffroyi,Cacajao_calvus
KRBA1	pla.cfg	738	G/S	0.0293119827386017	pattern1	2	2	0	0	1	1	Alouatta_palliata,Mico_humeralifer	Ateles_geoffroyi,Callithrix_jacchus	Chiropotes_albinasus,Cacajao_calvus
KRBA2	pla.cfg	39	E/K	0.0425398811385674	pattern1	1	1	0	0	2	2	Mico_humeralifer	Callithrix_jacchus	Alouatta_palliata,Chiropotes_albinasus,Cacajao_calvus,Ateles_geoffroyi
KRBA2	pla.cfg	123	K/R	0.0425398811385674	pattern1	1	1	0	0	2	2	Mico_humeralifer	Callithrix_jacchus	Alouatta_palliata,Chiropotes_albinasus,Cacajao_calvus,Ateles_geoffroyi
LAMC3	pla.cfg	346	R/QW	0.0199860972159739	pattern2	2	2	0	0	1	1	Alouatta_palliata,Mico_humeralifer	Ateles_geoffroyi,Callithrix_jacchus	Chiropotes_albinasus,Cacajao_calvus
LARGE2	pla.cfg	467	H/R	0.0315154451373111	pattern1	2	2	0	0	1	1	Alouatta_palliata,Mico_humeralifer	Ateles_geoffroyi,Callithrix_jacchus	Chiropotes_albinasus,Cacajao_calvus
LARGE2	pla.cfg	639	V/M	0.0190691280359817	pattern1	2	2	0	0	1	1	Alouatta_palliata,Mico_humeralifer	Ateles_geoffroyi,Callithrix_jacchus	Chiropotes_albinasus,Cacajao_calvus
LARS2	pla.cfg	482	T/A	0.0208666005651297	pattern1	3	3	0	0	0	0	Alouatta_palliata,Chiropotes_albinasus,Mico_humeralifer	Ateles_geoffroyi,Cacajao_calvus,Callithrix_jacchus	-
LAYN	pla.cfg	100	QR/H	0.0096700850576996	pattern3	3	3	0	0	0	0	Alouatta_palliata,Chiropotes_albinasus,Mico_humeralifer	Ateles_geoffroyi,Cacajao_calvus,Callithrix_jacchus	-
LDLRAD1	pla.cfg	55	CH/R	0.0084906933055449	pattern3	3	3	0	0	0	0	Alouatta_palliata,Chiropotes_albinasus,Mico_humeralifer	Ateles_geoffroyi,Cacajao_calvus,Callithrix_jacchus	-
LINGO3	pla.cfg	446	A/V	0.0399889685603971	pattern1	1	1	0	0	2	2	Mico_humeralifer	Callithrix_jacchus	Alouatta_palliata,Chiropotes_albinasus,Cacajao_calvus,Ateles_geoffroyi
LIPJ	pla.cfg	9	Y/C	0.0436995654872749	pattern1	1	1	0	0	2	2	Alouatta_palliata	Ateles_geoffroyi	Chiropotes_albinasus,Mico_humeralifer,Callithrix_jacchus,Cacajao_calvus
LNPEP	pla.cfg	630	K/EQ	0.0001514253188689	pattern2	3	3	0	0	0	0	Alouatta_palliata,Chiropotes_albinasus,Mico_humeralifer	Ateles_geoffroyi,Cacajao_calvus,Callithrix_jacchus	-
LONRF3	pla.cfg	203	LW/R	0.0092021681798552	pattern3	2	2	0	0	1	1	Alouatta_palliata,Chiropotes_albinasus	Ateles_geoffroyi,Cacajao_calvus	Mico_humeralifer,Callithrix_jacchus
LONRF3	pla.cfg	584	A/P	0.0079760846709856	pattern1	2	2	0	0	1	1	Alouatta_palliata,Chiropotes_albinasus	Ateles_geoffroyi,Cacajao_calvus	Mico_humeralifer,Callithrix_jacchus
LRCH4	pla.cfg	447	T/M	0.0303658633317575	pattern1	2	2	0	0	1	1	Alouatta_palliata,Chiropotes_albinasus	Ateles_geoffroyi,Cacajao_calvus	Mico_humeralifer,Callithrix_jacchus
LRFN3	pla.cfg	595	Q/P	0.0023954557796784	pattern1	2	2	0	0	1	1	Alouatta_palliata,Mico_humeralifer	Ateles_geoffroyi,Callithrix_jacchus	Chiropotes_albinasus,Cacajao_calvus
LRP5	pla.cfg	829	A/T	0.0447483307652799	pattern1	1	1	0	0	2	2	Mico_humeralifer	Callithrix_jacchus	Chiropotes_albinasus,Alouatta_palliata,Cacajao_calvus,Ateles_geoffroyi
LRRC25	pla.cfg	177	T/A	0.042943692088382	pattern1	1	1	0	0	2	2	Mico_humeralifer	Callithrix_jacchus	Alouatta_palliata,Chiropotes_albinasus,Ateles_geoffroyi,Cacajao_calvus
LRRC27	pla.cfg	161	Q/KR	0.0047999274355054	pattern2	2	2	0	0	1	1	Alouatta_palliata,Chiropotes_albinasus	Ateles_geoffroyi,Cacajao_calvus	Mico_humeralifer,Callithrix_jacchus
LRRC66	pla.cfg	751	P/LS	0.0225650125577623	pattern2	3	3	0	0	0	0	Alouatta_palliata,Chiropotes_albinasus,Mico_humeralifer	Ateles_geoffroyi,Cacajao_calvus,Callithrix_jacchus	-
LSR	pla.cfg	386	N/D	0.0410122164048865	pattern1	1	1	0	0	2	2	Alouatta_palliata	Ateles_geoffroyi	Mico_humeralifer,Chiropotes_albinasus,Cacajao_calvus,Callithrix_jacchus
LTF	pla.cfg	11	I/V	0.0315735578564114	pattern1	1	1	0	0	2	2	Mico_humeralifer	Callithrix_jacchus	Alouatta_palliata,Chiropotes_albinasus,Ateles_geoffroyi,Cacajao_calvus
MAMLD1	pla.cfg	798	Q/K	0.0329036218538981	pattern1	1	1	0	0	2	2	Alouatta_palliata	Ateles_geoffroyi	Chiropotes_albinasus,Mico_humeralifer,Cacajao_calvus,Callithrix_jacchus
MAN2C1	pla.cfg	585	R/CH	0.0276580843853814	pattern2	2	2	0	0	1	1	Alouatta_palliata,Mico_humeralifer	Ateles_geoffroyi,Callithrix_jacchus	Chiropotes_albinasus,Cacajao_calvus
MAP1A	pla.cfg	37	ER/G	0.0074988006801856	pattern3	2	2	0	0	1	1	Alouatta_palliata,Mico_humeralifer	Ateles_geoffroyi,Callithrix_jacchus	Chiropotes_albinasus,Cacajao_calvus
MAP3K10	pla.cfg	796	V/M	0.0101123471018632	pattern1	2	2	0	0	1	1	Alouatta_palliata,Mico_humeralifer	Ateles_geoffroyi,Callithrix_jacchus	Chiropotes_albinasus,Cacajao_calvus
MAP7D3	pla.cfg	429	R/Q	0.0163769099545658	pattern1	2	2	0	0	1	1	Alouatta_palliata,Mico_humeralifer	Ateles_geoffroyi,Callithrix_jacchus	Chiropotes_albinasus,Cacajao_calvus
MAPK15	pla.cfg	361	AC/P	0.0458546252189548	pattern3	2	2	0	0	1	1	Alouatta_palliata,Mico_humeralifer	Ateles_geoffroyi,Callithrix_jacchus	Chiropotes_albinasus,Cacajao_calvus
MAST4	pla.cfg	1016	A/S	0.0338916256157635	pattern1	1	1	0	0	2	2	Mico_humeralifer	Callithrix_jacchus	Chiropotes_albinasus,Alouatta_palliata,Ateles_geoffroyi,Cacajao_calvus
MCF2	pla.cfg	465	S/GN	0.0041144726640304	pattern2	2	2	0	0	1	1	Alouatta_palliata,Chiropotes_albinasus	Ateles_geoffroyi,Cacajao_calvus	Mico_humeralifer,Callithrix_jacchus
MCM3AP	pla.cfg	1813	PR/T	0.0077828299579359	pattern3	2	2	0	0	1	1	Chiropotes_albinasus,Mico_humeralifer	Cacajao_calvus,Callithrix_jacchus	Alouatta_palliata,Ateles_geoffroyi
MCM3AP	pla.cfg	1871	T/AM	0.0260669091904789	pattern2	2	2	0	0	1	1	Chiropotes_albinasus,Mico_humeralifer	Cacajao_calvus,Callithrix_jacchus	Alouatta_palliata,Ateles_geoffroyi
MCOLN1	pla.cfg	194	L/P	0.0095426151688031	pattern1	2	2	0	0	1	1	Alouatta_palliata,Mico_humeralifer	Ateles_geoffroyi,Callithrix_jacchus	Chiropotes_albinasus,Cacajao_calvus
MCUR1	pla.cfg	132	A/S	0.0091334577079409	pattern1	2	2	0	0	1	1	Alouatta_palliata,Mico_humeralifer	Ateles_geoffroyi,Callithrix_jacchus	Chiropotes_albinasus,Cacajao_calvus
MEGF8	pla.cfg	521	R/Q	0.0435310545807783	pattern1	1	1	0	0	2	2	Alouatta_palliata	Ateles_geoffroyi	Chiropotes_albinasus,Mico_humeralifer,Cacajao_calvus,Callithrix_jacchus
METRN	pla.cfg	93	P/A	0.0344804409194784	pattern1	1	1	0	0	2	2	Alouatta_palliata	Ateles_geoffroyi	Mico_humeralifer,Chiropotes_albinasus,Cacajao_calvus,Callithrix_jacchus
MGMT	pla.cfg	51	QR/W	0.0406576466991463	pattern3	2	2	0	0	1	1	Alouatta_palliata,Chiropotes_albinasus	Ateles_geoffroyi,Cacajao_calvus	Mico_humeralifer,Callithrix_jacchus
MICALL1	pla.cfg	124	LS/P	0.0158363656632983	pattern3	2	2	0	0	1	1	Alouatta_palliata,Mico_humeralifer	Ateles_geoffroyi,Callithrix_jacchus	Chiropotes_albinasus,Cacajao_calvus
MICALL1	pla.cfg	152	I/T	0.0426101831901641	pattern1	2	2	0	0	1	1	Alouatta_palliata,Mico_humeralifer	Ateles_geoffroyi,Callithrix_jacchus	Chiropotes_albinasus,Cacajao_calvus
MKRN3	pla.cfg	469	R/QW	0.0377025469345378	pattern2	2	2	0	0	1	1	Alouatta_palliata,Mico_humeralifer	Ateles_geoffroyi,Callithrix_jacchus	Chiropotes_albinasus,Cacajao_calvus
MMP25	pla.cfg	381	L/M	0.0315735578564114	pattern1	1	1	0	0	2	2	Mico_humeralifer	Callithrix_jacchus	Alouatta_palliata,Chiropotes_albinasus,Cacajao_calvus,Ateles_geoffroyi
MMP25	pla.cfg	521	R/Q	0.0315735578564114	pattern1	1	1	0	0	2	2	Mico_humeralifer	Callithrix_jacchus	Alouatta_palliata,Chiropotes_albinasus,Cacajao_calvus,Ateles_geoffroyi
MMP25	pla.cfg	534	L/P	0.0315735578564114	pattern1	1	1	0	0	2	2	Mico_humeralifer	Callithrix_jacchus	Alouatta_palliata,Chiropotes_albinasus,Cacajao_calvus,Ateles_geoffroyi
MN1	pla.cfg	711	A/S	0.042943692088382	pattern1	1	1	0	0	2	2	Mico_humeralifer	Callithrix_jacchus	Alouatta_palliata,Chiropotes_albinasus,Cacajao_calvus,Ateles_geoffroyi
MPHOSPH9	pla.cfg	208	ST/N	0.0040302498089717	pattern3	2	2	0	0	1	1	Alouatta_palliata,Chiropotes_albinasus	Ateles_geoffroyi,Cacajao_calvus	Mico_humeralifer,Callithrix_jacchus
MRGPRD	pla.cfg	83	V/AM	0.0191786882196293	pattern2	3	3	0	0	0	0	Alouatta_palliata,Chiropotes_albinasus,Mico_humeralifer	Ateles_geoffroyi,Cacajao_calvus,Callithrix_jacchus	-
MROH2A	pla.cfg	792	V/I	0.0378899232402417	pattern1	1	1	0	0	2	2	Alouatta_palliata	Ateles_geoffroyi	Mico_humeralifer,Chiropotes_albinasus,Cacajao_calvus,Callithrix_jacchus
MROH2A	pla.cfg	830	Q/L	0.0378899232402417	pattern1	1	1	0	0	2	2	Alouatta_palliata	Ateles_geoffroyi	Mico_humeralifer,Chiropotes_albinasus,Cacajao_calvus,Callithrix_jacchus
MROH2A	pla.cfg	1266	G/E	0.0378899232402417	pattern1	1	1	0	0	2	2	Alouatta_palliata	Ateles_geoffroyi	Mico_humeralifer,Chiropotes_albinasus,Cacajao_calvus,Callithrix_jacchus
MROH2A	pla.cfg	1615	W/R	0.0378899232402417	pattern1	1	1	0	0	2	2	Alouatta_palliata	Ateles_geoffroyi	Mico_humeralifer,Chiropotes_albinasus,Cacajao_calvus,Callithrix_jacchus
MROH6	pla.cfg	560	CL/R	0.0005764005486275	pattern3	2	2	0	0	1	1	Alouatta_palliata,Mico_humeralifer	Ateles_geoffroyi,Callithrix_jacchus	Chiropotes_albinasus,Cacajao_calvus
MS4A14	pla.cfg	361	I/T	0.0469774736241802	pattern1	1	1	0	0	2	2	Alouatta_palliata	Ateles_geoffroyi	Chiropotes_albinasus,Mico_humeralifer,Cacajao_calvus,Callithrix_jacchus
MS4A18	pla.cfg	103	M/T	0.0104211007120414	pattern1	3	3	0	0	0	0	Alouatta_palliata,Chiropotes_albinasus,Mico_humeralifer	Ateles_geoffroyi,Cacajao_calvus,Callithrix_jacchus	-
MTCL1	pla.cfg	26	Q/H	0.035920177383592	pattern1	1	1	0	0	2	2	Mico_humeralifer	Callithrix_jacchus	Alouatta_palliata,Chiropotes_albinasus,Cacajao_calvus,Ateles_geoffroyi
MTCL1	pla.cfg	98	G/C	0.0475979305247598	pattern1	1	1	0	0	2	2	Mico_humeralifer	Callithrix_jacchus	Alouatta_palliata,Chiropotes_albinasus,Cacajao_calvus,Ateles_geoffroyi
MTCL1	pla.cfg	506	R/K	0.0436995654872749	pattern1	1	1	0	0	2	2	Mico_humeralifer	Callithrix_jacchus	Alouatta_palliata,Chiropotes_albinasus,Cacajao_calvus,Ateles_geoffroyi
MTCL1	pla.cfg	1080	D/E	0.0436995654872749	pattern1	1	1	0	0	2	2	Mico_humeralifer	Callithrix_jacchus	Alouatta_palliata,Chiropotes_albinasus,Cacajao_calvus,Ateles_geoffroyi
MTCL1	pla.cfg	1687	Q/H	0.0436995654872749	pattern1	1	1	0	0	2	2	Mico_humeralifer	Callithrix_jacchus	Alouatta_palliata,Chiropotes_albinasus,Cacajao_calvus,Ateles_geoffroyi
MTCL1	pla.cfg	1770	V/I	0.0436995654872749	pattern1	1	1	0	0	2	2	Mico_humeralifer	Callithrix_jacchus	Alouatta_palliata,Chiropotes_albinasus,Cacajao_calvus,Ateles_geoffroyi
MTPAP	pla.cfg	242	DS/N	0.0138672296830395	pattern3	3	3	0	0	0	0	Alouatta_palliata,Chiropotes_albinasus,Mico_humeralifer	Ateles_geoffroyi,Cacajao_calvus,Callithrix_jacchus	-
MYO15A	pla.cfg	253	E/G	0.0397242880464357	pattern1	1	1	0	0	2	2	Mico_humeralifer	Callithrix_jacchus	Alouatta_palliata,Chiropotes_albinasus,Ateles_geoffroyi,Cacajao_calvus
MYO15A	pla.cfg	500	G/R	0.0397242880464357	pattern1	1	1	0	0	2	2	Mico_humeralifer	Callithrix_jacchus	Alouatta_palliata,Chiropotes_albinasus,Ateles_geoffroyi,Cacajao_calvus
MYO15A	pla.cfg	1411	I/V	0.0481708702567598	pattern1	1	1	0	0	2	2	Mico_humeralifer	Callithrix_jacchus	Alouatta_palliata,Chiropotes_albinasus,Ateles_geoffroyi,Cacajao_calvus
MYO15A	pla.cfg	2012	R/G	0.0483980913428766	pattern1	1	1	0	0	2	2	Mico_humeralifer	Callithrix_jacchus	Alouatta_palliata,Chiropotes_albinasus,Ateles_geoffroyi,Cacajao_calvus
MYO15A	pla.cfg	2248	A/V	0.0363553737786866	pattern1	1	1	0	0	2	2	Mico_humeralifer	Callithrix_jacchus	Alouatta_palliata,Chiropotes_albinasus,Ateles_geoffroyi,Cacajao_calvus
MYO15A	pla.cfg	2402	I/T	0.0386996904024767	pattern1	1	1	0	0	2	2	Mico_humeralifer	Callithrix_jacchus	Alouatta_palliata,Chiropotes_albinasus,Ateles_geoffroyi,Cacajao_calvus
MYO15B	pla.cfg	194	G/CD	0.0453363470753199	pattern2	2	2	0	0	1	1	Alouatta_palliata,Mico_humeralifer	Ateles_geoffroyi,Callithrix_jacchus	Chiropotes_albinasus,Cacajao_calvus
MYO15B	pla.cfg	1965	M/V	0.0086547653576182	pattern1	2	2	0	0	1	1	Alouatta_palliata,Mico_humeralifer	Ateles_geoffroyi,Callithrix_jacchus	Chiropotes_albinasus,Cacajao_calvus
N4BP2	pla.cfg	871	M/CV	0.0040758927950559	pattern2	3	3	0	0	0	0	Alouatta_palliata,Chiropotes_albinasus,Mico_humeralifer	Ateles_geoffroyi,Cacajao_calvus,Callithrix_jacchus	-
NCKAP5L	pla.cfg	1198	T/A	0.0009747244142571	pattern1	2	2	0	0	1	1	Alouatta_palliata,Mico_humeralifer	Ateles_geoffroyi,Callithrix_jacchus	Chiropotes_albinasus,Cacajao_calvus
NCOR2	pla.cfg	758	S/P	0.0332684702780742	pattern1	1	1	0	0	2	2	Mico_humeralifer	Callithrix_jacchus	Alouatta_palliata,Chiropotes_albinasus,Cacajao_calvus,Ateles_geoffroyi
NCOR2	pla.cfg	1272	D/E	0.032780847145488	pattern1	1	1	0	0	2	2	Mico_humeralifer	Callithrix_jacchus	Alouatta_palliata,Chiropotes_albinasus,Cacajao_calvus,Ateles_geoffroyi
NEBL	pla.cfg	708	I/M	0.0340841140123579	pattern1	1	1	0	0	2	2	Mico_humeralifer	Callithrix_jacchus	Chiropotes_albinasus,Alouatta_palliata,Ateles_geoffroyi,Cacajao_calvus
NEBL	pla.cfg	884	R/H	0.0322523164647184	pattern1	1	1	0	0	2	2	Mico_humeralifer	Callithrix_jacchus	Chiropotes_albinasus,Alouatta_palliata,Ateles_geoffroyi,Cacajao_calvus
NEIL1	pla.cfg	191	E/K	0.0449261083743842	pattern1	1	1	0	0	2	2	Mico_humeralifer	Callithrix_jacchus	Chiropotes_albinasus,Alouatta_palliata,Ateles_geoffroyi,Cacajao_calvus
NEK5	pla.cfg	41	MV/I	0.0120415442188543	pattern3	2	2	0	0	1	1	Alouatta_palliata,Chiropotes_albinasus	Ateles_geoffroyi,Cacajao_calvus	Mico_humeralifer,Callithrix_jacchus
NES	pla.cfg	66	V/L	0.0432274907413028	pattern1	1	1	0	0	2	2	Mico_humeralifer	Callithrix_jacchus	Chiropotes_albinasus,Alouatta_palliata,Cacajao_calvus,Ateles_geoffroyi
NES	pla.cfg	455	L/P	0.0434096290449881	pattern1	1	1	0	0	2	2	Mico_humeralifer	Callithrix_jacchus	Chiropotes_albinasus,Alouatta_palliata,Cacajao_calvus,Ateles_geoffroyi
NES	pla.cfg	1076	E/K	0.0432274907413028	pattern1	1	1	0	0	2	2	Mico_humeralifer	Callithrix_jacchus	Chiropotes_albinasus,Alouatta_palliata,Cacajao_calvus,Ateles_geoffroyi
NES	pla.cfg	1398	G/V	0.043646408839779	pattern1	1	1	0	0	2	2	Mico_humeralifer	Callithrix_jacchus	Chiropotes_albinasus,Alouatta_palliata,Cacajao_calvus,Ateles_geoffroyi
NEUROG1	pla.cfg	32	S/A	0.0315735578564114	pattern1	1	1	0	0	2	2	Mico_humeralifer	Callithrix_jacchus	Chiropotes_albinasus,Alouatta_palliata,Cacajao_calvus,Ateles_geoffroyi
NIPSNAP3B	pla.cfg	118	E/K	0.0479808076769292	pattern1	1	1	0	0	2	2	Mico_humeralifer	Callithrix_jacchus	Alouatta_palliata,Chiropotes_albinasus,Ateles_geoffroyi,Cacajao_calvus
NIPSNAP3B	pla.cfg	213	Q/K	0.0479808076769292	pattern1	1	1	0	0	2	2	Mico_humeralifer	Callithrix_jacchus	Alouatta_palliata,Chiropotes_albinasus,Ateles_geoffroyi,Cacajao_calvus
NKAPL	pla.cfg	23	ST/P	0.0119413490543101	pattern3	2	2	0	0	1	1	Alouatta_palliata,Chiropotes_albinasus	Ateles_geoffroyi,Cacajao_calvus	Mico_humeralifer,Callithrix_jacchus
NKTR	pla.cfg	1133	I/RTV	0.0146763735109914	pattern2	3	3	0	0	0	0	Alouatta_palliata,Chiropotes_albinasus,Mico_humeralifer	Ateles_geoffroyi,Cacajao_calvus,Callithrix_jacchus	-
NLRC3	pla.cfg	32	AM/T	0.0061205558710904	pattern3	2	2	0	0	1	1	Alouatta_palliata,Mico_humeralifer	Ateles_geoffroyi,Callithrix_jacchus	Chiropotes_albinasus,Cacajao_calvus
NLRC3	pla.cfg	1072	T/M	0.0250454761858895	pattern1	2	2	0	0	1	1	Alouatta_palliata,Mico_humeralifer	Ateles_geoffroyi,Callithrix_jacchus	Chiropotes_albinasus,Cacajao_calvus
NLRP12	pla.cfg	898	QW/R	0.0430773472297395	pattern3	2	2	0	0	1	1	Alouatta_palliata,Chiropotes_albinasus	Ateles_geoffroyi,Cacajao_calvus	Mico_humeralifer,Callithrix_jacchus
NOP14	pla.cfg	648	G/S	0.0071406594158132	pattern1	2	2	0	0	1	1	Alouatta_palliata,Mico_humeralifer	Ateles_geoffroyi,Callithrix_jacchus	Chiropotes_albinasus,Cacajao_calvus
NOXO1	pla.cfg	106	TV/A	0.0033570624175129	pattern3	2	2	0	0	1	1	Alouatta_palliata,Mico_humeralifer	Ateles_geoffroyi,Callithrix_jacchus	Chiropotes_albinasus,Cacajao_calvus
NPAP1	pla.cfg	143	AD/V	0.0171557972809744	pattern3	2	2	0	0	1	1	Alouatta_palliata,Mico_humeralifer	Ateles_geoffroyi,Callithrix_jacchus	Chiropotes_albinasus,Cacajao_calvus
NPC1	pla.cfg	1251	H/R	0.0172400226018571	pattern1	2	2	0	0	1	1	Chiropotes_albinasus,Mico_humeralifer	Cacajao_calvus,Callithrix_jacchus	Alouatta_palliata,Ateles_geoffroyi
NRP2	pla.cfg	578	V/AM	0.006996564540074	pattern2	3	3	0	0	0	0	Alouatta_palliata,Chiropotes_albinasus,Mico_humeralifer	Ateles_geoffroyi,Cacajao_calvus,Callithrix_jacchus	-
NSMCE3	pla.cfg	52	G/S	0.0365068545027645	pattern1	1	1	0	0	2	2	Mico_humeralifer	Callithrix_jacchus	Chiropotes_albinasus,Alouatta_palliata,Ateles_geoffroyi,Cacajao_calvus
NUDT7	pla.cfg	88	CH/R	0.0139868252172431	pattern3	3	3	0	0	0	0	Alouatta_palliata,Chiropotes_albinasus,Mico_humeralifer	Ateles_geoffroyi,Cacajao_calvus,Callithrix_jacchus	-
OR13H1	pla.cfg	151	Y/H	0.0352865697177074	pattern1	1	1	0	0	2	2	Chiropotes_albinasus	Cacajao_calvus	Mico_humeralifer,Alouatta_palliata,Ateles_geoffroyi,Callithrix_jacchus
OR5P2	pla.cfg	263	M/L	0.046136811023622	pattern1	1	1	0	0	2	2	Mico_humeralifer	Callithrix_jacchus	Alouatta_palliata,Chiropotes_albinasus,Ateles_geoffroyi,Cacajao_calvus
OSBPL5	pla.cfg	57	GS/R	0.0045900963892433	pattern3	2	2	0	0	1	1	Alouatta_palliata,Mico_humeralifer	Ateles_geoffroyi,Callithrix_jacchus	Chiropotes_albinasus,Cacajao_calvus
P2RY6	pla.cfg	71	V/I	0.0377266046055855	pattern1	1	1	0	0	2	2	Mico_humeralifer	Callithrix_jacchus	Chiropotes_albinasus,Alouatta_palliata,Cacajao_calvus,Ateles_geoffroyi
P2RY6	pla.cfg	124	T/I	0.0499755022048015	pattern1	1	1	0	0	2	2	Mico_humeralifer	Callithrix_jacchus	Chiropotes_albinasus,Alouatta_palliata,Cacajao_calvus,Ateles_geoffroyi
PAOX	pla.cfg	481	PQ/R	0.0120976153843471	pattern3	3	3	0	0	0	0	Alouatta_palliata,Chiropotes_albinasus,Mico_humeralifer	Ateles_geoffroyi,Cacajao_calvus,Callithrix_jacchus	-
PAPPA2	pla.cfg	247	QW/R	0.0212835667260037	pattern3	3	3	0	0	0	0	Alouatta_palliata,Chiropotes_albinasus,Mico_humeralifer	Ateles_geoffroyi,Cacajao_calvus,Callithrix_jacchus	-
PAPPA2	pla.cfg	1291	R/GPQ	0.0169827967612689	pattern2	3	3	0	0	0	0	Alouatta_palliata,Chiropotes_albinasus,Mico_humeralifer	Ateles_geoffroyi,Cacajao_calvus,Callithrix_jacchus	-
PARP3	pla.cfg	423	I/V	0.0257186182682759	pattern1	3	3	0	0	0	0	Alouatta_palliata,Chiropotes_albinasus,Mico_humeralifer	Ateles_geoffroyi,Cacajao_calvus,Callithrix_jacchus	-
PASD1	pla.cfg	420	E/K	0.0301675549592388	pattern1	2	2	0	0	1	1	Alouatta_palliata,Chiropotes_albinasus	Ateles_geoffroyi,Cacajao_calvus	Mico_humeralifer,Callithrix_jacchus
PASD1	pla.cfg	509	AL/F	0.01229388406189	pattern3	2	2	0	0	1	1	Alouatta_palliata,Chiropotes_albinasus	Ateles_geoffroyi,Cacajao_calvus	Mico_humeralifer,Callithrix_jacchus
PASD1	pla.cfg	566	LS/P	0.0371719883476339	pattern3	2	2	0	0	1	1	Alouatta_palliata,Chiropotes_albinasus	Ateles_geoffroyi,Cacajao_calvus	Mico_humeralifer,Callithrix_jacchus
PASK	pla.cfg	956	P/AH	0.0392357871181574	pattern2	2	2	0	0	1	1	Alouatta_palliata,Mico_humeralifer	Ateles_geoffroyi,Callithrix_jacchus	Chiropotes_albinasus,Cacajao_calvus
PBX4	pla.cfg	31	FL/I	0.0207144877923896	pattern3	2	2	0	0	1	1	Alouatta_palliata,Chiropotes_albinasus	Ateles_geoffroyi,Cacajao_calvus	Mico_humeralifer,Callithrix_jacchus
PBX4	pla.cfg	250	S/T	0.0141663011272251	pattern1	2	2	0	0	1	1	Alouatta_palliata,Chiropotes_albinasus	Ateles_geoffroyi,Cacajao_calvus	Mico_humeralifer,Callithrix_jacchus
PCDH8	pla.cfg	568	Y/F	0.0350803043110735	pattern1	1	1	0	0	2	2	Mico_humeralifer	Callithrix_jacchus	Alouatta_palliata,Chiropotes_albinasus,Cacajao_calvus,Ateles_geoffroyi
PCDHA8	pla.cfg	54	G/E	0.0363553737786866	pattern1	1	1	0	0	2	2	Mico_humeralifer	Callithrix_jacchus	Chiropotes_albinasus,Alouatta_palliata,Cacajao_calvus,Ateles_geoffroyi
PCDHA8	pla.cfg	758	C/S	0.0363553737786866	pattern1	1	1	0	0	2	2	Mico_humeralifer	Callithrix_jacchus	Chiropotes_albinasus,Alouatta_palliata,Cacajao_calvus,Ateles_geoffroyi
PCDHA9	pla.cfg	78	L/R	0.0365769496204278	pattern1	1	1	0	0	2	2	Mico_humeralifer	Callithrix_jacchus	Alouatta_palliata,Chiropotes_albinasus,Cacajao_calvus,Ateles_geoffroyi
PCNX2	pla.cfg	1691	A/SV	0.013292255701379	pattern2	2	2	0	0	1	1	Alouatta_palliata,Mico_humeralifer	Ateles_geoffroyi,Callithrix_jacchus	Chiropotes_albinasus,Cacajao_calvus
PCSK4	pla.cfg	259	R/L	0.0102957435375102	pattern1	2	2	0	0	1	1	Alouatta_palliata,Mico_humeralifer	Ateles_geoffroyi,Callithrix_jacchus	Chiropotes_albinasus,Cacajao_calvus
PCSK5	pla.cfg	1106	R/Q	0.0371984206832527	pattern1	2	2	0	0	1	1	Alouatta_palliata,Chiropotes_albinasus	Ateles_geoffroyi,Cacajao_calvus	Mico_humeralifer,Callithrix_jacchus
PER2	pla.cfg	27	Q/P	0.0046438059199473	pattern1	2	2	0	0	1	1	Alouatta_palliata,Mico_humeralifer	Ateles_geoffroyi,Callithrix_jacchus	Chiropotes_albinasus,Cacajao_calvus
PERM1	pla.cfg	502	C/F	0.0342788009141013	pattern1	1	1	0	0	2	2	Mico_humeralifer	Callithrix_jacchus	Alouatta_palliata,Chiropotes_albinasus,Cacajao_calvus,Ateles_geoffroyi
PERM1	pla.cfg	601	S/P	0.0344132275843527	pattern1	1	1	0	0	2	2	Mico_humeralifer	Callithrix_jacchus	Alouatta_palliata,Chiropotes_albinasus,Cacajao_calvus,Ateles_geoffroyi
PIDD1	pla.cfg	898	R/Q	0.0322523164647184	pattern1	1	1	0	0	2	2	Mico_humeralifer	Callithrix_jacchus	Alouatta_palliata,Chiropotes_albinasus,Ateles_geoffroyi,Cacajao_calvus
PIK3C2G	pla.cfg	1186	HP/Q	0.0032502085750666	pattern3	2	2	1	1	0	0	Alouatta_palliata,Chiropotes_albinasus	Ateles_geoffroyi,Cacajao_calvus	-
PITPNM1	pla.cfg	924	V/L	0.0322523164647184	pattern1	1	1	0	0	2	2	Mico_humeralifer	Callithrix_jacchus	Chiropotes_albinasus,Alouatta_palliata,Ateles_geoffroyi,Cacajao_calvus
PKHD1L1	pla.cfg	530	K/ER	0.0033193437317012	pattern2	2	2	0	0	1	1	Alouatta_palliata,Chiropotes_albinasus	Ateles_geoffroyi,Cacajao_calvus	Mico_humeralifer,Callithrix_jacchus
PKHD1L1	pla.cfg	2214	V/I	0.0331372926063657	pattern1	2	2	0	0	1	1	Alouatta_palliata,Chiropotes_albinasus	Ateles_geoffroyi,Cacajao_calvus	Mico_humeralifer,Callithrix_jacchus
PLCH2	pla.cfg	1201	R/GK	0.0107525120975796	pattern2	2	2	0	0	1	1	Alouatta_palliata,Mico_humeralifer	Ateles_geoffroyi,Callithrix_jacchus	Chiropotes_albinasus,Cacajao_calvus
PLCH2	pla.cfg	1346	AI/T	0.0004822447334158	pattern3	2	2	0	0	1	1	Alouatta_palliata,Mico_humeralifer	Ateles_geoffroyi,Callithrix_jacchus	Chiropotes_albinasus,Cacajao_calvus
PLEC	pla.cfg	777	L/S	0.0427144535840188	pattern1	1	1	0	0	2	2	Mico_humeralifer	Callithrix_jacchus	Chiropotes_albinasus,Alouatta_palliata,Ateles_geoffroyi,Cacajao_calvus
PLEC	pla.cfg	1239	V/I	0.0320799059929494	pattern1	1	1	0	0	2	2	Mico_humeralifer	Callithrix_jacchus	Chiropotes_albinasus,Alouatta_palliata,Ateles_geoffroyi,Cacajao_calvus
PLEC	pla.cfg	1293	R/Q	0.0320799059929494	pattern1	1	1	0	0	2	2	Mico_humeralifer	Callithrix_jacchus	Chiropotes_albinasus,Alouatta_palliata,Ateles_geoffroyi,Cacajao_calvus
PLEC	pla.cfg	1778	Q/L	0.0320799059929494	pattern1	1	1	0	0	2	2	Mico_humeralifer	Callithrix_jacchus	Chiropotes_albinasus,Alouatta_palliata,Ateles_geoffroyi,Cacajao_calvus
PLEC	pla.cfg	2196	A/T	0.0427144535840188	pattern1	1	1	0	0	2	2	Mico_humeralifer	Callithrix_jacchus	Chiropotes_albinasus,Alouatta_palliata,Ateles_geoffroyi,Cacajao_calvus
PLEKHA6	pla.cfg	676	I/MV	0.0251512083051551	pattern2	2	2	0	0	1	1	Alouatta_palliata,Mico_humeralifer	Ateles_geoffroyi,Callithrix_jacchus	Chiropotes_albinasus,Cacajao_calvus
PLEKHG5	pla.cfg	497	H/Q	0.0322523164647184	pattern1	1	1	0	0	2	2	Mico_humeralifer	Callithrix_jacchus	Alouatta_palliata,Chiropotes_albinasus,Cacajao_calvus,Ateles_geoffroyi
PLEKHM1	pla.cfg	740	A/T	0.0338916256157635	pattern1	1	1	0	0	2	2	Mico_humeralifer	Callithrix_jacchus	Alouatta_palliata,Chiropotes_albinasus,Cacajao_calvus,Ateles_geoffroyi
PLIN4	pla.cfg	232	M/LV	0.0463194772699878	pattern2	2	2	0	0	1	1	Alouatta_palliata,Mico_humeralifer	Ateles_geoffroyi,Callithrix_jacchus	Chiropotes_albinasus,Cacajao_calvus
PLIN4	pla.cfg	355	N/DT	0.041475843989591	pattern2	2	2	0	0	1	1	Alouatta_palliata,Mico_humeralifer	Ateles_geoffroyi,Callithrix_jacchus	Chiropotes_albinasus,Cacajao_calvus
PLPPR3	pla.cfg	514	R/M	0.0386996904024767	pattern1	1	1	0	0	2	2	Mico_humeralifer	Callithrix_jacchus	Chiropotes_albinasus,Alouatta_palliata,Ateles_geoffroyi,Cacajao_calvus
PLXNB3	pla.cfg	7	S/P	0.0356395642450039	pattern1	1	1	0	0	2	2	Alouatta_palliata	Ateles_geoffroyi	Chiropotes_albinasus,Mico_humeralifer,Callithrix_jacchus,Cacajao_calvus
PLXNB3	pla.cfg	20	Q/P	0.0356395642450039	pattern1	1	1	0	0	2	2	Alouatta_palliata	Ateles_geoffroyi	Chiropotes_albinasus,Mico_humeralifer,Callithrix_jacchus,Cacajao_calvus
PNPLA7	pla.cfg	828	TV/A	0.0089395310580708	pattern3	2	2	0	0	1	1	Alouatta_palliata,Mico_humeralifer	Ateles_geoffroyi,Callithrix_jacchus	Chiropotes_albinasus,Cacajao_calvus
POLA1	pla.cfg	583	C/Y	0.0168638185316012	pattern1	2	2	0	0	1	1	Alouatta_palliata,Chiropotes_albinasus	Ateles_geoffroyi,Cacajao_calvus	Mico_humeralifer,Callithrix_jacchus
POLB	pla.cfg	315	T/I	0.0068025433599263	pattern1	2	2	0	0	1	1	Alouatta_palliata,Chiropotes_albinasus	Ateles_geoffroyi,Cacajao_calvus	Mico_humeralifer,Callithrix_jacchus
POM121L2	pla.cfg	379	LR/P	0.0207425341970933	pattern3	2	2	0	0	1	1	Alouatta_palliata,Mico_humeralifer	Ateles_geoffroyi,Callithrix_jacchus	Chiropotes_albinasus,Cacajao_calvus
POM121L2	pla.cfg	763	G/RW	0.0030481213283348	pattern2	2	2	0	0	1	1	Alouatta_palliata,Mico_humeralifer	Ateles_geoffroyi,Callithrix_jacchus	Chiropotes_albinasus,Cacajao_calvus
PPP1R3G	pla.cfg	50	D/N	0.010572647471479	pattern1	2	2	0	0	1	1	Alouatta_palliata,Mico_humeralifer	Ateles_geoffroyi,Callithrix_jacchus	Chiropotes_albinasus,Cacajao_calvus
PRAMEF17	pla.cfg	165	F/L	0.0487603305785123	pattern1	1	1	0	0	2	2	Mico_humeralifer	Callithrix_jacchus	Chiropotes_albinasus,Alouatta_palliata,Ateles_geoffroyi,Cacajao_calvus
PRLHR	pla.cfg	49	R/W	0.04224049331963	pattern1	1	1	0	0	2	2	Mico_humeralifer	Callithrix_jacchus	Chiropotes_albinasus,Alouatta_palliata,Ateles_geoffroyi,Cacajao_calvus
PRLHR	pla.cfg	55	N/K	0.04224049331963	pattern1	1	1	0	0	2	2	Mico_humeralifer	Callithrix_jacchus	Chiropotes_albinasus,Alouatta_palliata,Ateles_geoffroyi,Cacajao_calvus
PROB1	pla.cfg	273	G/ER	0.0047296668561591	pattern2	2	2	0	0	1	1	Alouatta_palliata,Mico_humeralifer	Ateles_geoffroyi,Callithrix_jacchus	Chiropotes_albinasus,Cacajao_calvus
PRPS2	pla.cfg	158	V/A	0.0172275367839605	pattern1	2	2	0	0	1	1	Alouatta_palliata,Chiropotes_albinasus	Ateles_geoffroyi,Cacajao_calvus	Mico_humeralifer,Callithrix_jacchus
PRR22	pla.cfg	205	A/DV	0.0098410110028074	pattern2	2	2	0	0	1	1	Alouatta_palliata,Mico_humeralifer	Ateles_geoffroyi,Callithrix_jacchus	Chiropotes_albinasus,Cacajao_calvus
PRR35	pla.cfg	359	E/Q	0.0042007453047424	pattern1	2	2	0	0	1	1	Alouatta_palliata,Mico_humeralifer	Ateles_geoffroyi,Callithrix_jacchus	Chiropotes_albinasus,Cacajao_calvus
PRR35	pla.cfg	368	N/T	0.0226830904520121	pattern1	2	2	0	0	1	1	Alouatta_palliata,Mico_humeralifer	Ateles_geoffroyi,Callithrix_jacchus	Chiropotes_albinasus,Cacajao_calvus
PRRC2B	pla.cfg	1180	S/G	0.0193046618793919	pattern1	2	2	0	0	1	1	Alouatta_palliata,Mico_humeralifer	Ateles_geoffroyi,Callithrix_jacchus	Chiropotes_albinasus,Cacajao_calvus
PRUNE2	pla.cfg	281	ST/A	0.0060776903060823	pattern3	3	3	0	0	0	0	Alouatta_palliata,Chiropotes_albinasus,Mico_humeralifer	Ateles_geoffroyi,Cacajao_calvus,Callithrix_jacchus	-
PRX	pla.cfg	278	P/A	0.0315735578564114	pattern1	1	1	0	0	2	2	Mico_humeralifer	Callithrix_jacchus	Alouatta_palliata,Chiropotes_albinasus,Ateles_geoffroyi,Cacajao_calvus
PRX	pla.cfg	1031	T/M	0.0315735578564114	pattern1	1	1	0	0	2	2	Mico_humeralifer	Callithrix_jacchus	Alouatta_palliata,Chiropotes_albinasus,Ateles_geoffroyi,Cacajao_calvus
PRX	pla.cfg	1091	V/M	0.0315735578564114	pattern1	1	1	0	0	2	2	Mico_humeralifer	Callithrix_jacchus	Alouatta_palliata,Chiropotes_albinasus,Ateles_geoffroyi,Cacajao_calvus
PRX	pla.cfg	1122	M/T	0.0315735578564114	pattern1	1	1	0	0	2	2	Mico_humeralifer	Callithrix_jacchus	Alouatta_palliata,Chiropotes_albinasus,Ateles_geoffroyi,Cacajao_calvus
PTH2R	pla.cfg	504	A/S	0.0017809723425376	pattern1	3	3	0	0	0	0	Alouatta_palliata,Chiropotes_albinasus,Mico_humeralifer	Ateles_geoffroyi,Cacajao_calvus,Callithrix_jacchus	-
PTPRC	pla.cfg	388	FI/V	0.0081480434305447	pattern3	3	3	0	0	0	0	Alouatta_palliata,Chiropotes_albinasus,Mico_humeralifer	Ateles_geoffroyi,Cacajao_calvus,Callithrix_jacchus	-
PTPRJ	pla.cfg	198	HL/R	0.0267658520401181	pattern3	3	3	0	0	0	0	Alouatta_palliata,Chiropotes_albinasus,Mico_humeralifer	Ateles_geoffroyi,Cacajao_calvus,Callithrix_jacchus	-
PTPRN2	pla.cfg	75	A/TV	0.0478941431020807	pattern2	2	2	0	0	1	1	Alouatta_palliata,Mico_humeralifer	Ateles_geoffroyi,Callithrix_jacchus	Chiropotes_albinasus,Cacajao_calvus
PTPRQ	pla.cfg	367	I/V	0.0066545034852192	pattern1	2	2	0	0	1	1	Alouatta_palliata,Chiropotes_albinasus	Ateles_geoffroyi,Cacajao_calvus	Mico_humeralifer,Callithrix_jacchus
PTPRQ	pla.cfg	951	C/Y	0.0315154451373111	pattern1	2	2	0	0	1	1	Alouatta_palliata,Chiropotes_albinasus	Ateles_geoffroyi,Cacajao_calvus	Mico_humeralifer,Callithrix_jacchus
PTX4	pla.cfg	12	CF/Y	0.0497755023876968	pattern3	2	2	0	0	1	1	Alouatta_palliata,Mico_humeralifer	Ateles_geoffroyi,Callithrix_jacchus	Chiropotes_albinasus,Cacajao_calvus
PXN	pla.cfg	290	P/L	0.0447582319920921	pattern1	2	2	0	0	1	1	Alouatta_palliata,Mico_humeralifer	Ateles_geoffroyi,Callithrix_jacchus	Chiropotes_albinasus,Cacajao_calvus
PXN	pla.cfg	772	R/G	0.0212011564896729	pattern1	2	2	0	0	1	1	Alouatta_palliata,Mico_humeralifer	Ateles_geoffroyi,Callithrix_jacchus	Chiropotes_albinasus,Cacajao_calvus
RAB2A	pla.cfg	58	X/R	0.0444292549555707	pattern1	1	1	0	0	2	2	Mico_humeralifer	Callithrix_jacchus	Chiropotes_albinasus,Alouatta_palliata,Ateles_geoffroyi,Cacajao_calvus
RAB44	pla.cfg	102	S/N	0.0420411878484469	pattern1	1	1	0	0	2	2	Mico_humeralifer	Callithrix_jacchus	Chiropotes_albinasus,Alouatta_palliata,Cacajao_calvus,Ateles_geoffroyi
RAD54B	pla.cfg	400	I/V	0.0265600194499948	pattern1	3	3	0	0	0	0	Alouatta_palliata,Chiropotes_albinasus,Mico_humeralifer	Ateles_geoffroyi,Cacajao_calvus,Callithrix_jacchus	-
RADIL	pla.cfg	307	A/G	0.0154976698578711	pattern1	2	2	0	0	1	1	Alouatta_palliata,Mico_humeralifer	Ateles_geoffroyi,Callithrix_jacchus	Chiropotes_albinasus,Cacajao_calvus
RAI1	pla.cfg	1359	AE/G	0.049077419321963	pattern3	2	2	0	0	1	1	Alouatta_palliata,Mico_humeralifer	Ateles_geoffroyi,Callithrix_jacchus	Chiropotes_albinasus,Cacajao_calvus
RASA3	pla.cfg	655	K/R	0.0377266046055855	pattern1	1	1	0	0	2	2	Mico_humeralifer	Callithrix_jacchus	Chiropotes_albinasus,Alouatta_palliata,Cacajao_calvus,Ateles_geoffroyi
RBBP8NL	pla.cfg	408	T/AI	0.0261497383945732	pattern2	3	3	0	0	0	0	Alouatta_palliata,Chiropotes_albinasus,Mico_humeralifer	Ateles_geoffroyi,Cacajao_calvus,Callithrix_jacchus	-
REXO4	pla.cfg	135	R/G	0.0444312263003375	pattern1	2	2	0	0	1	1	Alouatta_palliata,Mico_humeralifer	Ateles_geoffroyi,Callithrix_jacchus	Chiropotes_albinasus,Cacajao_calvus
REXO4	pla.cfg	368	R/Q	0.0005736619540933	pattern1	2	2	0	0	1	1	Alouatta_palliata,Mico_humeralifer	Ateles_geoffroyi,Callithrix_jacchus	Chiropotes_albinasus,Cacajao_calvus
RFX8	pla.cfg	137	V/AE	0.0030384691324326	pattern2	2	2	0	0	1	1	Alouatta_palliata,Chiropotes_albinasus	Ateles_geoffroyi,Cacajao_calvus	Mico_humeralifer,Callithrix_jacchus
RILP	pla.cfg	254	R/L	0.0434622467771639	pattern1	1	1	0	0	2	2	Alouatta_palliata	Ateles_geoffroyi	Mico_humeralifer,Chiropotes_albinasus,Callithrix_jacchus,Cacajao_calvus
RILP	pla.cfg	349	P/S	0.0329036218538981	pattern1	1	1	0	0	2	2	Alouatta_palliata	Ateles_geoffroyi	Mico_humeralifer,Chiropotes_albinasus,Callithrix_jacchus,Cacajao_calvus
RILP	pla.cfg	351	N/K	0.0329036218538981	pattern1	1	1	0	0	2	2	Alouatta_palliata	Ateles_geoffroyi	Mico_humeralifer,Chiropotes_albinasus,Callithrix_jacchus,Cacajao_calvus
RNF114	pla.cfg	7	S/G	0.0136993551744019	pattern1	3	3	0	0	0	0	Alouatta_palliata,Chiropotes_albinasus,Mico_humeralifer	Ateles_geoffroyi,Cacajao_calvus,Callithrix_jacchus	-
RNF224	pla.cfg	47	Q/R	0.0006088511639373	pattern1	2	2	0	0	1	1	Alouatta_palliata,Mico_humeralifer	Ateles_geoffroyi,Callithrix_jacchus	Chiropotes_albinasus,Cacajao_calvus
RP1L1	pla.cfg	540	V/A	0.0356444815866043	pattern1	2	2	0	0	1	1	Alouatta_palliata,Mico_humeralifer	Ateles_geoffroyi,Callithrix_jacchus	Chiropotes_albinasus,Cacajao_calvus
RP1L1	pla.cfg	1138	FS/C	0.0060910052478668	pattern3	2	2	0	0	1	1	Alouatta_palliata,Mico_humeralifer	Ateles_geoffroyi,Callithrix_jacchus	Chiropotes_albinasus,Cacajao_calvus
RSAD2	pla.cfg	167	E/DK	0.000260225175771	pattern2	3	3	0	0	0	0	Alouatta_palliata,Chiropotes_albinasus,Mico_humeralifer	Ateles_geoffroyi,Cacajao_calvus,Callithrix_jacchus	-
RTEL1-TNFRSF6B	pla.cfg	852	V/AM	0.0235818629471546	pattern2	2	2	0	0	1	1	Alouatta_palliata,Mico_humeralifer	Ateles_geoffroyi,Callithrix_jacchus	Chiropotes_albinasus,Cacajao_calvus
RTN4	pla.cfg	117	M/TV	0.0183698526005441	pattern2	2	2	0	0	1	1	Alouatta_palliata,Chiropotes_albinasus	Ateles_geoffroyi,Cacajao_calvus	Mico_humeralifer,Callithrix_jacchus
SAMD11	pla.cfg	589	T/A	0.0432354530715186	pattern1	1	1	1	1	1	1	Mico_humeralifer	Callithrix_jacchus	Chiropotes_albinasus,Cacajao_calvus
SAMM50	pla.cfg	460	T/AIS	0.0307411073651003	pattern2	3	3	0	0	0	0	Alouatta_palliata,Chiropotes_albinasus,Mico_humeralifer	Ateles_geoffroyi,Cacajao_calvus,Callithrix_jacchus	-
SASH1	pla.cfg	864	CH/R	0.0023190510539136	pattern3	3	3	0	0	0	0	Alouatta_palliata,Chiropotes_albinasus,Mico_humeralifer	Ateles_geoffroyi,Cacajao_calvus,Callithrix_jacchus	-
SCAP	pla.cfg	942	Q/K	0.0467032967032967	pattern1	1	1	0	0	2	2	Mico_humeralifer	Callithrix_jacchus	Alouatta_palliata,Chiropotes_albinasus,Ateles_geoffroyi,Cacajao_calvus
SDK1	pla.cfg	1981	A/T	0.0372581800812037	pattern1	1	1	0	0	2	2	Mico_humeralifer	Callithrix_jacchus	Alouatta_palliata,Chiropotes_albinasus,Cacajao_calvus,Ateles_geoffroyi
SDK2	pla.cfg	1302	T/M	0.0456956344349245	pattern1	1	1	0	0	2	2	Mico_humeralifer	Callithrix_jacchus	Alouatta_palliata,Chiropotes_albinasus,Ateles_geoffroyi,Cacajao_calvus
SDK2	pla.cfg	1585	I/V	0.0469774736241802	pattern1	1	1	0	0	2	2	Mico_humeralifer	Callithrix_jacchus	Alouatta_palliata,Chiropotes_albinasus,Ateles_geoffroyi,Cacajao_calvus
SEMA3B	pla.cfg	245	A/T	0.0040462953728649	pattern1	2	2	0	0	1	1	Alouatta_palliata,Mico_humeralifer	Ateles_geoffroyi,Callithrix_jacchus	Chiropotes_albinasus,Cacajao_calvus
SEMA3G	pla.cfg	1	TV/A	0.0132074010283169	pattern3	2	2	0	0	1	1	Alouatta_palliata,Mico_humeralifer	Ateles_geoffroyi,Callithrix_jacchus	Chiropotes_albinasus,Cacajao_calvus
SERPINA6	pla.cfg	395	ALM/V	0.0023243273856162	pattern3	3	3	0	0	0	0	Alouatta_palliata,Chiropotes_albinasus,Mico_humeralifer	Ateles_geoffroyi,Cacajao_calvus,Callithrix_jacchus	-
SERPINA7	pla.cfg	65	T/I	0.0356395642450039	pattern1	1	1	0	0	2	2	Alouatta_palliata	Ateles_geoffroyi	Chiropotes_albinasus,Mico_humeralifer,Callithrix_jacchus,Cacajao_calvus
SETD1B	pla.cfg	1204	A/V	0.0107210031347962	pattern1	2	2	0	0	1	1	Alouatta_palliata,Mico_humeralifer	Ateles_geoffroyi,Callithrix_jacchus	Chiropotes_albinasus,Cacajao_calvus
SHANK2	pla.cfg	1031	TV/A	0.0345668199304645	pattern3	2	2	0	0	1	1	Alouatta_palliata,Mico_humeralifer	Ateles_geoffroyi,Callithrix_jacchus	Chiropotes_albinasus,Cacajao_calvus
SHROOM2	pla.cfg	245	A/ST	0.0191735044552468	pattern2	2	2	0	0	1	1	Alouatta_palliata,Chiropotes_albinasus	Ateles_geoffroyi,Cacajao_calvus	Mico_humeralifer,Callithrix_jacchus
SIGLEC10	pla.cfg	578	R/P	0.0486925849244689	pattern1	1	1	0	0	2	2	Mico_humeralifer	Callithrix_jacchus	Alouatta_palliata,Chiropotes_albinasus,Ateles_geoffroyi,Cacajao_calvus
SIK1	pla.cfg	369	Q/R	0.0319093286835222	pattern1	1	1	0	0	2	2	Mico_humeralifer	Callithrix_jacchus	Chiropotes_albinasus,Alouatta_palliata,Ateles_geoffroyi,Cacajao_calvus
SIPA1L2	pla.cfg	429	S/N	0.018069006934863	pattern1	2	2	0	0	1	1	Alouatta_palliata,Chiropotes_albinasus	Ateles_geoffroyi,Cacajao_calvus	Mico_humeralifer,Callithrix_jacchus
SIX3	pla.cfg	46	S/CG	0.0274335452308461	pattern2	1	2	1	0	1	1	Mico_humeralifer	Ateles_geoffroyi,Callithrix_jacchus	Chiropotes_albinasus,Cacajao_calvus
SLC22A11	pla.cfg	366	GH/R	0.0360083895223405	pattern3	2	2	0	0	1	1	Alouatta_palliata,Mico_humeralifer	Ateles_geoffroyi,Callithrix_jacchus	Chiropotes_albinasus,Cacajao_calvus
SLC25A25	pla.cfg	399	H/R	0.0067966755502107	pattern1	2	2	0	0	1	1	Alouatta_palliata,Mico_humeralifer	Ateles_geoffroyi,Callithrix_jacchus	Chiropotes_albinasus,Cacajao_calvus
SLC2A7	pla.cfg	124	S/C	0.0352865697177074	pattern1	1	1	0	0	2	2	Mico_humeralifer	Callithrix_jacchus	Alouatta_palliata,Chiropotes_albinasus,Cacajao_calvus,Ateles_geoffroyi
SLC38A10	pla.cfg	78	K/T	0.0315735578564114	pattern1	1	1	0	0	2	2	Mico_humeralifer	Callithrix_jacchus	Chiropotes_albinasus,Alouatta_palliata,Ateles_geoffroyi,Cacajao_calvus
SLC38A10	pla.cfg	907	G/D	0.0418705199681419	pattern1	1	1	0	0	2	2	Mico_humeralifer	Callithrix_jacchus	Chiropotes_albinasus,Alouatta_palliata,Ateles_geoffroyi,Cacajao_calvus
SLC4A3	pla.cfg	310	A/G	0.032780847145488	pattern1	1	1	0	0	2	2	Mico_humeralifer	Callithrix_jacchus	Chiropotes_albinasus,Alouatta_palliata,Cacajao_calvus,Ateles_geoffroyi
SLC7A13	pla.cfg	8	H/S	0.0492924528301886	pattern1	1	1	0	0	2	2	Mico_humeralifer	Callithrix_jacchus	Alouatta_palliata,Chiropotes_albinasus,Ateles_geoffroyi,Cacajao_calvus
SLC9C2	pla.cfg	1088	S/N	0.0266802853704001	pattern1	2	2	0	0	1	1	Alouatta_palliata,Chiropotes_albinasus	Ateles_geoffroyi,Cacajao_calvus	Mico_humeralifer,Callithrix_jacchus
SLFN11	pla.cfg	27	AQ/E	0.0104667895894667	pattern3	2	2	0	0	1	1	Chiropotes_albinasus,Mico_humeralifer	Cacajao_calvus,Callithrix_jacchus	Alouatta_palliata,Ateles_geoffroyi
SORCS2	pla.cfg	608	D/E	0.0331429288807984	pattern1	1	1	0	0	2	2	Mico_humeralifer	Callithrix_jacchus	Chiropotes_albinasus,Alouatta_palliata,Cacajao_calvus,Ateles_geoffroyi
SPACA1	pla.cfg	53	I/TV	0.0163594998965883	pattern2	2	2	0	0	1	1	Alouatta_palliata,Mico_humeralifer	Ateles_geoffroyi,Callithrix_jacchus	Chiropotes_albinasus,Cacajao_calvus
SPAG11B	pla.cfg	104	X/C	0.0419452887537993	pattern1	1	1	0	0	2	2	Mico_humeralifer	Callithrix_jacchus	Alouatta_palliata,Chiropotes_albinasus,Ateles_geoffroyi,Cacajao_calvus
SPEN	pla.cfg	1062	S/NT	0.0033533514901353	pattern2	2	2	0	0	1	1	Alouatta_palliata,Mico_humeralifer	Ateles_geoffroyi,Callithrix_jacchus	Chiropotes_albinasus,Cacajao_calvus
SPEN	pla.cfg	1254	NR/S	0.0047375896622939	pattern3	2	2	0	0	1	1	Alouatta_palliata,Mico_humeralifer	Ateles_geoffroyi,Callithrix_jacchus	Chiropotes_albinasus,Cacajao_calvus
SPESP1	pla.cfg	85	AS/T	0.0080450565317212	pattern3	2	2	0	0	1	1	Alouatta_palliata,Mico_humeralifer	Ateles_geoffroyi,Callithrix_jacchus	Chiropotes_albinasus,Cacajao_calvus
SPOCD1	pla.cfg	215	H/Q	0.0310863874345549	pattern1	1	1	0	0	2	2	Alouatta_palliata	Ateles_geoffroyi	Mico_humeralifer,Chiropotes_albinasus,Callithrix_jacchus,Cacajao_calvus
SPOCD1	pla.cfg	1032	S/P	0.0411758289703315	pattern1	1	1	0	0	2	2	Alouatta_palliata	Ateles_geoffroyi	Mico_humeralifer,Chiropotes_albinasus,Callithrix_jacchus,Cacajao_calvus
SPPL2B	pla.cfg	482	A/T	0.0322523164647184	pattern1	1	1	0	0	2	2	Mico_humeralifer	Callithrix_jacchus	Alouatta_palliata,Chiropotes_albinasus,Cacajao_calvus,Ateles_geoffroyi
SPTBN5	pla.cfg	57	T/I	0.0451231527093596	pattern1	1	1	0	0	2	2	Alouatta_palliata	Ateles_geoffroyi	Mico_humeralifer,Chiropotes_albinasus,Callithrix_jacchus,Cacajao_calvus
SPTBN5	pla.cfg	1201	Q/E	0.0338916256157635	pattern1	1	1	0	0	2	2	Alouatta_palliata	Ateles_geoffroyi	Mico_humeralifer,Chiropotes_albinasus,Callithrix_jacchus,Cacajao_calvus
SPTBN5	pla.cfg	1715	R/Q	0.0449261083743842	pattern1	1	1	0	0	2	2	Alouatta_palliata	Ateles_geoffroyi	Mico_humeralifer,Chiropotes_albinasus,Callithrix_jacchus,Cacajao_calvus
SRRM2	pla.cfg	2232	I/LM	0.0054810283786671	pattern2	2	2	0	0	1	1	Alouatta_palliata,Mico_humeralifer	Ateles_geoffroyi,Callithrix_jacchus	Chiropotes_albinasus,Cacajao_calvus
STARD6	pla.cfg	99	D/N	0.0332684702780742	pattern1	1	1	0	0	2	2	Chiropotes_albinasus	Cacajao_calvus	Alouatta_palliata,Mico_humeralifer,Callithrix_jacchus,Ateles_geoffroyi
STARD6	pla.cfg	114	S/T	0.043939489046513	pattern1	1	1	0	0	2	2	Chiropotes_albinasus	Cacajao_calvus	Alouatta_palliata,Mico_humeralifer,Callithrix_jacchus,Ateles_geoffroyi
STARD8	pla.cfg	360	Q/E	0.0310318499127399	pattern1	1	1	0	0	2	2	Alouatta_palliata	Ateles_geoffroyi	Chiropotes_albinasus,Mico_humeralifer,Cacajao_calvus,Callithrix_jacchus
STARD8	pla.cfg	431	V/G	0.0311931661614769	pattern1	1	1	0	0	2	2	Alouatta_palliata	Ateles_geoffroyi	Chiropotes_albinasus,Mico_humeralifer,Cacajao_calvus,Callithrix_jacchus
STK11IP	pla.cfg	960	TV/A	0.0376951839456765	pattern3	2	2	0	0	1	1	Alouatta_palliata,Mico_humeralifer	Ateles_geoffroyi,Callithrix_jacchus	Chiropotes_albinasus,Cacajao_calvus
STPG3	pla.cfg	268	C/R	0.0337175158807037	pattern1	2	2	0	0	1	1	Alouatta_palliata,Mico_humeralifer	Ateles_geoffroyi,Callithrix_jacchus	Chiropotes_albinasus,Cacajao_calvus
SYT8	pla.cfg	47	Q/R	0.0337012987012987	pattern1	1	1	0	0	2	2	Alouatta_palliata	Ateles_geoffroyi	Chiropotes_albinasus,Mico_humeralifer,Cacajao_calvus,Callithrix_jacchus
TACC2	pla.cfg	655	KR/G	0.0095967357762006	pattern3	2	2	0	0	1	1	Alouatta_palliata,Mico_humeralifer	Ateles_geoffroyi,Callithrix_jacchus	Chiropotes_albinasus,Cacajao_calvus
TAF7L	pla.cfg	316	EN/D	0.046821165715382	pattern3	2	2	0	0	1	1	Alouatta_palliata,Chiropotes_albinasus	Ateles_geoffroyi,Cacajao_calvus	Mico_humeralifer,Callithrix_jacchus
TBATA	pla.cfg	122	QW/R	0.019667712538129	pattern3	3	3	0	0	0	0	Alouatta_palliata,Chiropotes_albinasus,Mico_humeralifer	Ateles_geoffroyi,Cacajao_calvus,Callithrix_jacchus	-
TBC1D16	pla.cfg	129	Q/R	0.0098400442891674	pattern1	2	2	0	0	1	1	Alouatta_palliata,Mico_humeralifer	Ateles_geoffroyi,Callithrix_jacchus	Chiropotes_albinasus,Cacajao_calvus
TCEAL2	pla.cfg	124	Y/C	0.0370283018867924	pattern1	1	1	0	0	2	2	Mico_humeralifer	Callithrix_jacchus	Alouatta_palliata,Chiropotes_albinasus,Ateles_geoffroyi,Cacajao_calvus
TCHHL1	pla.cfg	569	R/G	0.0145351389690636	pattern1	2	2	0	0	1	1	Alouatta_palliata,Mico_humeralifer	Ateles_geoffroyi,Callithrix_jacchus	Chiropotes_albinasus,Cacajao_calvus
TCTEX1D4	pla.cfg	68	G/S	0.0143624897938371	pattern1	2	2	0	0	1	1	Alouatta_palliata,Mico_humeralifer	Ateles_geoffroyi,Callithrix_jacchus	Chiropotes_albinasus,Cacajao_calvus
TEX28	pla.cfg	88	GR/S	0.0308889173857023	pattern3	2	2	0	0	1	1	Alouatta_palliata,Chiropotes_albinasus	Ateles_geoffroyi,Cacajao_calvus	Mico_humeralifer,Callithrix_jacchus
TFDP3	pla.cfg	255	EN/K	0.0269280685114003	pattern3	2	2	0	0	1	1	Alouatta_palliata,Chiropotes_albinasus	Ateles_geoffroyi,Cacajao_calvus	Mico_humeralifer,Callithrix_jacchus
TGM4	pla.cfg	292	T/A	0.0298733133313741	pattern1	2	2	0	0	1	1	Alouatta_palliata,Chiropotes_albinasus	Ateles_geoffroyi,Cacajao_calvus	Mico_humeralifer,Callithrix_jacchus
THAP9	pla.cfg	863	IRT/M	0.0040203505314	pattern3	3	3	0	0	0	0	Alouatta_palliata,Chiropotes_albinasus,Mico_humeralifer	Ateles_geoffroyi,Cacajao_calvus,Callithrix_jacchus	-
TIGIT	pla.cfg	75	N/D	0.0331429288807984	pattern1	1	1	0	0	2	2	Alouatta_palliata	Ateles_geoffroyi	Chiropotes_albinasus,Mico_humeralifer,Cacajao_calvus,Callithrix_jacchus
TIGIT	pla.cfg	151	Q/R	0.043939489046513	pattern1	1	1	0	0	2	2	Alouatta_palliata	Ateles_geoffroyi	Chiropotes_albinasus,Mico_humeralifer,Cacajao_calvus,Callithrix_jacchus
TLCD2	pla.cfg	139	R/W	0.0421479229989868	pattern1	1	1	0	0	2	2	Alouatta_palliata	Ateles_geoffroyi	Mico_humeralifer,Chiropotes_albinasus,Cacajao_calvus,Callithrix_jacchus
TMEM181	pla.cfg	6	A/V	0.0418705199681419	pattern1	1	1	0	0	2	2	Chiropotes_albinasus	Cacajao_calvus	Mico_humeralifer,Alouatta_palliata,Callithrix_jacchus,Ateles_geoffroyi
TMEM80	pla.cfg	16	S/N	0.0371855345911949	pattern1	1	1	0	0	2	2	Mico_humeralifer	Callithrix_jacchus	Chiropotes_albinasus,Alouatta_palliata,Cacajao_calvus,Ateles_geoffroyi
TMEM80	pla.cfg	42	V/A	0.0464323007309432	pattern1	1	1	0	0	2	2	Mico_humeralifer	Callithrix_jacchus	Chiropotes_albinasus,Alouatta_palliata,Cacajao_calvus,Ateles_geoffroyi
TMPRSS6	pla.cfg	326	L/V	0.0320799059929494	pattern1	1	1	0	0	2	2	Mico_humeralifer	Callithrix_jacchus	Chiropotes_albinasus,Alouatta_palliata,Ateles_geoffroyi,Cacajao_calvus
TMPRSS6	pla.cfg	437	G/S	0.0425381903642773	pattern1	1	1	0	0	2	2	Mico_humeralifer	Callithrix_jacchus	Chiropotes_albinasus,Alouatta_palliata,Ateles_geoffroyi,Cacajao_calvus
TNFAIP8L1	pla.cfg	162	A/T	0.0339539652397262	pattern1	2	2	0	0	1	1	Alouatta_palliata,Mico_humeralifer	Ateles_geoffroyi,Callithrix_jacchus	Chiropotes_albinasus,Cacajao_calvus
TNIP2	pla.cfg	237	H/R	0.041343276302485	pattern1	2	2	0	0	1	1	Alouatta_palliata,Mico_humeralifer	Ateles_geoffroyi,Callithrix_jacchus	Chiropotes_albinasus,Cacajao_calvus
TNS1	pla.cfg	1339	A/DT	0.0018440178903916	pattern2	2	2	0	0	1	1	Alouatta_palliata,Mico_humeralifer	Ateles_geoffroyi,Callithrix_jacchus	Chiropotes_albinasus,Cacajao_calvus
TPX2	pla.cfg	483	K/R	0.0487577639751552	pattern1	1	1	0	0	2	2	Chiropotes_albinasus	Cacajao_calvus	Mico_humeralifer,Alouatta_palliata,Callithrix_jacchus,Ateles_geoffroyi
TRIM65	pla.cfg	254	G/AE	0.0361400094041902	pattern2	2	2	0	0	1	1	Alouatta_palliata,Mico_humeralifer	Ateles_geoffroyi,Callithrix_jacchus	Chiropotes_albinasus,Cacajao_calvus
TRPM2	pla.cfg	13	E/D	0.0424876489392618	pattern1	1	1	0	0	2	2	Mico_humeralifer	Callithrix_jacchus	Alouatta_palliata,Chiropotes_albinasus,Ateles_geoffroyi,Cacajao_calvus
TRPM2	pla.cfg	1192	D/E	0.0320255739610578	pattern1	1	1	0	0	2	2	Mico_humeralifer	Callithrix_jacchus	Alouatta_palliata,Chiropotes_albinasus,Ateles_geoffroyi,Cacajao_calvus
TRPM2	pla.cfg	1214	F/L	0.0319093286835222	pattern1	1	1	0	0	2	2	Mico_humeralifer	Callithrix_jacchus	Alouatta_palliata,Chiropotes_albinasus,Ateles_geoffroyi,Cacajao_calvus
TRPM2	pla.cfg	1354	A/S	0.0319093286835222	pattern1	1	1	0	0	2	2	Mico_humeralifer	Callithrix_jacchus	Alouatta_palliata,Chiropotes_albinasus,Ateles_geoffroyi,Cacajao_calvus
TSPAN19	pla.cfg	31	G/S	0.0416541804015582	pattern1	1	1	0	0	2	2	Mico_humeralifer	Callithrix_jacchus	Alouatta_palliata,Chiropotes_albinasus,Cacajao_calvus,Ateles_geoffroyi
TSPAN19	pla.cfg	42	F/L	0.0418539606432923	pattern1	1	1	0	0	2	2	Mico_humeralifer	Callithrix_jacchus	Alouatta_palliata,Chiropotes_albinasus,Cacajao_calvus,Ateles_geoffroyi
TSPAN19	pla.cfg	180	S/F	0.0416541804015582	pattern1	1	1	0	0	2	2	Mico_humeralifer	Callithrix_jacchus	Alouatta_palliata,Chiropotes_albinasus,Cacajao_calvus,Ateles_geoffroyi
TSPOAP1	pla.cfg	1819	A/S	0.0361364656591351	pattern1	1	1	0	0	2	2	Mico_humeralifer	Callithrix_jacchus	Chiropotes_albinasus,Alouatta_palliata,Cacajao_calvus,Ateles_geoffroyi
TTBK1	pla.cfg	892	A/V	0.0205606806836837	pattern1	2	2	0	0	1	1	Alouatta_palliata,Mico_humeralifer	Ateles_geoffroyi,Callithrix_jacchus	Chiropotes_albinasus,Cacajao_calvus
TTC21A	pla.cfg	257	A/T	0.033366878976547	pattern1	2	2	0	0	1	1	Alouatta_palliata,Chiropotes_albinasus	Ateles_geoffroyi,Cacajao_calvus	Mico_humeralifer,Callithrix_jacchus
TTC6	pla.cfg	78	K/N	0.0499755022048015	pattern1	1	1	0	0	2	2	Chiropotes_albinasus	Cacajao_calvus	Alouatta_palliata,Mico_humeralifer,Callithrix_jacchus,Ateles_geoffroyi
UBE2T	pla.cfg	186	MRT/I	0.0111249598016675	pattern3	3	3	0	0	0	0	Alouatta_palliata,Chiropotes_albinasus,Mico_humeralifer	Ateles_geoffroyi,Cacajao_calvus,Callithrix_jacchus	-
UNCX	pla.cfg	277	T/A	0.0092400081777682	pattern1	2	2	0	0	1	1	Alouatta_palliata,Mico_humeralifer	Ateles_geoffroyi,Callithrix_jacchus	Chiropotes_albinasus,Cacajao_calvus
UPP2	pla.cfg	279	Q/H	0.013170803683062	pattern1	2	2	0	0	1	1	Alouatta_palliata,Chiropotes_albinasus	Ateles_geoffroyi,Cacajao_calvus	Mico_humeralifer,Callithrix_jacchus
URB1	pla.cfg	718	M/T	0.0015103719177137	pattern1	2	2	0	0	1	1	Alouatta_palliata,Mico_humeralifer	Ateles_geoffroyi,Callithrix_jacchus	Chiropotes_albinasus,Cacajao_calvus
URB1	pla.cfg	1998	M/IV	0.0106877697548447	pattern2	2	2	0	0	1	1	Alouatta_palliata,Mico_humeralifer	Ateles_geoffroyi,Callithrix_jacchus	Chiropotes_albinasus,Cacajao_calvus
URB2	pla.cfg	564	V/I	0.0310693220939215	pattern1	3	3	0	0	0	0	Alouatta_palliata,Chiropotes_albinasus,Mico_humeralifer	Ateles_geoffroyi,Cacajao_calvus,Callithrix_jacchus	-
VPS51	pla.cfg	356	Q/R	0.0051328093387556	pattern1	2	2	0	0	1	1	Alouatta_palliata,Mico_humeralifer	Ateles_geoffroyi,Callithrix_jacchus	Chiropotes_albinasus,Cacajao_calvus
VWA3A	pla.cfg	766	KT/R	0.0012697341922003	pattern3	3	3	0	0	0	0	Alouatta_palliata,Chiropotes_albinasus,Mico_humeralifer	Ateles_geoffroyi,Cacajao_calvus,Callithrix_jacchus	-
VWA3B	pla.cfg	314	M/V	0.0116674154477624	pattern1	2	2	0	0	1	1	Chiropotes_albinasus,Mico_humeralifer	Cacajao_calvus,Callithrix_jacchus	Alouatta_palliata,Ateles_geoffroyi
VWA3B	pla.cfg	1214	S/A	0.0311293066873116	pattern1	2	1	0	1	1	1	Chiropotes_albinasus,Mico_humeralifer	Callithrix_jacchus	Alouatta_palliata,Ateles_geoffroyi
VWF	pla.cfg	1059	A/T	0.0277425451574243	pattern1	2	2	0	0	1	1	Alouatta_palliata,Mico_humeralifer	Ateles_geoffroyi,Callithrix_jacchus	Chiropotes_albinasus,Cacajao_calvus
WDFY4	pla.cfg	2244	N/DS	0.0199607681245058	pattern2	2	2	0	0	1	1	Alouatta_palliata,Mico_humeralifer	Ateles_geoffroyi,Callithrix_jacchus	Chiropotes_albinasus,Cacajao_calvus
WDR44	pla.cfg	122	A/S	0.0429952561100102	pattern1	1	1	0	0	2	2	Mico_humeralifer	Callithrix_jacchus	Alouatta_palliata,Chiropotes_albinasus,Cacajao_calvus,Ateles_geoffroyi
WDR81	pla.cfg	679	G/S	0.0329608938547486	pattern1	1	1	0	0	2	2	Mico_humeralifer	Callithrix_jacchus	Alouatta_palliata,Chiropotes_albinasus,Ateles_geoffroyi,Cacajao_calvus
WDR81	pla.cfg	1462	E/Q	0.0436995654872749	pattern1	1	1	0	0	2	2	Mico_humeralifer	Callithrix_jacchus	Alouatta_palliata,Chiropotes_albinasus,Ateles_geoffroyi,Cacajao_calvus
WDR97	pla.cfg	796	H/Y	0.0163236249069346	pattern1	2	2	0	0	1	1	Alouatta_palliata,Mico_humeralifer	Ateles_geoffroyi,Callithrix_jacchus	Chiropotes_albinasus,Cacajao_calvus
WFIKKN2	pla.cfg	6	HL/R	0.0432345175551302	pattern3	2	2	0	0	1	1	Alouatta_palliata,Mico_humeralifer	Ateles_geoffroyi,Callithrix_jacchus	Chiropotes_albinasus,Cacajao_calvus
WIZ	pla.cfg	1852	V/A	0.0051704874331422	pattern1	2	2	0	0	1	1	Alouatta_palliata,Mico_humeralifer	Ateles_geoffroyi,Callithrix_jacchus	Chiropotes_albinasus,Cacajao_calvus
WNK2	pla.cfg	1960	A/T	0.0133495251113725	pattern1	2	2	0	0	1	1	Alouatta_palliata,Mico_humeralifer	Ateles_geoffroyi,Callithrix_jacchus	Chiropotes_albinasus,Cacajao_calvus
XAGE2	pla.cfg	58	V/A	0.0472258064516129	pattern1	1	1	0	0	2	2	Chiropotes_albinasus	Cacajao_calvus	Alouatta_palliata,Mico_humeralifer,Ateles_geoffroyi,Callithrix_jacchus
XPC	pla.cfg	357	R/QW	0.0347280107630434	pattern2	2	2	0	0	1	1	Chiropotes_albinasus,Mico_humeralifer	Cacajao_calvus,Callithrix_jacchus	Alouatta_palliata,Ateles_geoffroyi
YBX3	pla.cfg	248	A/T	0.0208286604760653	pattern1	2	2	0	0	1	1	Alouatta_palliata,Chiropotes_albinasus	Ateles_geoffroyi,Cacajao_calvus	Mico_humeralifer,Callithrix_jacchus
ZAN	pla.cfg	1244	H/DR	0.0052332880121092	pattern2	2	2	0	0	1	1	Alouatta_palliata,Mico_humeralifer	Ateles_geoffroyi,Callithrix_jacchus	Chiropotes_albinasus,Cacajao_calvus
ZBTB4	pla.cfg	95	S/A	0.0324265898036389	pattern1	1	1	0	0	2	2	Mico_humeralifer	Callithrix_jacchus	Alouatta_palliata,Chiropotes_albinasus,Cacajao_calvus,Ateles_geoffroyi
ZBTB4	pla.cfg	480	G/S	0.0420980771418818	pattern1	1	1	0	0	2	2	Mico_humeralifer	Callithrix_jacchus	Alouatta_palliata,Chiropotes_albinasus,Cacajao_calvus,Ateles_geoffroyi
ZBTB4	pla.cfg	481	S/N	0.0418705199681419	pattern1	1	1	0	0	2	2	Mico_humeralifer	Callithrix_jacchus	Alouatta_palliata,Chiropotes_albinasus,Cacajao_calvus,Ateles_geoffroyi
ZC3H3	pla.cfg	220	A/E	0.0467737390814313	pattern1	1	1	0	0	2	2	Mico_humeralifer	Callithrix_jacchus	Alouatta_palliata,Chiropotes_albinasus,Ateles_geoffroyi,Cacajao_calvus
ZC3H3	pla.cfg	258	L/F	0.0350803043110735	pattern1	1	1	0	0	2	2	Mico_humeralifer	Callithrix_jacchus	Alouatta_palliata,Chiropotes_albinasus,Ateles_geoffroyi,Cacajao_calvus
ZCCHC12	pla.cfg	98	R/CH	0.0027124695219738	pattern2	2	2	0	0	1	1	Alouatta_palliata,Chiropotes_albinasus	Ateles_geoffroyi,Cacajao_calvus	Mico_humeralifer,Callithrix_jacchus
ZFR2	pla.cfg	624	E/K	0.0365068545027645	pattern1	1	1	0	0	2	2	Alouatta_palliata	Ateles_geoffroyi	Chiropotes_albinasus,Mico_humeralifer,Callithrix_jacchus,Cacajao_calvus
ZFR2	pla.cfg	684	S/R	0.0365825948648034	pattern1	1	1	0	0	2	2	Alouatta_palliata	Ateles_geoffroyi	Chiropotes_albinasus,Mico_humeralifer,Callithrix_jacchus,Cacajao_calvus
ZIM2	pla.cfg	0	S/D	0.0476003147128245	pattern1	1	1	0	0	2	2	Mico_humeralifer	Callithrix_jacchus	Alouatta_palliata,Chiropotes_albinasus,Ateles_geoffroyi,Cacajao_calvus
ZIM2	pla.cfg	1	D/V	0.0476003147128245	pattern1	1	1	0	0	2	2	Mico_humeralifer	Callithrix_jacchus	Alouatta_palliata,Chiropotes_albinasus,Ateles_geoffroyi,Cacajao_calvus
ZIM2	pla.cfg	130	K/E	0.0476003147128245	pattern1	1	1	0	0	2	2	Mico_humeralifer	Callithrix_jacchus	Alouatta_palliata,Chiropotes_albinasus,Ateles_geoffroyi,Cacajao_calvus
ZNF107	pla.cfg	554	N/KS	0.0228896619195555	pattern2	3	3	0	0	0	0	Alouatta_palliata,Chiropotes_albinasus,Mico_humeralifer	Ateles_geoffroyi,Cacajao_calvus,Callithrix_jacchus	-
ZNF185	pla.cfg	222	D/N	0.0053459042987788	pattern1	2	2	0	0	1	1	Alouatta_palliata,Chiropotes_albinasus	Ateles_geoffroyi,Cacajao_calvus	Mico_humeralifer,Callithrix_jacchus
ZNF275	pla.cfg	36	P/T	0.0423782416192283	pattern1	1	1	0	0	2	2	Alouatta_palliata	Ateles_geoffroyi	Mico_humeralifer,Chiropotes_albinasus,Callithrix_jacchus,Cacajao_calvus
ZNF324	pla.cfg	483	R/H	0.0367303120926309	pattern1	1	1	0	0	2	2	Mico_humeralifer	Callithrix_jacchus	Alouatta_palliata,Chiropotes_albinasus,Cacajao_calvus,Ateles_geoffroyi
ZNF433	pla.cfg	92	M/TV	0.0045748166876448	pattern2	2	2	0	0	1	1	Alouatta_palliata,Mico_humeralifer	Ateles_geoffroyi,Callithrix_jacchus	Chiropotes_albinasus,Cacajao_calvus
ZNF467	pla.cfg	568	Q/P	0.0420411878484469	pattern1	1	1	0	0	2	2	Mico_humeralifer	Callithrix_jacchus	Alouatta_palliata,Chiropotes_albinasus,Cacajao_calvus,Ateles_geoffroyi
ZNF469	pla.cfg	3364	R/CH	0.0457879087615096	pattern2	2	2	0	0	1	1	Alouatta_palliata,Mico_humeralifer	Ateles_geoffroyi,Callithrix_jacchus	Chiropotes_albinasus,Cacajao_calvus
ZNF474	pla.cfg	130	M/R	0.032780847145488	pattern1	1	1	0	0	2	2	Chiropotes_albinasus	Cacajao_calvus	Mico_humeralifer,Alouatta_palliata,Callithrix_jacchus,Ateles_geoffroyi
ZNF530	pla.cfg	41	S/P	0.0491596638655462	pattern1	1	1	0	0	2	2	Chiropotes_albinasus	Cacajao_calvus	Mico_humeralifer,Alouatta_palliata,Callithrix_jacchus,Ateles_geoffroyi
ZNF530	pla.cfg	499	R/K	0.0491596638655462	pattern1	1	1	0	0	2	2	Chiropotes_albinasus	Cacajao_calvus	Mico_humeralifer,Alouatta_palliata,Callithrix_jacchus,Ateles_geoffroyi
ZNF544	pla.cfg	108	C/SY	0.0296242264034879	pattern2	2	2	0	0	1	1	Alouatta_palliata,Chiropotes_albinasus	Ateles_geoffroyi,Cacajao_calvus	Mico_humeralifer,Callithrix_jacchus
ZNF662	pla.cfg	138	C/Y	0.035920177383592	pattern1	1	1	0	0	2	2	Chiropotes_albinasus	Cacajao_calvus	Mico_humeralifer,Alouatta_palliata,Callithrix_jacchus,Ateles_geoffroyi
ZNF677	pla.cfg	393	X/C	0.0360679970436068	pattern1	1	1	0	0	2	2	Chiropotes_albinasus	Cacajao_calvus	Alouatta_palliata,Mico_humeralifer,Ateles_geoffroyi,Callithrix_jacchus
ZNF700	pla.cfg	75	E/DK	0.0198524602000083	pattern2	2	2	0	0	1	1	Chiropotes_albinasus,Mico_humeralifer	Cacajao_calvus,Callithrix_jacchus	Alouatta_palliata,Ateles_geoffroyi
ZNF839	pla.cfg	122	S/R	0.0329650092081031	pattern1	1	1	0	0	2	2	Chiropotes_albinasus	Cacajao_calvus	Mico_humeralifer,Alouatta_palliata,Ateles_geoffroyi,Callithrix_jacchus
ZSCAN5B	pla.cfg	119	R/Q	0.0102399115733777	pattern1	2	2	0	0	1	1	Alouatta_palliata,Mico_humeralifer	Ateles_geoffroyi,Callithrix_jacchus	Chiropotes_albinasus,Cacajao_calvus
