original_group_name	superfamily	family	original_species_name	accepted_tree_tip	original_MLS_value	original_MLS_unit	MLS_years	original_body_mass_value	original_body_mass_unit	body_mass_g	taxonomic_mapping_status	MLS_trait_id	MLS_source	MLS_source_link	mass_trait_id	mass_source	mass_source_link	source_access_date	captive_wild_context	sex	sample_size	duplicate_resolution_rule	included	exclusion_reason
APE_Hominidae_Gorilla_beringei	APE	Hominidae	Gorilla_beringei	Gorilla_beringei		years		130	kg	130000	exact_tree_tip_match	PTD00065	"VanShaik et al. 2012/Isler	 K; van Schaik	 C P (2012)/AnAge DB"	https://www.zora.uzh.ch/id/eprint/71056/ / https://www.sciencedirect.com/science/article/abs/pii/S0047248412000577	PTD00014	Galán-Acedo et al. 2019	https://www.nature.com/articles/s41597-019-0059-9	not recorded in source input	not recorded in source input	not recorded in source input	not recorded in source input	not applicable: GroupName is unique	False	missing_or_nonpositive_MLS
APE_Hominidae_Gorilla_gorilla	APE	Hominidae	Gorilla_gorilla	Gorilla_gorilla	55	years	55	122.5	kg	122500	exact_tree_tip_match	PTD00065	"VanShaik et al. 2012/Isler	 K; van Schaik	 C P (2012)/AnAge DB"	https://www.zora.uzh.ch/id/eprint/71056/ / https://www.sciencedirect.com/science/article/abs/pii/S0047248412000577	PTD00014	Galán-Acedo et al. 2019	https://www.nature.com/articles/s41597-019-0059-9	not recorded in source input	not recorded in source input	not recorded in source input	not recorded in source input	not applicable: GroupName is unique	True	
APE_Hominidae_Pan_paniscus	APE	Hominidae	Pan_paniscus	Pan_paniscus	54.5	years	54.5	39.1	kg	39100	exact_tree_tip_match	PTD00065	"VanShaik et al. 2012/Isler	 K; van Schaik	 C P (2012)/AnAge DB"	https://www.zora.uzh.ch/id/eprint/71056/ / https://www.sciencedirect.com/science/article/abs/pii/S0047248412000577	PTD00014	Galán-Acedo et al. 2019	https://www.nature.com/articles/s41597-019-0059-9	not recorded in source input	not recorded in source input	not recorded in source input	not recorded in source input	not applicable: GroupName is unique	True	
APE_Hominidae_Pan_troglodytes	APE	Hominidae	Pan_troglodytes	Pan_troglodytes	59.4	years	59.4	53.7	kg	53700	exact_tree_tip_match	PTD00065	"VanShaik et al. 2012/Isler	 K; van Schaik	 C P (2012)/AnAge DB"	https://www.zora.uzh.ch/id/eprint/71056/ / https://www.sciencedirect.com/science/article/abs/pii/S0047248412000577	PTD00014	Galán-Acedo et al. 2019	https://www.nature.com/articles/s41597-019-0059-9	not recorded in source input	not recorded in source input	not recorded in source input	not recorded in source input	not applicable: GroupName is unique	True	
APE_Hominidae_Pongo_abelii	APE	Hominidae	Pongo_abelii	Pongo_abelii	59	years	59	56.75	kg	56750	exact_tree_tip_match	PTD00065	"VanShaik et al. 2012/Isler	 K; van Schaik	 C P (2012)/AnAge DB"	https://www.zora.uzh.ch/id/eprint/71056/ / https://www.sciencedirect.com/science/article/abs/pii/S0047248412000577	PTD00014	Galán-Acedo et al. 2019	https://www.nature.com/articles/s41597-019-0059-9	not recorded in source input	not recorded in source input	not recorded in source input	not recorded in source input	not applicable: GroupName is unique	True	
APE_Hominidae_Pongo_pygmaeus	APE	Hominidae	Pongo_pygmaeus	Pongo_pygmaeus	56.3	years	56.3	57.15	kg	57150	exact_tree_tip_match	PTD00065	"VanShaik et al. 2012/Isler	 K; van Schaik	 C P (2012)/AnAge DB"	https://www.zora.uzh.ch/id/eprint/71056/ / https://www.sciencedirect.com/science/article/abs/pii/S0047248412000577	PTD00014	Galán-Acedo et al. 2019	https://www.nature.com/articles/s41597-019-0059-9	not recorded in source input	not recorded in source input	not recorded in source input	not recorded in source input	not applicable: GroupName is unique	True	
APE_Hominidae_Pongo_tapanuliensis	APE	Hominidae	Pongo_tapanuliensis	Pongo_tapanuliensis		years			kg		not_in_tree_exactly	PTD00065	"VanShaik et al. 2012/Isler	 K; van Schaik	 C P (2012)/AnAge DB"	https://www.zora.uzh.ch/id/eprint/71056/ / https://www.sciencedirect.com/science/article/abs/pii/S0047248412000577	PTD00014	Galán-Acedo et al. 2019	https://www.nature.com/articles/s41597-019-0059-9	not recorded in source input	not recorded in source input	not recorded in source input	not recorded in source input	not applicable: GroupName is unique	False	missing_or_nonpositive_MLS_and_body_mass
APE_Hylobatidae_Hoolock_hoolock	APE	Hylobatidae	Hoolock_hoolock	Hoolock_hoolock	41	years	41	6.88	kg	6880	exact_tree_tip_match	PTD00065	"VanShaik et al. 2012/Isler	 K; van Schaik	 C P (2012)/AnAge DB"	https://www.zora.uzh.ch/id/eprint/71056/ / https://www.sciencedirect.com/science/article/abs/pii/S0047248412000577	PTD00014	Galán-Acedo et al. 2019	https://www.nature.com/articles/s41597-019-0059-9	not recorded in source input	not recorded in source input	not recorded in source input	not recorded in source input	not applicable: GroupName is unique	True	
APE_Hylobatidae_Hoolock_leuconedys	APE	Hylobatidae	Hoolock_leuconedys	Hoolock_leuconedys		years		7.2	kg	7200	not_in_tree_exactly	PTD00065	"VanShaik et al. 2012/Isler	 K; van Schaik	 C P (2012)/AnAge DB"	https://www.zora.uzh.ch/id/eprint/71056/ / https://www.sciencedirect.com/science/article/abs/pii/S0047248412000577	PTD00014	Galán-Acedo et al. 2019	https://www.nature.com/articles/s41597-019-0059-9	not recorded in source input	not recorded in source input	not recorded in source input	not recorded in source input	not applicable: GroupName is unique	False	missing_or_nonpositive_MLS
APE_Hylobatidae_Hoolock_tianxing	APE	Hylobatidae	Hoolock_tianxing	Hoolock_tianxing		years			kg		not_in_tree_exactly	PTD00065	"VanShaik et al. 2012/Isler	 K; van Schaik	 C P (2012)/AnAge DB"	https://www.zora.uzh.ch/id/eprint/71056/ / https://www.sciencedirect.com/science/article/abs/pii/S0047248412000577	PTD00014	Galán-Acedo et al. 2019	https://www.nature.com/articles/s41597-019-0059-9	not recorded in source input	not recorded in source input	not recorded in source input	not recorded in source input	not applicable: GroupName is unique	False	missing_or_nonpositive_MLS_and_body_mass
APE_Hylobatidae_Hylobates_abbotti	APE	Hylobatidae	Hylobates_abbotti	Hylobates_abbotti		years		5.95	kg	5950	exact_tree_tip_match	PTD00065	"VanShaik et al. 2012/Isler	 K; van Schaik	 C P (2012)/AnAge DB"	https://www.zora.uzh.ch/id/eprint/71056/ / https://www.sciencedirect.com/science/article/abs/pii/S0047248412000577	PTD00014	Galán-Acedo et al. 2019	https://www.nature.com/articles/s41597-019-0059-9	not recorded in source input	not recorded in source input	not recorded in source input	not recorded in source input	not applicable: GroupName is unique	False	missing_or_nonpositive_MLS
APE_Hylobatidae_Hylobates_agilis	APE	Hylobatidae	Hylobates_agilis	Hylobates_agilis	49	years	49	6	kg	6000	exact_tree_tip_match	PTD00065	"VanShaik et al. 2012/Isler	 K; van Schaik	 C P (2012)/AnAge DB"	https://www.zora.uzh.ch/id/eprint/71056/ / https://www.sciencedirect.com/science/article/abs/pii/S0047248412000577	PTD00014	Galán-Acedo et al. 2019	https://www.nature.com/articles/s41597-019-0059-9	not recorded in source input	not recorded in source input	not recorded in source input	not recorded in source input	not applicable: GroupName is unique	True	
APE_Hylobatidae_Hylobates_albibarbis	APE	Hylobatidae	Hylobates_albibarbis	Hylobates_albibarbis		years		5.95	kg	5950	not_in_tree_exactly	PTD00065	"VanShaik et al. 2012/Isler	 K; van Schaik	 C P (2012)/AnAge DB"	https://www.zora.uzh.ch/id/eprint/71056/ / https://www.sciencedirect.com/science/article/abs/pii/S0047248412000577	PTD00014	Galán-Acedo et al. 2019	https://www.nature.com/articles/s41597-019-0059-9	not recorded in source input	not recorded in source input	not recorded in source input	not recorded in source input	not applicable: GroupName is unique	False	missing_or_nonpositive_MLS
APE_Hylobatidae_Hylobates_funereus	APE	Hylobatidae	Hylobates_funereus	Hylobates_funereus		years		5.5	kg	5500	not_in_tree_exactly	PTD00065	"VanShaik et al. 2012/Isler	 K; van Schaik	 C P (2012)/AnAge DB"	https://www.zora.uzh.ch/id/eprint/71056/ / https://www.sciencedirect.com/science/article/abs/pii/S0047248412000577	PTD00014	Galán-Acedo et al. 2019	https://www.nature.com/articles/s41597-019-0059-9	not recorded in source input	not recorded in source input	not recorded in source input	not recorded in source input	not applicable: GroupName is unique	False	missing_or_nonpositive_MLS
APE_Hylobatidae_Hylobates_klossii	APE	Hylobatidae	Hylobates_klossii	Hylobates_klossii	37	years	37	5.8	kg	5800	exact_tree_tip_match	PTD00065	"VanShaik et al. 2012/Isler	 K; van Schaik	 C P (2012)/AnAge DB"	https://www.zora.uzh.ch/id/eprint/71056/ / https://www.sciencedirect.com/science/article/abs/pii/S0047248412000577	PTD00014	Galán-Acedo et al. 2019	https://www.nature.com/articles/s41597-019-0059-9	not recorded in source input	not recorded in source input	not recorded in source input	not recorded in source input	not applicable: GroupName is unique	True	
APE_Hylobatidae_Hylobates_lar	APE	Hylobatidae	Hylobates_lar	Hylobates_lar	52	years	52	5.64	kg	5640	exact_tree_tip_match	PTD00065	"VanShaik et al. 2012/Isler	 K; van Schaik	 C P (2012)/AnAge DB"	https://www.zora.uzh.ch/id/eprint/71056/ / https://www.sciencedirect.com/science/article/abs/pii/S0047248412000577	PTD00014	Galán-Acedo et al. 2019	https://www.nature.com/articles/s41597-019-0059-9	not recorded in source input	not recorded in source input	not recorded in source input	not recorded in source input	not applicable: GroupName is unique	True	
APE_Hylobatidae_Hylobates_moloch	APE	Hylobatidae	Hylobates_moloch	Hylobates_moloch	45	years	45	6.42	kg	6420	not_in_tree_exactly	PTD00065	"VanShaik et al. 2012/Isler	 K; van Schaik	 C P (2012)/AnAge DB"	https://www.zora.uzh.ch/id/eprint/71056/ / https://www.sciencedirect.com/science/article/abs/pii/S0047248412000577	PTD00014	Galán-Acedo et al. 2019	https://www.nature.com/articles/s41597-019-0059-9	not recorded in source input	not recorded in source input	not recorded in source input	not recorded in source input	not applicable: GroupName is unique	True	
APE_Hylobatidae_Hylobates_muelleri	APE	Hylobatidae	Hylobates_muelleri	Hylobates_muelleri	60	years	60	5.35	kg	5350	exact_tree_tip_match	PTD00065	"VanShaik et al. 2012/Isler	 K; van Schaik	 C P (2012)/AnAge DB"	https://www.zora.uzh.ch/id/eprint/71056/ / https://www.sciencedirect.com/science/article/abs/pii/S0047248412000577	PTD00014	Galán-Acedo et al. 2019	https://www.nature.com/articles/s41597-019-0059-9	not recorded in source input	not recorded in source input	not recorded in source input	not recorded in source input	not applicable: GroupName is unique	True	
APE_Hylobatidae_Hylobates_pileatus	APE	Hylobatidae	Hylobates_pileatus	Hylobates_pileatus	38	years	38	5.47	kg	5470	not_in_tree_exactly	PTD00065	"VanShaik et al. 2012/Isler	 K; van Schaik	 C P (2012)/AnAge DB"	https://www.zora.uzh.ch/id/eprint/71056/ / https://www.sciencedirect.com/science/article/abs/pii/S0047248412000577	PTD00014	Galán-Acedo et al. 2019	https://www.nature.com/articles/s41597-019-0059-9	not recorded in source input	not recorded in source input	not recorded in source input	not recorded in source input	not applicable: GroupName is unique	True	
APE_Hylobatidae_Nomascus_annamensis	APE	Hylobatidae	Nomascus_annamensis	Nomascus_annamensis		years		7	kg	7000	exact_tree_tip_match	PTD00065	"VanShaik et al. 2012/Isler	 K; van Schaik	 C P (2012)/AnAge DB"	https://www.zora.uzh.ch/id/eprint/71056/ / https://www.sciencedirect.com/science/article/abs/pii/S0047248412000577	PTD00014	Galán-Acedo et al. 2019	https://www.nature.com/articles/s41597-019-0059-9	not recorded in source input	not recorded in source input	not recorded in source input	not recorded in source input	not applicable: GroupName is unique	False	missing_or_nonpositive_MLS
APE_Hylobatidae_Nomascus_concolor	APE	Hylobatidae	Nomascus_concolor	Nomascus_concolor	46.1	years	46.1	7.69	kg	7690	exact_tree_tip_match	PTD00065	"VanShaik et al. 2012/Isler	 K; van Schaik	 C P (2012)/AnAge DB"	https://www.zora.uzh.ch/id/eprint/71056/ / https://www.sciencedirect.com/science/article/abs/pii/S0047248412000577	PTD00014	Galán-Acedo et al. 2019	https://www.nature.com/articles/s41597-019-0059-9	not recorded in source input	not recorded in source input	not recorded in source input	not recorded in source input	not applicable: GroupName is unique	True	
APE_Hylobatidae_Nomascus_gabriellae	APE	Hylobatidae	Nomascus_gabriellae	Nomascus_gabriellae		years		5.2	kg	5200	exact_tree_tip_match	PTD00065	"VanShaik et al. 2012/Isler	 K; van Schaik	 C P (2012)/AnAge DB"	https://www.zora.uzh.ch/id/eprint/71056/ / https://www.sciencedirect.com/science/article/abs/pii/S0047248412000577	PTD00014	Galán-Acedo et al. 2019	https://www.nature.com/articles/s41597-019-0059-9	not recorded in source input	not recorded in source input	not recorded in source input	not recorded in source input	not applicable: GroupName is unique	False	missing_or_nonpositive_MLS
APE_Hylobatidae_Nomascus_hainanus	APE	Hylobatidae	Nomascus_hainanus	Nomascus_hainanus		years		6.59	kg	6590	not_in_tree_exactly	PTD00065	"VanShaik et al. 2012/Isler	 K; van Schaik	 C P (2012)/AnAge DB"	https://www.zora.uzh.ch/id/eprint/71056/ / https://www.sciencedirect.com/science/article/abs/pii/S0047248412000577	PTD00014	Galán-Acedo et al. 2019	https://www.nature.com/articles/s41597-019-0059-9	not recorded in source input	not recorded in source input	not recorded in source input	not recorded in source input	not applicable: GroupName is unique	False	missing_or_nonpositive_MLS
APE_Hylobatidae_Nomascus_leucogenys	APE	Hylobatidae	Nomascus_leucogenys	Nomascus_leucogenys	44.1	years	44.1	6.5	kg	6500	not_in_tree_exactly	PTD00065	"VanShaik et al. 2012/Isler	 K; van Schaik	 C P (2012)/AnAge DB"	https://www.zora.uzh.ch/id/eprint/71056/ / https://www.sciencedirect.com/science/article/abs/pii/S0047248412000577	PTD00014	Galán-Acedo et al. 2019	https://www.nature.com/articles/s41597-019-0059-9	not recorded in source input	not recorded in source input	not recorded in source input	not recorded in source input	not applicable: GroupName is unique	True	
APE_Hylobatidae_Nomascus_nasutus	APE	Hylobatidae	Nomascus_nasutus	Nomascus_nasutus		years			kg		not_in_tree_exactly	PTD00065	"VanShaik et al. 2012/Isler	 K; van Schaik	 C P (2012)/AnAge DB"	https://www.zora.uzh.ch/id/eprint/71056/ / https://www.sciencedirect.com/science/article/abs/pii/S0047248412000577	PTD00014	Galán-Acedo et al. 2019	https://www.nature.com/articles/s41597-019-0059-9	not recorded in source input	not recorded in source input	not recorded in source input	not recorded in source input	not applicable: GroupName is unique	False	missing_or_nonpositive_MLS_and_body_mass
APE_Hylobatidae_Nomascus_siki	APE	Hylobatidae	Nomascus_siki	Nomascus_siki		years		7.56	kg	7560	exact_tree_tip_match	PTD00065	"VanShaik et al. 2012/Isler	 K; van Schaik	 C P (2012)/AnAge DB"	https://www.zora.uzh.ch/id/eprint/71056/ / https://www.sciencedirect.com/science/article/abs/pii/S0047248412000577	PTD00014	Galán-Acedo et al. 2019	https://www.nature.com/articles/s41597-019-0059-9	not recorded in source input	not recorded in source input	not recorded in source input	not recorded in source input	not applicable: GroupName is unique	False	missing_or_nonpositive_MLS
APE_Hylobatidae_Symphalangus_syndactylus	APE	Hylobatidae	Symphalangus_syndactylus	Symphalangus_syndactylus	43	years	43	11.3	kg	11300	not_in_tree_exactly	PTD00065	"VanShaik et al. 2012/Isler	 K; van Schaik	 C P (2012)/AnAge DB"	https://www.zora.uzh.ch/id/eprint/71056/ / https://www.sciencedirect.com/science/article/abs/pii/S0047248412000577	PTD00014	Galán-Acedo et al. 2019	https://www.nature.com/articles/s41597-019-0059-9	not recorded in source input	not recorded in source input	not recorded in source input	not recorded in source input	not applicable: GroupName is unique	True	
OWM_Cercopithecidae_Allenopithecus_nigroviridis	OWM	Cercopithecidae	Allenopithecus_nigroviridis	Allenopithecus_nigroviridis	27	years	27	5.3	kg	5300	exact_tree_tip_match	PTD00065	"VanShaik et al. 2012/Isler	 K; van Schaik	 C P (2012)/AnAge DB"	https://www.zora.uzh.ch/id/eprint/71056/ / https://www.sciencedirect.com/science/article/abs/pii/S0047248412000577	PTD00014	Galán-Acedo et al. 2019	https://www.nature.com/articles/s41597-019-0059-9	not recorded in source input	not recorded in source input	not recorded in source input	not recorded in source input	not applicable: GroupName is unique	True	
OWM_Cercopithecidae_Allochrocebus_lhoesti	OWM	Cercopithecidae	Allochrocebus_lhoesti	Allochrocebus_lhoesti	24.1	years	24.1	5.5	kg	5500	exact_tree_tip_match	PTD00065	"VanShaik et al. 2012/Isler	 K; van Schaik	 C P (2012)/AnAge DB"	https://www.zora.uzh.ch/id/eprint/71056/ / https://www.sciencedirect.com/science/article/abs/pii/S0047248412000577	PTD00014	Galán-Acedo et al. 2019	https://www.nature.com/articles/s41597-019-0059-9	not recorded in source input	not recorded in source input	not recorded in source input	not recorded in source input	not applicable: GroupName is unique	True	
OWM_Cercopithecidae_Allochrocebus_preussi	OWM	Cercopithecidae	Allochrocebus_preussi	Allochrocebus_preussi	26	years	26	4.525	kg	4525	exact_tree_tip_match	PTD00065	"VanShaik et al. 2012/Isler	 K; van Schaik	 C P (2012)/AnAge DB"	https://www.zora.uzh.ch/id/eprint/71056/ / https://www.sciencedirect.com/science/article/abs/pii/S0047248412000577	PTD00014	Galán-Acedo et al. 2019	https://www.nature.com/articles/s41597-019-0059-9	not recorded in source input	not recorded in source input	not recorded in source input	not recorded in source input	not applicable: GroupName is unique	True	
OWM_Cercopithecidae_Allochrocebus_solatus	OWM	Cercopithecidae	Allochrocebus_solatus	Allochrocebus_solatus		years		6.35	kg	6350	exact_tree_tip_match	PTD00065	"VanShaik et al. 2012/Isler	 K; van Schaik	 C P (2012)/AnAge DB"	https://www.zora.uzh.ch/id/eprint/71056/ / https://www.sciencedirect.com/science/article/abs/pii/S0047248412000577	PTD00014	Galán-Acedo et al. 2019	https://www.nature.com/articles/s41597-019-0059-9	not recorded in source input	not recorded in source input	not recorded in source input	not recorded in source input	not applicable: GroupName is unique	False	missing_or_nonpositive_MLS
OWM_Cercopithecidae_Cercocebus_agilis	OWM	Cercopithecidae	Cercocebus_agilis	Cercocebus_agilis	31	years	31	7.58	kg	7580	not_in_tree_exactly	PTD00065	"VanShaik et al. 2012/Isler	 K; van Schaik	 C P (2012)/AnAge DB"	https://www.zora.uzh.ch/id/eprint/71056/ / https://www.sciencedirect.com/science/article/abs/pii/S0047248412000577	PTD00014	Galán-Acedo et al. 2019	https://www.nature.com/articles/s41597-019-0059-9	not recorded in source input	not recorded in source input	not recorded in source input	not recorded in source input	not applicable: GroupName is unique	True	
OWM_Cercopithecidae_Cercocebus_atys	OWM	Cercopithecidae	Cercocebus_atys	Cercocebus_atys	32.5	years	32.5	8.6	kg	8600	not_in_tree_exactly	PTD00065	"VanShaik et al. 2012/Isler	 K; van Schaik	 C P (2012)/AnAge DB"	https://www.zora.uzh.ch/id/eprint/71056/ / https://www.sciencedirect.com/science/article/abs/pii/S0047248412000577	PTD00014	Galán-Acedo et al. 2019	https://www.nature.com/articles/s41597-019-0059-9	not recorded in source input	not recorded in source input	not recorded in source input	not recorded in source input	not applicable: GroupName is unique	True	
OWM_Cercopithecidae_Cercocebus_chrysogaster	OWM	Cercopithecidae	Cercocebus_chrysogaster	Cercocebus_chrysogaster		years		9.75	kg	9750	exact_tree_tip_match	PTD00065	"VanShaik et al. 2012/Isler	 K; van Schaik	 C P (2012)/AnAge DB"	https://www.zora.uzh.ch/id/eprint/71056/ / https://www.sciencedirect.com/science/article/abs/pii/S0047248412000577	PTD00014	Galán-Acedo et al. 2019	https://www.nature.com/articles/s41597-019-0059-9	not recorded in source input	not recorded in source input	not recorded in source input	not recorded in source input	not applicable: GroupName is unique	False	missing_or_nonpositive_MLS
OWM_Cercopithecidae_Cercocebus_galeritus	OWM	Cercopithecidae	Cercocebus_galeritus	Cercocebus_galeritus		years		7.44	kg	7440	not_in_tree_exactly	PTD00065	"VanShaik et al. 2012/Isler	 K; van Schaik	 C P (2012)/AnAge DB"	https://www.zora.uzh.ch/id/eprint/71056/ / https://www.sciencedirect.com/science/article/abs/pii/S0047248412000577	PTD00014	Galán-Acedo et al. 2019	https://www.nature.com/articles/s41597-019-0059-9	not recorded in source input	not recorded in source input	not recorded in source input	not recorded in source input	not applicable: GroupName is unique	False	missing_or_nonpositive_MLS
OWM_Cercopithecidae_Cercocebus_lunulatus	OWM	Cercopithecidae	Cercocebus_lunulatus	Cercocebus_lunulatus		years		7.28	kg	7280	exact_tree_tip_match	PTD00065	"VanShaik et al. 2012/Isler	 K; van Schaik	 C P (2012)/AnAge DB"	https://www.zora.uzh.ch/id/eprint/71056/ / https://www.sciencedirect.com/science/article/abs/pii/S0047248412000577	PTD00014	Galán-Acedo et al. 2019	https://www.nature.com/articles/s41597-019-0059-9	not recorded in source input	not recorded in source input	not recorded in source input	not recorded in source input	not applicable: GroupName is unique	False	missing_or_nonpositive_MLS
OWM_Cercopithecidae_Cercocebus_sanjei	OWM	Cercopithecidae	Cercocebus_sanjei	Cercocebus_sanjei		years		8.05	kg	8050	not_in_tree_exactly	PTD00065	"VanShaik et al. 2012/Isler	 K; van Schaik	 C P (2012)/AnAge DB"	https://www.zora.uzh.ch/id/eprint/71056/ / https://www.sciencedirect.com/science/article/abs/pii/S0047248412000577	PTD00014	Galán-Acedo et al. 2019	https://www.nature.com/articles/s41597-019-0059-9	not recorded in source input	not recorded in source input	not recorded in source input	not recorded in source input	not applicable: GroupName is unique	False	missing_or_nonpositive_MLS
OWM_Cercopithecidae_Cercocebus_torquatus	OWM	Cercopithecidae	Cercocebus_torquatus	Cercocebus_torquatus	46	years	46	7.5	kg	7500	exact_tree_tip_match	PTD00065	"VanShaik et al. 2012/Isler	 K; van Schaik	 C P (2012)/AnAge DB"	https://www.zora.uzh.ch/id/eprint/71056/ / https://www.sciencedirect.com/science/article/abs/pii/S0047248412000577	PTD00014	Galán-Acedo et al. 2019	https://www.nature.com/articles/s41597-019-0059-9	not recorded in source input	not recorded in source input	not recorded in source input	not recorded in source input	not applicable: GroupName is unique	True	
OWM_Cercopithecidae_Cercopithecus_albogularis	OWM	Cercopithecidae	Cercopithecus_albogularis	Cercopithecus_albogularis		years		5.28	kg	5280	not_in_tree_exactly	PTD00065	"VanShaik et al. 2012/Isler	 K; van Schaik	 C P (2012)/AnAge DB"	https://www.zora.uzh.ch/id/eprint/71056/ / https://www.sciencedirect.com/science/article/abs/pii/S0047248412000577	PTD00014	Galán-Acedo et al. 2019	https://www.nature.com/articles/s41597-019-0059-9	not recorded in source input	not recorded in source input	not recorded in source input	not recorded in source input	not applicable: GroupName is unique	False	missing_or_nonpositive_MLS
OWM_Cercopithecidae_Cercopithecus_ascanius	OWM	Cercopithecidae	Cercopithecus_ascanius	Cercopithecus_ascanius	31.2	years	31.2	3.24	kg	3240	exact_tree_tip_match	PTD00065	"VanShaik et al. 2012/Isler	 K; van Schaik	 C P (2012)/AnAge DB"	https://www.zora.uzh.ch/id/eprint/71056/ / https://www.sciencedirect.com/science/article/abs/pii/S0047248412000577	PTD00014	Galán-Acedo et al. 2019	https://www.nature.com/articles/s41597-019-0059-9	not recorded in source input	not recorded in source input	not recorded in source input	not recorded in source input	not applicable: GroupName is unique	True	
OWM_Cercopithecidae_Cercopithecus_campbelli	OWM	Cercopithecidae	Cercopithecus_campbelli	Cercopithecus_campbelli	30	years	30	3.6	kg	3600	not_in_tree_exactly	PTD00065	"VanShaik et al. 2012/Isler	 K; van Schaik	 C P (2012)/AnAge DB"	https://www.zora.uzh.ch/id/eprint/71056/ / https://www.sciencedirect.com/science/article/abs/pii/S0047248412000577	PTD00014	Galán-Acedo et al. 2019	https://www.nature.com/articles/s41597-019-0059-9	not recorded in source input	not recorded in source input	not recorded in source input	not recorded in source input	not applicable: GroupName is unique	True	
OWM_Cercopithecidae_Cercopithecus_cephus	OWM	Cercopithecidae	Cercopithecus_cephus	Cercopithecus_cephus	36	years	36	3.48	kg	3480	exact_tree_tip_match	PTD00065	"VanShaik et al. 2012/Isler	 K; van Schaik	 C P (2012)/AnAge DB"	https://www.zora.uzh.ch/id/eprint/71056/ / https://www.sciencedirect.com/science/article/abs/pii/S0047248412000577	PTD00014	Galán-Acedo et al. 2019	https://www.nature.com/articles/s41597-019-0059-9	not recorded in source input	not recorded in source input	not recorded in source input	not recorded in source input	not applicable: GroupName is unique	True	
OWM_Cercopithecidae_Cercopithecus_denti	OWM	Cercopithecidae	Cercopithecus_denti	Cercopithecus_denti		years		3.54	kg	3540	not_in_tree_exactly	PTD00065	"VanShaik et al. 2012/Isler	 K; van Schaik	 C P (2012)/AnAge DB"	https://www.zora.uzh.ch/id/eprint/71056/ / https://www.sciencedirect.com/science/article/abs/pii/S0047248412000577	PTD00014	Galán-Acedo et al. 2019	https://www.nature.com/articles/s41597-019-0059-9	not recorded in source input	not recorded in source input	not recorded in source input	not recorded in source input	not applicable: GroupName is unique	False	missing_or_nonpositive_MLS
OWM_Cercopithecidae_Cercopithecus_diana	OWM	Cercopithecidae	Cercopithecus_diana	Cercopithecus_diana	35.1	years	35.1	4.5	kg	4500	exact_tree_tip_match	PTD00065	"VanShaik et al. 2012/Isler	 K; van Schaik	 C P (2012)/AnAge DB"	https://www.zora.uzh.ch/id/eprint/71056/ / https://www.sciencedirect.com/science/article/abs/pii/S0047248412000577	PTD00014	Galán-Acedo et al. 2019	https://www.nature.com/articles/s41597-019-0059-9	not recorded in source input	not recorded in source input	not recorded in source input	not recorded in source input	not applicable: GroupName is unique	True	
OWM_Cercopithecidae_Cercopithecus_doggetti	OWM	Cercopithecidae	Cercopithecus_doggetti	Cercopithecus_doggetti		years			kg		not_in_tree_exactly	PTD00065	"VanShaik et al. 2012/Isler	 K; van Schaik	 C P (2012)/AnAge DB"	https://www.zora.uzh.ch/id/eprint/71056/ / https://www.sciencedirect.com/science/article/abs/pii/S0047248412000577	PTD00014	Galán-Acedo et al. 2019	https://www.nature.com/articles/s41597-019-0059-9	not recorded in source input	not recorded in source input	not recorded in source input	not recorded in source input	not applicable: GroupName is unique	False	missing_or_nonpositive_MLS_and_body_mass
OWM_Cercopithecidae_Cercopithecus_dryas	OWM	Cercopithecidae	Cercopithecus_dryas	Cercopithecus_dryas		years		2.65	kg	2650	not_in_tree_exactly	PTD00065	"VanShaik et al. 2012/Isler	 K; van Schaik	 C P (2012)/AnAge DB"	https://www.zora.uzh.ch/id/eprint/71056/ / https://www.sciencedirect.com/science/article/abs/pii/S0047248412000577	PTD00014	Galán-Acedo et al. 2019	https://www.nature.com/articles/s41597-019-0059-9	not recorded in source input	not recorded in source input	not recorded in source input	not recorded in source input	not applicable: GroupName is unique	False	missing_or_nonpositive_MLS
OWM_Cercopithecidae_Cercopithecus_erythrogaster	OWM	Cercopithecidae	Cercopithecus_erythrogaster	Cercopithecus_erythrogaster	24	years	24	3.5	kg	3500	not_in_tree_exactly	PTD00065	"VanShaik et al. 2012/Isler	 K; van Schaik	 C P (2012)/AnAge DB"	https://www.zora.uzh.ch/id/eprint/71056/ / https://www.sciencedirect.com/science/article/abs/pii/S0047248412000577	PTD00014	Galán-Acedo et al. 2019	https://www.nature.com/articles/s41597-019-0059-9	not recorded in source input	not recorded in source input	not recorded in source input	not recorded in source input	not applicable: GroupName is unique	True	
OWM_Cercopithecidae_Cercopithecus_erythrotis	OWM	Cercopithecidae	Cercopithecus_erythrotis	Cercopithecus_erythrotis		years		3.4	kg	3400	not_in_tree_exactly	PTD00065	"VanShaik et al. 2012/Isler	 K; van Schaik	 C P (2012)/AnAge DB"	https://www.zora.uzh.ch/id/eprint/71056/ / https://www.sciencedirect.com/science/article/abs/pii/S0047248412000577	PTD00014	Galán-Acedo et al. 2019	https://www.nature.com/articles/s41597-019-0059-9	not recorded in source input	not recorded in source input	not recorded in source input	not recorded in source input	not applicable: GroupName is unique	False	missing_or_nonpositive_MLS
OWM_Cercopithecidae_Cercopithecus_hamlyni	OWM	Cercopithecidae	Cercopithecus_hamlyni	Cercopithecus_hamlyni	28.6	years	28.6	4.43	kg	4430	exact_tree_tip_match	PTD00065	"VanShaik et al. 2012/Isler	 K; van Schaik	 C P (2012)/AnAge DB"	https://www.zora.uzh.ch/id/eprint/71056/ / https://www.sciencedirect.com/science/article/abs/pii/S0047248412000577	PTD00014	Galán-Acedo et al. 2019	https://www.nature.com/articles/s41597-019-0059-9	not recorded in source input	not recorded in source input	not recorded in source input	not recorded in source input	not applicable: GroupName is unique	True	
OWM_Cercopithecidae_Cercopithecus_kandti	OWM	Cercopithecidae	Cercopithecus_kandti	Cercopithecus_kandti		years		6.2	kg	6200	not_in_tree_exactly	PTD00065	"VanShaik et al. 2012/Isler	 K; van Schaik	 C P (2012)/AnAge DB"	https://www.zora.uzh.ch/id/eprint/71056/ / https://www.sciencedirect.com/science/article/abs/pii/S0047248412000577	PTD00014	Galán-Acedo et al. 2019	https://www.nature.com/articles/s41597-019-0059-9	not recorded in source input	not recorded in source input	not recorded in source input	not recorded in source input	not applicable: GroupName is unique	False	missing_or_nonpositive_MLS
OWM_Cercopithecidae_Cercopithecus_lomamiensis	OWM	Cercopithecidae	Cercopithecus_lomamiensis	Cercopithecus_lomamiensis		years		5	kg	5000	not_in_tree_exactly	PTD00065	"VanShaik et al. 2012/Isler	 K; van Schaik	 C P (2012)/AnAge DB"	https://www.zora.uzh.ch/id/eprint/71056/ / https://www.sciencedirect.com/science/article/abs/pii/S0047248412000577	PTD00014	Galán-Acedo et al. 2019	https://www.nature.com/articles/s41597-019-0059-9	not recorded in source input	not recorded in source input	not recorded in source input	not recorded in source input	not applicable: GroupName is unique	False	missing_or_nonpositive_MLS
OWM_Cercopithecidae_Cercopithecus_lowei	OWM	Cercopithecidae	Cercopithecus_lowei	Cercopithecus_lowei	30	years	30	3.9	kg	3900	exact_tree_tip_match	PTD00065	"VanShaik et al. 2012/Isler	 K; van Schaik	 C P (2012)/AnAge DB"	https://www.zora.uzh.ch/id/eprint/71056/ / https://www.sciencedirect.com/science/article/abs/pii/S0047248412000577	PTD00014	Galán-Acedo et al. 2019	https://www.nature.com/articles/s41597-019-0059-9	not recorded in source input	not recorded in source input	not recorded in source input	not recorded in source input	not applicable: GroupName is unique	True	
OWM_Cercopithecidae_Cercopithecus_mitis	OWM	Cercopithecidae	Cercopithecus_mitis	Cercopithecus_mitis	37.8	years	37.8	4.89	kg	4890	exact_tree_tip_match	PTD00065	"VanShaik et al. 2012/Isler	 K; van Schaik	 C P (2012)/AnAge DB"	https://www.zora.uzh.ch/id/eprint/71056/ / https://www.sciencedirect.com/science/article/abs/pii/S0047248412000577	PTD00014	Galán-Acedo et al. 2019	https://www.nature.com/articles/s41597-019-0059-9	not recorded in source input	not recorded in source input	not recorded in source input	not recorded in source input	not applicable: GroupName is unique	True	
OWM_Cercopithecidae_Cercopithecus_mona	OWM	Cercopithecidae	Cercopithecus_mona	Cercopithecus_mona	30	years	30	4.05	kg	4050	exact_tree_tip_match	PTD00065	"VanShaik et al. 2012/Isler	 K; van Schaik	 C P (2012)/AnAge DB"	https://www.zora.uzh.ch/id/eprint/71056/ / https://www.sciencedirect.com/science/article/abs/pii/S0047248412000577	PTD00014	Galán-Acedo et al. 2019	https://www.nature.com/articles/s41597-019-0059-9	not recorded in source input	not recorded in source input	not recorded in source input	not recorded in source input	not applicable: GroupName is unique	True	
OWM_Cercopithecidae_Cercopithecus_neglectus	OWM	Cercopithecidae	Cercopithecus_neglectus	Cercopithecus_neglectus	30.8	years	30.8	5.74	kg	5740	exact_tree_tip_match	PTD00065	"VanShaik et al. 2012/Isler	 K; van Schaik	 C P (2012)/AnAge DB"	https://www.zora.uzh.ch/id/eprint/71056/ / https://www.sciencedirect.com/science/article/abs/pii/S0047248412000577	PTD00014	Galán-Acedo et al. 2019	https://www.nature.com/articles/s41597-019-0059-9	not recorded in source input	not recorded in source input	not recorded in source input	not recorded in source input	not applicable: GroupName is unique	True	
OWM_Cercopithecidae_Cercopithecus_nictitans	OWM	Cercopithecidae	Cercopithecus_nictitans	Cercopithecus_nictitans	31	years	31	5.46	kg	5460	exact_tree_tip_match	PTD00065	"VanShaik et al. 2012/Isler	 K; van Schaik	 C P (2012)/AnAge DB"	https://www.zora.uzh.ch/id/eprint/71056/ / https://www.sciencedirect.com/science/article/abs/pii/S0047248412000577	PTD00014	Galán-Acedo et al. 2019	https://www.nature.com/articles/s41597-019-0059-9	not recorded in source input	not recorded in source input	not recorded in source input	not recorded in source input	not applicable: GroupName is unique	True	
OWM_Cercopithecidae_Cercopithecus_petaurista	OWM	Cercopithecidae	Cercopithecus_petaurista	Cercopithecus_petaurista	29	years	29	3.65	kg	3650	exact_tree_tip_match	PTD00065	"VanShaik et al. 2012/Isler	 K; van Schaik	 C P (2012)/AnAge DB"	https://www.zora.uzh.ch/id/eprint/71056/ / https://www.sciencedirect.com/science/article/abs/pii/S0047248412000577	PTD00014	Galán-Acedo et al. 2019	https://www.nature.com/articles/s41597-019-0059-9	not recorded in source input	not recorded in source input	not recorded in source input	not recorded in source input	not applicable: GroupName is unique	True	
OWM_Cercopithecidae_Cercopithecus_pogonias	OWM	Cercopithecidae	Cercopithecus_pogonias	Cercopithecus_pogonias	27	years	27	3.58	kg	3580	exact_tree_tip_match	PTD00065	"VanShaik et al. 2012/Isler	 K; van Schaik	 C P (2012)/AnAge DB"	https://www.zora.uzh.ch/id/eprint/71056/ / https://www.sciencedirect.com/science/article/abs/pii/S0047248412000577	PTD00014	Galán-Acedo et al. 2019	https://www.nature.com/articles/s41597-019-0059-9	not recorded in source input	not recorded in source input	not recorded in source input	not recorded in source input	not applicable: GroupName is unique	True	
OWM_Cercopithecidae_Cercopithecus_roloway	OWM	Cercopithecidae	Cercopithecus_roloway	Cercopithecus_roloway		years		4.55	kg	4550	exact_tree_tip_match	PTD00065	"VanShaik et al. 2012/Isler	 K; van Schaik	 C P (2012)/AnAge DB"	https://www.zora.uzh.ch/id/eprint/71056/ / https://www.sciencedirect.com/science/article/abs/pii/S0047248412000577	PTD00014	Galán-Acedo et al. 2019	https://www.nature.com/articles/s41597-019-0059-9	not recorded in source input	not recorded in source input	not recorded in source input	not recorded in source input	not applicable: GroupName is unique	False	missing_or_nonpositive_MLS
OWM_Cercopithecidae_Cercopithecus_sclateri	OWM	Cercopithecidae	Cercopithecus_sclateri	Cercopithecus_sclateri		years		3.25	kg	3250	not_in_tree_exactly	PTD00065	"VanShaik et al. 2012/Isler	 K; van Schaik	 C P (2012)/AnAge DB"	https://www.zora.uzh.ch/id/eprint/71056/ / https://www.sciencedirect.com/science/article/abs/pii/S0047248412000577	PTD00014	Galán-Acedo et al. 2019	https://www.nature.com/articles/s41597-019-0059-9	not recorded in source input	not recorded in source input	not recorded in source input	not recorded in source input	not applicable: GroupName is unique	False	missing_or_nonpositive_MLS
OWM_Cercopithecidae_Cercopithecus_wolfi	OWM	Cercopithecidae	Cercopithecus_wolfi	Cercopithecus_wolfi	24	years	24	3.34	kg	3340	not_in_tree_exactly	PTD00065	"VanShaik et al. 2012/Isler	 K; van Schaik	 C P (2012)/AnAge DB"	https://www.zora.uzh.ch/id/eprint/71056/ / https://www.sciencedirect.com/science/article/abs/pii/S0047248412000577	PTD00014	Galán-Acedo et al. 2019	https://www.nature.com/articles/s41597-019-0059-9	not recorded in source input	not recorded in source input	not recorded in source input	not recorded in source input	not applicable: GroupName is unique	True	
OWM_Cercopithecidae_Chlorocebus_aethiops	OWM	Cercopithecidae	Chlorocebus_aethiops	Chlorocebus_aethiops	30.8	years	30.8	4.65	kg	4650	not_in_tree_exactly	PTD00065	"VanShaik et al. 2012/Isler	 K; van Schaik	 C P (2012)/AnAge DB"	https://www.zora.uzh.ch/id/eprint/71056/ / https://www.sciencedirect.com/science/article/abs/pii/S0047248412000577	PTD00014	Galán-Acedo et al. 2019	https://www.nature.com/articles/s41597-019-0059-9	not recorded in source input	not recorded in source input	not recorded in source input	not recorded in source input	not applicable: GroupName is unique	True	
OWM_Cercopithecidae_Chlorocebus_cynosuros	OWM	Cercopithecidae	Chlorocebus_cynosuros	Chlorocebus_cynosuros		years		3.98	kg	3980	not_in_tree_exactly	PTD00065	"VanShaik et al. 2012/Isler	 K; van Schaik	 C P (2012)/AnAge DB"	https://www.zora.uzh.ch/id/eprint/71056/ / https://www.sciencedirect.com/science/article/abs/pii/S0047248412000577	PTD00014	Galán-Acedo et al. 2019	https://www.nature.com/articles/s41597-019-0059-9	not recorded in source input	not recorded in source input	not recorded in source input	not recorded in source input	not applicable: GroupName is unique	False	missing_or_nonpositive_MLS
OWM_Cercopithecidae_Chlorocebus_djamdjamensis	OWM	Cercopithecidae	Chlorocebus_djamdjamensis	Chlorocebus_djamdjamensis		years		3.98	kg	3980	not_in_tree_exactly	PTD00065	"VanShaik et al. 2012/Isler	 K; van Schaik	 C P (2012)/AnAge DB"	https://www.zora.uzh.ch/id/eprint/71056/ / https://www.sciencedirect.com/science/article/abs/pii/S0047248412000577	PTD00014	Galán-Acedo et al. 2019	https://www.nature.com/articles/s41597-019-0059-9	not recorded in source input	not recorded in source input	not recorded in source input	not recorded in source input	not applicable: GroupName is unique	False	missing_or_nonpositive_MLS
OWM_Cercopithecidae_Chlorocebus_pygerythrus	OWM	Cercopithecidae	Chlorocebus_pygerythrus	Chlorocebus_pygerythrus		years		4.665	kg	4665	exact_tree_tip_match	PTD00065	"VanShaik et al. 2012/Isler	 K; van Schaik	 C P (2012)/AnAge DB"	https://www.zora.uzh.ch/id/eprint/71056/ / https://www.sciencedirect.com/science/article/abs/pii/S0047248412000577	PTD00014	Galán-Acedo et al. 2019	https://www.nature.com/articles/s41597-019-0059-9	not recorded in source input	not recorded in source input	not recorded in source input	not recorded in source input	not applicable: GroupName is unique	False	missing_or_nonpositive_MLS
OWM_Cercopithecidae_Chlorocebus_sabaeus	OWM	Cercopithecidae	Chlorocebus_sabaeus	Chlorocebus_sabaeus		years		4.875	kg	4875	not_in_tree_exactly	PTD00065	"VanShaik et al. 2012/Isler	 K; van Schaik	 C P (2012)/AnAge DB"	https://www.zora.uzh.ch/id/eprint/71056/ / https://www.sciencedirect.com/science/article/abs/pii/S0047248412000577	PTD00014	Galán-Acedo et al. 2019	https://www.nature.com/articles/s41597-019-0059-9	not recorded in source input	not recorded in source input	not recorded in source input	not recorded in source input	not applicable: GroupName is unique	False	missing_or_nonpositive_MLS
OWM_Cercopithecidae_Chlorocebus_tantalus	OWM	Cercopithecidae	Chlorocebus_tantalus	Chlorocebus_tantalus		years		5.325	kg	5325	not_in_tree_exactly	PTD00065	"VanShaik et al. 2012/Isler	 K; van Schaik	 C P (2012)/AnAge DB"	https://www.zora.uzh.ch/id/eprint/71056/ / https://www.sciencedirect.com/science/article/abs/pii/S0047248412000577	PTD00014	Galán-Acedo et al. 2019	https://www.nature.com/articles/s41597-019-0059-9	not recorded in source input	not recorded in source input	not recorded in source input	not recorded in source input	not applicable: GroupName is unique	False	missing_or_nonpositive_MLS
OWM_Cercopithecidae_Colobus_angolensis	OWM	Cercopithecidae	Colobus_angolensis	Colobus_angolensis	35.3	years	35.3	8.6	kg	8600	exact_tree_tip_match	PTD00065	"VanShaik et al. 2012/Isler	 K; van Schaik	 C P (2012)/AnAge DB"	https://www.zora.uzh.ch/id/eprint/71056/ / https://www.sciencedirect.com/science/article/abs/pii/S0047248412000577	PTD00014	Galán-Acedo et al. 2019	https://www.nature.com/articles/s41597-019-0059-9	not recorded in source input	not recorded in source input	not recorded in source input	not recorded in source input	not applicable: GroupName is unique	True	
OWM_Cercopithecidae_Colobus_guereza	OWM	Cercopithecidae	Colobus_guereza	Colobus_guereza	35.3	years	35.3	8.89	kg	8890	exact_tree_tip_match	PTD00065	"VanShaik et al. 2012/Isler	 K; van Schaik	 C P (2012)/AnAge DB"	https://www.zora.uzh.ch/id/eprint/71056/ / https://www.sciencedirect.com/science/article/abs/pii/S0047248412000577	PTD00014	Galán-Acedo et al. 2019	https://www.nature.com/articles/s41597-019-0059-9	not recorded in source input	not recorded in source input	not recorded in source input	not recorded in source input	not applicable: GroupName is unique	True	
OWM_Cercopithecidae_Colobus_polykomos	OWM	Cercopithecidae	Colobus_polykomos	Colobus_polykomos	33.9	years	33.9	9.1	kg	9100	exact_tree_tip_match	PTD00065	"VanShaik et al. 2012/Isler	 K; van Schaik	 C P (2012)/AnAge DB"	https://www.zora.uzh.ch/id/eprint/71056/ / https://www.sciencedirect.com/science/article/abs/pii/S0047248412000577	PTD00014	Galán-Acedo et al. 2019	https://www.nature.com/articles/s41597-019-0059-9	not recorded in source input	not recorded in source input	not recorded in source input	not recorded in source input	not applicable: GroupName is unique	True	
OWM_Cercopithecidae_Colobus_satanas	OWM	Cercopithecidae	Colobus_satanas	Colobus_satanas		years		8.91	kg	8910	not_in_tree_exactly	PTD00065	"VanShaik et al. 2012/Isler	 K; van Schaik	 C P (2012)/AnAge DB"	https://www.zora.uzh.ch/id/eprint/71056/ / https://www.sciencedirect.com/science/article/abs/pii/S0047248412000577	PTD00014	Galán-Acedo et al. 2019	https://www.nature.com/articles/s41597-019-0059-9	not recorded in source input	not recorded in source input	not recorded in source input	not recorded in source input	not applicable: GroupName is unique	False	missing_or_nonpositive_MLS
OWM_Cercopithecidae_Colobus_vellerosus	OWM	Cercopithecidae	Colobus_vellerosus	Colobus_vellerosus		years		7.68	kg	7680	not_in_tree_exactly	PTD00065	"VanShaik et al. 2012/Isler	 K; van Schaik	 C P (2012)/AnAge DB"	https://www.zora.uzh.ch/id/eprint/71056/ / https://www.sciencedirect.com/science/article/abs/pii/S0047248412000577	PTD00014	Galán-Acedo et al. 2019	https://www.nature.com/articles/s41597-019-0059-9	not recorded in source input	not recorded in source input	not recorded in source input	not recorded in source input	not applicable: GroupName is unique	False	missing_or_nonpositive_MLS
OWM_Cercopithecidae_Erythrocebus_patas	OWM	Cercopithecidae	Erythrocebus_patas	Erythrocebus_patas	28.3	years	28.3	9.45	kg	9450	exact_tree_tip_match	PTD00065	"VanShaik et al. 2012/Isler	 K; van Schaik	 C P (2012)/AnAge DB"	https://www.zora.uzh.ch/id/eprint/71056/ / https://www.sciencedirect.com/science/article/abs/pii/S0047248412000577	PTD00014	Galán-Acedo et al. 2019	https://www.nature.com/articles/s41597-019-0059-9	not recorded in source input	not recorded in source input	not recorded in source input	not recorded in source input	not applicable: GroupName is unique	True	
OWM_Cercopithecidae_Erythrocebus_poliophaeus	OWM	Cercopithecidae	Erythrocebus_poliophaeus	Erythrocebus_poliophaeus		years			kg		not_in_tree_exactly	PTD00065	"VanShaik et al. 2012/Isler	 K; van Schaik	 C P (2012)/AnAge DB"	https://www.zora.uzh.ch/id/eprint/71056/ / https://www.sciencedirect.com/science/article/abs/pii/S0047248412000577	PTD00014	Galán-Acedo et al. 2019	https://www.nature.com/articles/s41597-019-0059-9	not recorded in source input	not recorded in source input	not recorded in source input	not recorded in source input	not applicable: GroupName is unique	False	missing_or_nonpositive_MLS_and_body_mass
OWM_Cercopithecidae_Lophocebus_albigena	OWM	Cercopithecidae	Lophocebus_albigena	Lophocebus_albigena	29	years	29	6.95	kg	6950	not_in_tree_exactly	PTD00065	"VanShaik et al. 2012/Isler	 K; van Schaik	 C P (2012)/AnAge DB"	https://www.zora.uzh.ch/id/eprint/71056/ / https://www.sciencedirect.com/science/article/abs/pii/S0047248412000577	PTD00014	Galán-Acedo et al. 2019	https://www.nature.com/articles/s41597-019-0059-9	not recorded in source input	not recorded in source input	not recorded in source input	not recorded in source input	not applicable: GroupName is unique	True	
OWM_Cercopithecidae_Lophocebus_aterrimus	OWM	Cercopithecidae	Lophocebus_aterrimus	Lophocebus_aterrimus		years		6.8	kg	6800	exact_tree_tip_match	PTD00065	"VanShaik et al. 2012/Isler	 K; van Schaik	 C P (2012)/AnAge DB"	https://www.zora.uzh.ch/id/eprint/71056/ / https://www.sciencedirect.com/science/article/abs/pii/S0047248412000577	PTD00014	Galán-Acedo et al. 2019	https://www.nature.com/articles/s41597-019-0059-9	not recorded in source input	not recorded in source input	not recorded in source input	not recorded in source input	not applicable: GroupName is unique	False	missing_or_nonpositive_MLS
OWM_Cercopithecidae_Lophocebus_johnstoni	OWM	Cercopithecidae	Lophocebus_johnstoni	Lophocebus_johnstoni		years		6.58	kg	6580	not_in_tree_exactly	PTD00065	"VanShaik et al. 2012/Isler	 K; van Schaik	 C P (2012)/AnAge DB"	https://www.zora.uzh.ch/id/eprint/71056/ / https://www.sciencedirect.com/science/article/abs/pii/S0047248412000577	PTD00014	Galán-Acedo et al. 2019	https://www.nature.com/articles/s41597-019-0059-9	not recorded in source input	not recorded in source input	not recorded in source input	not recorded in source input	not applicable: GroupName is unique	False	missing_or_nonpositive_MLS
OWM_Cercopithecidae_Lophocebus_opdenboschi	OWM	Cercopithecidae	Lophocebus_opdenboschi	Lophocebus_opdenboschi		years		6.8	kg	6800	not_in_tree_exactly	PTD00065	"VanShaik et al. 2012/Isler	 K; van Schaik	 C P (2012)/AnAge DB"	https://www.zora.uzh.ch/id/eprint/71056/ / https://www.sciencedirect.com/science/article/abs/pii/S0047248412000577	PTD00014	Galán-Acedo et al. 2019	https://www.nature.com/articles/s41597-019-0059-9	not recorded in source input	not recorded in source input	not recorded in source input	not recorded in source input	not applicable: GroupName is unique	False	missing_or_nonpositive_MLS
OWM_Cercopithecidae_Lophocebus_osmani	OWM	Cercopithecidae	Lophocebus_osmani	Lophocebus_osmani		years		6.58	kg	6580	not_in_tree_exactly	PTD00065	"VanShaik et al. 2012/Isler	 K; van Schaik	 C P (2012)/AnAge DB"	https://www.zora.uzh.ch/id/eprint/71056/ / https://www.sciencedirect.com/science/article/abs/pii/S0047248412000577	PTD00014	Galán-Acedo et al. 2019	https://www.nature.com/articles/s41597-019-0059-9	not recorded in source input	not recorded in source input	not recorded in source input	not recorded in source input	not applicable: GroupName is unique	False	missing_or_nonpositive_MLS
OWM_Cercopithecidae_Lophocebus_ugandae	OWM	Cercopithecidae	Lophocebus_ugandae	Lophocebus_ugandae		years		6.5	kg	6500	not_in_tree_exactly	PTD00065	"VanShaik et al. 2012/Isler	 K; van Schaik	 C P (2012)/AnAge DB"	https://www.zora.uzh.ch/id/eprint/71056/ / https://www.sciencedirect.com/science/article/abs/pii/S0047248412000577	PTD00014	Galán-Acedo et al. 2019	https://www.nature.com/articles/s41597-019-0059-9	not recorded in source input	not recorded in source input	not recorded in source input	not recorded in source input	not applicable: GroupName is unique	False	missing_or_nonpositive_MLS
OWM_Cercopithecidae_Macaca_arctoides	OWM	Cercopithecidae	Macaca_arctoides	Macaca_arctoides	29.2	years	29.2	10.3	kg	10300	exact_tree_tip_match	PTD00065	"VanShaik et al. 2012/Isler	 K; van Schaik	 C P (2012)/AnAge DB"	https://www.zora.uzh.ch/id/eprint/71056/ / https://www.sciencedirect.com/science/article/abs/pii/S0047248412000577	PTD00014	Galán-Acedo et al. 2019	https://www.nature.com/articles/s41597-019-0059-9	not recorded in source input	not recorded in source input	not recorded in source input	not recorded in source input	not applicable: GroupName is unique	True	
OWM_Cercopithecidae_Macaca_assamensis	OWM	Cercopithecidae	Macaca_assamensis	Macaca_assamensis	31.4	years	31.4	9	kg	9000	exact_tree_tip_match	PTD00065	"VanShaik et al. 2012/Isler	 K; van Schaik	 C P (2012)/AnAge DB"	https://www.zora.uzh.ch/id/eprint/71056/ / https://www.sciencedirect.com/science/article/abs/pii/S0047248412000577	PTD00014	Galán-Acedo et al. 2019	https://www.nature.com/articles/s41597-019-0059-9	not recorded in source input	not recorded in source input	not recorded in source input	not recorded in source input	not applicable: GroupName is unique	True	
OWM_Cercopithecidae_Macaca_cyclopis	OWM	Cercopithecidae	Macaca_cyclopis	Macaca_cyclopis		years		5.47	kg	5470	exact_tree_tip_match	PTD00065	"VanShaik et al. 2012/Isler	 K; van Schaik	 C P (2012)/AnAge DB"	https://www.zora.uzh.ch/id/eprint/71056/ / https://www.sciencedirect.com/science/article/abs/pii/S0047248412000577	PTD00014	Galán-Acedo et al. 2019	https://www.nature.com/articles/s41597-019-0059-9	not recorded in source input	not recorded in source input	not recorded in source input	not recorded in source input	not applicable: GroupName is unique	False	missing_or_nonpositive_MLS
OWM_Cercopithecidae_Macaca_fascicularis	OWM	Cercopithecidae	Macaca_fascicularis	Macaca_fascicularis	38.5	years	38.5	4.03	kg	4030	exact_tree_tip_match	PTD00065	"VanShaik et al. 2012/Isler	 K; van Schaik	 C P (2012)/AnAge DB"	https://www.zora.uzh.ch/id/eprint/71056/ / https://www.sciencedirect.com/science/article/abs/pii/S0047248412000577	PTD00014	Galán-Acedo et al. 2019	https://www.nature.com/articles/s41597-019-0059-9	not recorded in source input	not recorded in source input	not recorded in source input	not recorded in source input	not applicable: GroupName is unique	True	
OWM_Cercopithecidae_Macaca_fuscata	OWM	Cercopithecidae	Macaca_fuscata	Macaca_fuscata	38.5	years	38.5	9.5	kg	9500	exact_tree_tip_match	PTD00065	"VanShaik et al. 2012/Isler	 K; van Schaik	 C P (2012)/AnAge DB"	https://www.zora.uzh.ch/id/eprint/71056/ / https://www.sciencedirect.com/science/article/abs/pii/S0047248412000577	PTD00014	Galán-Acedo et al. 2019	https://www.nature.com/articles/s41597-019-0059-9	not recorded in source input	not recorded in source input	not recorded in source input	not recorded in source input	not applicable: GroupName is unique	True	
OWM_Cercopithecidae_Macaca_hecki	OWM	Cercopithecidae	Macaca_hecki	Macaca_hecki		years		9	kg	9000	not_in_tree_exactly	PTD00065	"VanShaik et al. 2012/Isler	 K; van Schaik	 C P (2012)/AnAge DB"	https://www.zora.uzh.ch/id/eprint/71056/ / https://www.sciencedirect.com/science/article/abs/pii/S0047248412000577	PTD00014	Galán-Acedo et al. 2019	https://www.nature.com/articles/s41597-019-0059-9	not recorded in source input	not recorded in source input	not recorded in source input	not recorded in source input	not applicable: GroupName is unique	False	missing_or_nonpositive_MLS
OWM_Cercopithecidae_Macaca_leonina	OWM	Cercopithecidae	Macaca_leonina	Macaca_leonina		years		6.7	kg	6700	exact_tree_tip_match	PTD00065	"VanShaik et al. 2012/Isler	 K; van Schaik	 C P (2012)/AnAge DB"	https://www.zora.uzh.ch/id/eprint/71056/ / https://www.sciencedirect.com/science/article/abs/pii/S0047248412000577	PTD00014	Galán-Acedo et al. 2019	https://www.nature.com/articles/s41597-019-0059-9	not recorded in source input	not recorded in source input	not recorded in source input	not recorded in source input	not applicable: GroupName is unique	False	missing_or_nonpositive_MLS
OWM_Cercopithecidae_Macaca_leucogenys	OWM	Cercopithecidae	Macaca_leucogenys	Macaca_leucogenys		years			kg		not_in_tree_exactly	PTD00065	"VanShaik et al. 2012/Isler	 K; van Schaik	 C P (2012)/AnAge DB"	https://www.zora.uzh.ch/id/eprint/71056/ / https://www.sciencedirect.com/science/article/abs/pii/S0047248412000577	PTD00014	Galán-Acedo et al. 2019	https://www.nature.com/articles/s41597-019-0059-9	not recorded in source input	not recorded in source input	not recorded in source input	not recorded in source input	not applicable: GroupName is unique	False	missing_or_nonpositive_MLS_and_body_mass
OWM_Cercopithecidae_Macaca_maura	OWM	Cercopithecidae	Macaca_maura	Macaca_maura	33	years	33	7.88	kg	7880	exact_tree_tip_match	PTD00065	"VanShaik et al. 2012/Isler	 K; van Schaik	 C P (2012)/AnAge DB"	https://www.zora.uzh.ch/id/eprint/71056/ / https://www.sciencedirect.com/science/article/abs/pii/S0047248412000577	PTD00014	Galán-Acedo et al. 2019	https://www.nature.com/articles/s41597-019-0059-9	not recorded in source input	not recorded in source input	not recorded in source input	not recorded in source input	not applicable: GroupName is unique	True	
OWM_Cercopithecidae_Macaca_mulatta	OWM	Cercopithecidae	Macaca_mulatta	Macaca_mulatta	34	years	34	5.96	kg	5960	exact_tree_tip_match	PTD00065	"VanShaik et al. 2012/Isler	 K; van Schaik	 C P (2012)/AnAge DB"	https://www.zora.uzh.ch/id/eprint/71056/ / https://www.sciencedirect.com/science/article/abs/pii/S0047248412000577	PTD00014	Galán-Acedo et al. 2019	https://www.nature.com/articles/s41597-019-0059-9	not recorded in source input	not recorded in source input	not recorded in source input	not recorded in source input	not applicable: GroupName is unique	True	
OWM_Cercopithecidae_Macaca_munzala	OWM	Cercopithecidae	Macaca_munzala	Macaca_munzala		years		15	kg	15000	not_in_tree_exactly	PTD00065	"VanShaik et al. 2012/Isler	 K; van Schaik	 C P (2012)/AnAge DB"	https://www.zora.uzh.ch/id/eprint/71056/ / https://www.sciencedirect.com/science/article/abs/pii/S0047248412000577	PTD00014	Galán-Acedo et al. 2019	https://www.nature.com/articles/s41597-019-0059-9	not recorded in source input	not recorded in source input	not recorded in source input	not recorded in source input	not applicable: GroupName is unique	False	missing_or_nonpositive_MLS
OWM_Cercopithecidae_Macaca_nemestrina	OWM	Cercopithecidae	Macaca_nemestrina	Macaca_nemestrina	37.6	years	37.6	8.89	kg	8890	exact_tree_tip_match	PTD00065	"VanShaik et al. 2012/Isler	 K; van Schaik	 C P (2012)/AnAge DB"	https://www.zora.uzh.ch/id/eprint/71056/ / https://www.sciencedirect.com/science/article/abs/pii/S0047248412000577	PTD00014	Galán-Acedo et al. 2019	https://www.nature.com/articles/s41597-019-0059-9	not recorded in source input	not recorded in source input	not recorded in source input	not recorded in source input	not applicable: GroupName is unique	True	
OWM_Cercopithecidae_Macaca_nigra	OWM	Cercopithecidae	Macaca_nigra	Macaca_nigra	34	years	34	7.68	kg	7680	exact_tree_tip_match	PTD00065	"VanShaik et al. 2012/Isler	 K; van Schaik	 C P (2012)/AnAge DB"	https://www.zora.uzh.ch/id/eprint/71056/ / https://www.sciencedirect.com/science/article/abs/pii/S0047248412000577	PTD00014	Galán-Acedo et al. 2019	https://www.nature.com/articles/s41597-019-0059-9	not recorded in source input	not recorded in source input	not recorded in source input	not recorded in source input	not applicable: GroupName is unique	True	
OWM_Cercopithecidae_Macaca_nigrescens	OWM	Cercopithecidae	Macaca_nigrescens	Macaca_nigrescens		years		5.65	kg	5650	not_in_tree_exactly	PTD00065	"VanShaik et al. 2012/Isler	 K; van Schaik	 C P (2012)/AnAge DB"	https://www.zora.uzh.ch/id/eprint/71056/ / https://www.sciencedirect.com/science/article/abs/pii/S0047248412000577	PTD00014	Galán-Acedo et al. 2019	https://www.nature.com/articles/s41597-019-0059-9	not recorded in source input	not recorded in source input	not recorded in source input	not recorded in source input	not applicable: GroupName is unique	False	missing_or_nonpositive_MLS
OWM_Cercopithecidae_Macaca_ochreata	OWM	Cercopithecidae	Macaca_ochreata	Macaca_ochreata	29	years	29	3.95	kg	3950	not_in_tree_exactly	PTD00065	"VanShaik et al. 2012/Isler	 K; van Schaik	 C P (2012)/AnAge DB"	https://www.zora.uzh.ch/id/eprint/71056/ / https://www.sciencedirect.com/science/article/abs/pii/S0047248412000577	PTD00014	Galán-Acedo et al. 2019	https://www.nature.com/articles/s41597-019-0059-9	not recorded in source input	not recorded in source input	not recorded in source input	not recorded in source input	not applicable: GroupName is unique	True	
OWM_Cercopithecidae_Macaca_pagensis	OWM	Cercopithecidae	Macaca_pagensis	Macaca_pagensis		years		6.38	kg	6380	not_in_tree_exactly	PTD00065	"VanShaik et al. 2012/Isler	 K; van Schaik	 C P (2012)/AnAge DB"	https://www.zora.uzh.ch/id/eprint/71056/ / https://www.sciencedirect.com/science/article/abs/pii/S0047248412000577	PTD00014	Galán-Acedo et al. 2019	https://www.nature.com/articles/s41597-019-0059-9	not recorded in source input	not recorded in source input	not recorded in source input	not recorded in source input	not applicable: GroupName is unique	False	missing_or_nonpositive_MLS
OWM_Cercopithecidae_Macaca_radiata	OWM	Cercopithecidae	Macaca_radiata	Macaca_radiata	30	years	30	5.14	kg	5140	exact_tree_tip_match	PTD00065	"VanShaik et al. 2012/Isler	 K; van Schaik	 C P (2012)/AnAge DB"	https://www.zora.uzh.ch/id/eprint/71056/ / https://www.sciencedirect.com/science/article/abs/pii/S0047248412000577	PTD00014	Galán-Acedo et al. 2019	https://www.nature.com/articles/s41597-019-0059-9	not recorded in source input	not recorded in source input	not recorded in source input	not recorded in source input	not applicable: GroupName is unique	True	
OWM_Cercopithecidae_Macaca_siberu	OWM	Cercopithecidae	Macaca_siberu	Macaca_siberu		years		6.165	kg	6165	exact_tree_tip_match	PTD00065	"VanShaik et al. 2012/Isler	 K; van Schaik	 C P (2012)/AnAge DB"	https://www.zora.uzh.ch/id/eprint/71056/ / https://www.sciencedirect.com/science/article/abs/pii/S0047248412000577	PTD00014	Galán-Acedo et al. 2019	https://www.nature.com/articles/s41597-019-0059-9	not recorded in source input	not recorded in source input	not recorded in source input	not recorded in source input	not applicable: GroupName is unique	False	missing_or_nonpositive_MLS
OWM_Cercopithecidae_Macaca_silenus	OWM	Cercopithecidae	Macaca_silenus	Macaca_silenus	40	years	40	7.5	kg	7500	exact_tree_tip_match	PTD00065	"VanShaik et al. 2012/Isler	 K; van Schaik	 C P (2012)/AnAge DB"	https://www.zora.uzh.ch/id/eprint/71056/ / https://www.sciencedirect.com/science/article/abs/pii/S0047248412000577	PTD00014	Galán-Acedo et al. 2019	https://www.nature.com/articles/s41597-019-0059-9	not recorded in source input	not recorded in source input	not recorded in source input	not recorded in source input	not applicable: GroupName is unique	True	
OWM_Cercopithecidae_Macaca_sinica	OWM	Cercopithecidae	Macaca_sinica	Macaca_sinica	29.3	years	29.3	4.48	kg	4480	not_in_tree_exactly	PTD00065	"VanShaik et al. 2012/Isler	 K; van Schaik	 C P (2012)/AnAge DB"	https://www.zora.uzh.ch/id/eprint/71056/ / https://www.sciencedirect.com/science/article/abs/pii/S0047248412000577	PTD00014	Galán-Acedo et al. 2019	https://www.nature.com/articles/s41597-019-0059-9	not recorded in source input	not recorded in source input	not recorded in source input	not recorded in source input	not applicable: GroupName is unique	True	
OWM_Cercopithecidae_Macaca_sylvanus	OWM	Cercopithecidae	Macaca_sylvanus	Macaca_sylvanus	29.1	years	29.1	13.5	kg	13500	not_in_tree_exactly	PTD00065	"VanShaik et al. 2012/Isler	 K; van Schaik	 C P (2012)/AnAge DB"	https://www.zora.uzh.ch/id/eprint/71056/ / https://www.sciencedirect.com/science/article/abs/pii/S0047248412000577	PTD00014	Galán-Acedo et al. 2019	https://www.nature.com/articles/s41597-019-0059-9	not recorded in source input	not recorded in source input	not recorded in source input	not recorded in source input	not applicable: GroupName is unique	True	
OWM_Cercopithecidae_Macaca_thibetana	OWM	Cercopithecidae	Macaca_thibetana	Macaca_thibetana	27	years	27	15.55	kg	15550	exact_tree_tip_match	PTD00065	"VanShaik et al. 2012/Isler	 K; van Schaik	 C P (2012)/AnAge DB"	https://www.zora.uzh.ch/id/eprint/71056/ / https://www.sciencedirect.com/science/article/abs/pii/S0047248412000577	PTD00014	Galán-Acedo et al. 2019	https://www.nature.com/articles/s41597-019-0059-9	not recorded in source input	not recorded in source input	not recorded in source input	not recorded in source input	not applicable: GroupName is unique	True	
OWM_Cercopithecidae_Macaca_tonkeana	OWM	Cercopithecidae	Macaca_tonkeana	Macaca_tonkeana	28.4	years	28.4	11.95	kg	11950	exact_tree_tip_match	PTD00065	"VanShaik et al. 2012/Isler	 K; van Schaik	 C P (2012)/AnAge DB"	https://www.zora.uzh.ch/id/eprint/71056/ / https://www.sciencedirect.com/science/article/abs/pii/S0047248412000577	PTD00014	Galán-Acedo et al. 2019	https://www.nature.com/articles/s41597-019-0059-9	not recorded in source input	not recorded in source input	not recorded in source input	not recorded in source input	not applicable: GroupName is unique	True	
OWM_Cercopithecidae_Mandrillus_leucophaeus	OWM	Cercopithecidae	Mandrillus_leucophaeus	Mandrillus_leucophaeus	39	years	39	20.375	kg	20375	exact_tree_tip_match	PTD00065	"VanShaik et al. 2012/Isler	 K; van Schaik	 C P (2012)/AnAge DB"	https://www.zora.uzh.ch/id/eprint/71056/ / https://www.sciencedirect.com/science/article/abs/pii/S0047248412000577	PTD00014	Galán-Acedo et al. 2019	https://www.nature.com/articles/s41597-019-0059-9	not recorded in source input	not recorded in source input	not recorded in source input	not recorded in source input	not applicable: GroupName is unique	True	
OWM_Cercopithecidae_Mandrillus_sphinx	OWM	Cercopithecidae	Mandrillus_sphinx	Mandrillus_sphinx	40	years	40	23.6	kg	23600	exact_tree_tip_match	PTD00065	"VanShaik et al. 2012/Isler	 K; van Schaik	 C P (2012)/AnAge DB"	https://www.zora.uzh.ch/id/eprint/71056/ / https://www.sciencedirect.com/science/article/abs/pii/S0047248412000577	PTD00014	Galán-Acedo et al. 2019	https://www.nature.com/articles/s41597-019-0059-9	not recorded in source input	not recorded in source input	not recorded in source input	not recorded in source input	not applicable: GroupName is unique	True	
OWM_Cercopithecidae_Miopithecus_ogouensis	OWM	Cercopithecidae	Miopithecus_ogouensis	Miopithecus_ogouensis		years		1.25	kg	1250	exact_tree_tip_match	PTD00065	"VanShaik et al. 2012/Isler	 K; van Schaik	 C P (2012)/AnAge DB"	https://www.zora.uzh.ch/id/eprint/71056/ / https://www.sciencedirect.com/science/article/abs/pii/S0047248412000577	PTD00014	Galán-Acedo et al. 2019	https://www.nature.com/articles/s41597-019-0059-9	not recorded in source input	not recorded in source input	not recorded in source input	not recorded in source input	not applicable: GroupName is unique	False	missing_or_nonpositive_MLS
OWM_Cercopithecidae_Miopithecus_talapoin	OWM	Cercopithecidae	Miopithecus_talapoin	Miopithecus_talapoin	27	years	27	1.25	kg	1250	not_in_tree_exactly	PTD00065	"VanShaik et al. 2012/Isler	 K; van Schaik	 C P (2012)/AnAge DB"	https://www.zora.uzh.ch/id/eprint/71056/ / https://www.sciencedirect.com/science/article/abs/pii/S0047248412000577	PTD00014	Galán-Acedo et al. 2019	https://www.nature.com/articles/s41597-019-0059-9	not recorded in source input	not recorded in source input	not recorded in source input	not recorded in source input	not applicable: GroupName is unique	True	
OWM_Cercopithecidae_Nasalis_larvatus	OWM	Cercopithecidae	Nasalis_larvatus	Nasalis_larvatus	25.1	years	25.1	15.75	kg	15750	exact_tree_tip_match	PTD00065	"VanShaik et al. 2012/Isler	 K; van Schaik	 C P (2012)/AnAge DB"	https://www.zora.uzh.ch/id/eprint/71056/ / https://www.sciencedirect.com/science/article/abs/pii/S0047248412000577	PTD00014	Galán-Acedo et al. 2019	https://www.nature.com/articles/s41597-019-0059-9	not recorded in source input	not recorded in source input	not recorded in source input	not recorded in source input	not applicable: GroupName is unique	True	
OWM_Cercopithecidae_Papio_anubis	OWM	Cercopithecidae	Papio_anubis	Papio_anubis	31.6	years	31.6	16.65	kg	16650	exact_tree_tip_match	PTD00065	"VanShaik et al. 2012/Isler	 K; van Schaik	 C P (2012)/AnAge DB"	https://www.zora.uzh.ch/id/eprint/71056/ / https://www.sciencedirect.com/science/article/abs/pii/S0047248412000577	PTD00014	Galán-Acedo et al. 2019	https://www.nature.com/articles/s41597-019-0059-9	not recorded in source input	not recorded in source input	not recorded in source input	not recorded in source input	not applicable: GroupName is unique	True	
OWM_Cercopithecidae_Papio_cynocephalus	OWM	Cercopithecidae	Papio_cynocephalus	Papio_cynocephalus	34.1	years	34.1	17.05	kg	17050	exact_tree_tip_match	PTD00065	"VanShaik et al. 2012/Isler	 K; van Schaik	 C P (2012)/AnAge DB"	https://www.zora.uzh.ch/id/eprint/71056/ / https://www.sciencedirect.com/science/article/abs/pii/S0047248412000577	PTD00014	Galán-Acedo et al. 2019	https://www.nature.com/articles/s41597-019-0059-9	not recorded in source input	not recorded in source input	not recorded in source input	not recorded in source input	not applicable: GroupName is unique	True	
OWM_Cercopithecidae_Papio_hamadryas	OWM	Cercopithecidae	Papio_hamadryas	Papio_hamadryas	37.5	years	37.5	13.4	kg	13400	exact_tree_tip_match	PTD00065	"VanShaik et al. 2012/Isler	 K; van Schaik	 C P (2012)/AnAge DB"	https://www.zora.uzh.ch/id/eprint/71056/ / https://www.sciencedirect.com/science/article/abs/pii/S0047248412000577	PTD00014	Galán-Acedo et al. 2019	https://www.nature.com/articles/s41597-019-0059-9	not recorded in source input	not recorded in source input	not recorded in source input	not recorded in source input	not applicable: GroupName is unique	True	
OWM_Cercopithecidae_Papio_kindae	OWM	Cercopithecidae	Papio_kindae	Papio_kindae		years		13	kg	13000	exact_tree_tip_match	PTD00065	"VanShaik et al. 2012/Isler	 K; van Schaik	 C P (2012)/AnAge DB"	https://www.zora.uzh.ch/id/eprint/71056/ / https://www.sciencedirect.com/science/article/abs/pii/S0047248412000577	PTD00014	Galán-Acedo et al. 2019	https://www.nature.com/articles/s41597-019-0059-9	not recorded in source input	not recorded in source input	not recorded in source input	not recorded in source input	not applicable: GroupName is unique	False	missing_or_nonpositive_MLS
OWM_Cercopithecidae_Papio_papio	OWM	Cercopithecidae	Papio_papio	Papio_papio		years		17.5	kg	17500	exact_tree_tip_match	PTD00065	"VanShaik et al. 2012/Isler	 K; van Schaik	 C P (2012)/AnAge DB"	https://www.zora.uzh.ch/id/eprint/71056/ / https://www.sciencedirect.com/science/article/abs/pii/S0047248412000577	PTD00014	Galán-Acedo et al. 2019	https://www.nature.com/articles/s41597-019-0059-9	not recorded in source input	not recorded in source input	not recorded in source input	not recorded in source input	not applicable: GroupName is unique	False	missing_or_nonpositive_MLS
OWM_Cercopithecidae_Papio_ursinus	OWM	Cercopithecidae	Papio_ursinus	Papio_ursinus	32.6	years	32.6	22.3	kg	22300	exact_tree_tip_match	PTD00065	"VanShaik et al. 2012/Isler	 K; van Schaik	 C P (2012)/AnAge DB"	https://www.zora.uzh.ch/id/eprint/71056/ / https://www.sciencedirect.com/science/article/abs/pii/S0047248412000577	PTD00014	Galán-Acedo et al. 2019	https://www.nature.com/articles/s41597-019-0059-9	not recorded in source input	not recorded in source input	not recorded in source input	not recorded in source input	not applicable: GroupName is unique	True	
OWM_Cercopithecidae_Piliocolobus_badius	OWM	Cercopithecidae	Piliocolobus_badius	Piliocolobus_badius		years		8.25	kg	8250	exact_tree_tip_match	PTD00065	"VanShaik et al. 2012/Isler	 K; van Schaik	 C P (2012)/AnAge DB"	https://www.zora.uzh.ch/id/eprint/71056/ / https://www.sciencedirect.com/science/article/abs/pii/S0047248412000577	PTD00014	Galán-Acedo et al. 2019	https://www.nature.com/articles/s41597-019-0059-9	not recorded in source input	not recorded in source input	not recorded in source input	not recorded in source input	not applicable: GroupName is unique	False	missing_or_nonpositive_MLS
OWM_Cercopithecidae_Piliocolobus_bouvieri	OWM	Cercopithecidae	Piliocolobus_bouvieri	Piliocolobus_bouvieri		years			kg		not_in_tree_exactly	PTD00065	"VanShaik et al. 2012/Isler	 K; van Schaik	 C P (2012)/AnAge DB"	https://www.zora.uzh.ch/id/eprint/71056/ / https://www.sciencedirect.com/science/article/abs/pii/S0047248412000577	PTD00014	Galán-Acedo et al. 2019	https://www.nature.com/articles/s41597-019-0059-9	not recorded in source input	not recorded in source input	not recorded in source input	not recorded in source input	not applicable: GroupName is unique	False	missing_or_nonpositive_MLS_and_body_mass
OWM_Cercopithecidae_Piliocolobus_epieni	OWM	Cercopithecidae	Piliocolobus_epieni	Piliocolobus_epieni		years			kg		not_in_tree_exactly	PTD00065	"VanShaik et al. 2012/Isler	 K; van Schaik	 C P (2012)/AnAge DB"	https://www.zora.uzh.ch/id/eprint/71056/ / https://www.sciencedirect.com/science/article/abs/pii/S0047248412000577	PTD00014	Galán-Acedo et al. 2019	https://www.nature.com/articles/s41597-019-0059-9	not recorded in source input	not recorded in source input	not recorded in source input	not recorded in source input	not applicable: GroupName is unique	False	missing_or_nonpositive_MLS_and_body_mass
OWM_Cercopithecidae_Piliocolobus_foai	OWM	Cercopithecidae	Piliocolobus_foai	Piliocolobus_foai		years		9.5	kg	9500	not_in_tree_exactly	PTD00065	"VanShaik et al. 2012/Isler	 K; van Schaik	 C P (2012)/AnAge DB"	https://www.zora.uzh.ch/id/eprint/71056/ / https://www.sciencedirect.com/science/article/abs/pii/S0047248412000577	PTD00014	Galán-Acedo et al. 2019	https://www.nature.com/articles/s41597-019-0059-9	not recorded in source input	not recorded in source input	not recorded in source input	not recorded in source input	not applicable: GroupName is unique	False	missing_or_nonpositive_MLS
OWM_Cercopithecidae_Piliocolobus_gordonorum	OWM	Cercopithecidae	Piliocolobus_gordonorum	Piliocolobus_gordonorum		years		7.05	kg	7050	exact_tree_tip_match	PTD00065	"VanShaik et al. 2012/Isler	 K; van Schaik	 C P (2012)/AnAge DB"	https://www.zora.uzh.ch/id/eprint/71056/ / https://www.sciencedirect.com/science/article/abs/pii/S0047248412000577	PTD00014	Galán-Acedo et al. 2019	https://www.nature.com/articles/s41597-019-0059-9	not recorded in source input	not recorded in source input	not recorded in source input	not recorded in source input	not applicable: GroupName is unique	False	missing_or_nonpositive_MLS
OWM_Cercopithecidae_Piliocolobus_kirkii	OWM	Cercopithecidae	Piliocolobus_kirkii	Piliocolobus_kirkii		years		6.9	kg	6900	exact_tree_tip_match	PTD00065	"VanShaik et al. 2012/Isler	 K; van Schaik	 C P (2012)/AnAge DB"	https://www.zora.uzh.ch/id/eprint/71056/ / https://www.sciencedirect.com/science/article/abs/pii/S0047248412000577	PTD00014	Galán-Acedo et al. 2019	https://www.nature.com/articles/s41597-019-0059-9	not recorded in source input	not recorded in source input	not recorded in source input	not recorded in source input	not applicable: GroupName is unique	False	missing_or_nonpositive_MLS
OWM_Cercopithecidae_Piliocolobus_langi	OWM	Cercopithecidae	Piliocolobus_langi	Piliocolobus_langi		years		6.59	kg	6590	not_in_tree_exactly	PTD00065	"VanShaik et al. 2012/Isler	 K; van Schaik	 C P (2012)/AnAge DB"	https://www.zora.uzh.ch/id/eprint/71056/ / https://www.sciencedirect.com/science/article/abs/pii/S0047248412000577	PTD00014	Galán-Acedo et al. 2019	https://www.nature.com/articles/s41597-019-0059-9	not recorded in source input	not recorded in source input	not recorded in source input	not recorded in source input	not applicable: GroupName is unique	False	missing_or_nonpositive_MLS
OWM_Cercopithecidae_Piliocolobus_lulindicus	OWM	Cercopithecidae	Piliocolobus_lulindicus	Piliocolobus_lulindicus		years			kg		not_in_tree_exactly	PTD00065	"VanShaik et al. 2012/Isler	 K; van Schaik	 C P (2012)/AnAge DB"	https://www.zora.uzh.ch/id/eprint/71056/ / https://www.sciencedirect.com/science/article/abs/pii/S0047248412000577	PTD00014	Galán-Acedo et al. 2019	https://www.nature.com/articles/s41597-019-0059-9	not recorded in source input	not recorded in source input	not recorded in source input	not recorded in source input	not applicable: GroupName is unique	False	missing_or_nonpositive_MLS_and_body_mass
OWM_Cercopithecidae_Piliocolobus_oustaleti	OWM	Cercopithecidae	Piliocolobus_oustaleti	Piliocolobus_oustaleti		years		10.35	kg	10350	not_in_tree_exactly	PTD00065	"VanShaik et al. 2012/Isler	 K; van Schaik	 C P (2012)/AnAge DB"	https://www.zora.uzh.ch/id/eprint/71056/ / https://www.sciencedirect.com/science/article/abs/pii/S0047248412000577	PTD00014	Galán-Acedo et al. 2019	https://www.nature.com/articles/s41597-019-0059-9	not recorded in source input	not recorded in source input	not recorded in source input	not recorded in source input	not applicable: GroupName is unique	False	missing_or_nonpositive_MLS
OWM_Cercopithecidae_Piliocolobus_parmentieri	OWM	Cercopithecidae	Piliocolobus_parmentieri	Piliocolobus_parmentieri		years		8.3	kg	8300	not_in_tree_exactly	PTD00065	"VanShaik et al. 2012/Isler	 K; van Schaik	 C P (2012)/AnAge DB"	https://www.zora.uzh.ch/id/eprint/71056/ / https://www.sciencedirect.com/science/article/abs/pii/S0047248412000577	PTD00014	Galán-Acedo et al. 2019	https://www.nature.com/articles/s41597-019-0059-9	not recorded in source input	not recorded in source input	not recorded in source input	not recorded in source input	not applicable: GroupName is unique	False	missing_or_nonpositive_MLS
OWM_Cercopithecidae_Piliocolobus_pennantii	OWM	Cercopithecidae	Piliocolobus_pennantii	Piliocolobus_pennantii		years		7.4	kg	7400	not_in_tree_exactly	PTD00065	"VanShaik et al. 2012/Isler	 K; van Schaik	 C P (2012)/AnAge DB"	https://www.zora.uzh.ch/id/eprint/71056/ / https://www.sciencedirect.com/science/article/abs/pii/S0047248412000577	PTD00014	Galán-Acedo et al. 2019	https://www.nature.com/articles/s41597-019-0059-9	not recorded in source input	not recorded in source input	not recorded in source input	not recorded in source input	not applicable: GroupName is unique	False	missing_or_nonpositive_MLS
OWM_Cercopithecidae_Piliocolobus_preussi	OWM	Cercopithecidae	Piliocolobus_preussi	Piliocolobus_preussi		years		8.3	kg	8300	not_in_tree_exactly	PTD00065	"VanShaik et al. 2012/Isler	 K; van Schaik	 C P (2012)/AnAge DB"	https://www.zora.uzh.ch/id/eprint/71056/ / https://www.sciencedirect.com/science/article/abs/pii/S0047248412000577	PTD00014	Galán-Acedo et al. 2019	https://www.nature.com/articles/s41597-019-0059-9	not recorded in source input	not recorded in source input	not recorded in source input	not recorded in source input	not applicable: GroupName is unique	False	missing_or_nonpositive_MLS
OWM_Cercopithecidae_Piliocolobus_rufomitratus	OWM	Cercopithecidae	Piliocolobus_rufomitratus	Piliocolobus_rufomitratus		years		9	kg	9000	not_in_tree_exactly	PTD00065	"VanShaik et al. 2012/Isler	 K; van Schaik	 C P (2012)/AnAge DB"	https://www.zora.uzh.ch/id/eprint/71056/ / https://www.sciencedirect.com/science/article/abs/pii/S0047248412000577	PTD00014	Galán-Acedo et al. 2019	https://www.nature.com/articles/s41597-019-0059-9	not recorded in source input	not recorded in source input	not recorded in source input	not recorded in source input	not applicable: GroupName is unique	False	missing_or_nonpositive_MLS
OWM_Cercopithecidae_Piliocolobus_semlikiensis	OWM	Cercopithecidae	Piliocolobus_semlikiensis	Piliocolobus_semlikiensis		years			kg		not_in_tree_exactly	PTD00065	"VanShaik et al. 2012/Isler	 K; van Schaik	 C P (2012)/AnAge DB"	https://www.zora.uzh.ch/id/eprint/71056/ / https://www.sciencedirect.com/science/article/abs/pii/S0047248412000577	PTD00014	Galán-Acedo et al. 2019	https://www.nature.com/articles/s41597-019-0059-9	not recorded in source input	not recorded in source input	not recorded in source input	not recorded in source input	not applicable: GroupName is unique	False	missing_or_nonpositive_MLS_and_body_mass
OWM_Cercopithecidae_Piliocolobus_temminckii	OWM	Cercopithecidae	Piliocolobus_temminckii	Piliocolobus_temminckii		years		6.175	kg	6175	not_in_tree_exactly	PTD00065	"VanShaik et al. 2012/Isler	 K; van Schaik	 C P (2012)/AnAge DB"	https://www.zora.uzh.ch/id/eprint/71056/ / https://www.sciencedirect.com/science/article/abs/pii/S0047248412000577	PTD00014	Galán-Acedo et al. 2019	https://www.nature.com/articles/s41597-019-0059-9	not recorded in source input	not recorded in source input	not recorded in source input	not recorded in source input	not applicable: GroupName is unique	False	missing_or_nonpositive_MLS
OWM_Cercopithecidae_Piliocolobus_tephrosceles	OWM	Cercopithecidae	Piliocolobus_tephrosceles	Piliocolobus_tephrosceles		years		8.75	kg	8750	exact_tree_tip_match	PTD00065	"VanShaik et al. 2012/Isler	 K; van Schaik	 C P (2012)/AnAge DB"	https://www.zora.uzh.ch/id/eprint/71056/ / https://www.sciencedirect.com/science/article/abs/pii/S0047248412000577	PTD00014	Galán-Acedo et al. 2019	https://www.nature.com/articles/s41597-019-0059-9	not recorded in source input	not recorded in source input	not recorded in source input	not recorded in source input	not applicable: GroupName is unique	False	missing_or_nonpositive_MLS
OWM_Cercopithecidae_Piliocolobus_tholloni	OWM	Cercopithecidae	Piliocolobus_tholloni	Piliocolobus_tholloni		years			kg		not_in_tree_exactly	PTD00065	"VanShaik et al. 2012/Isler	 K; van Schaik	 C P (2012)/AnAge DB"	https://www.zora.uzh.ch/id/eprint/71056/ / https://www.sciencedirect.com/science/article/abs/pii/S0047248412000577	PTD00014	Galán-Acedo et al. 2019	https://www.nature.com/articles/s41597-019-0059-9	not recorded in source input	not recorded in source input	not recorded in source input	not recorded in source input	not applicable: GroupName is unique	False	missing_or_nonpositive_MLS_and_body_mass
OWM_Cercopithecidae_Piliocolobus_waldronae	OWM	Cercopithecidae	Piliocolobus_waldronae	Piliocolobus_waldronae		years		5.9	kg	5900	not_in_tree_exactly	PTD00065	"VanShaik et al. 2012/Isler	 K; van Schaik	 C P (2012)/AnAge DB"	https://www.zora.uzh.ch/id/eprint/71056/ / https://www.sciencedirect.com/science/article/abs/pii/S0047248412000577	PTD00014	Galán-Acedo et al. 2019	https://www.nature.com/articles/s41597-019-0059-9	not recorded in source input	not recorded in source input	not recorded in source input	not recorded in source input	not applicable: GroupName is unique	False	missing_or_nonpositive_MLS
OWM_Cercopithecidae_Presbytis_bicolor	OWM	Cercopithecidae	Presbytis_bicolor	Presbytis_bicolor		years		6.43	kg	6430	not_in_tree_exactly	PTD00065	"VanShaik et al. 2012/Isler	 K; van Schaik	 C P (2012)/AnAge DB"	https://www.zora.uzh.ch/id/eprint/71056/ / https://www.sciencedirect.com/science/article/abs/pii/S0047248412000577	PTD00014	Galán-Acedo et al. 2019	https://www.nature.com/articles/s41597-019-0059-9	not recorded in source input	not recorded in source input	not recorded in source input	not recorded in source input	not applicable: GroupName is unique	False	missing_or_nonpositive_MLS
OWM_Cercopithecidae_Presbytis_canicrus	OWM	Cercopithecidae	Presbytis_canicrus	Presbytis_canicrus		years		6.125	kg	6125	not_in_tree_exactly	PTD00065	"VanShaik et al. 2012/Isler	 K; van Schaik	 C P (2012)/AnAge DB"	https://www.zora.uzh.ch/id/eprint/71056/ / https://www.sciencedirect.com/science/article/abs/pii/S0047248412000577	PTD00014	Galán-Acedo et al. 2019	https://www.nature.com/articles/s41597-019-0059-9	not recorded in source input	not recorded in source input	not recorded in source input	not recorded in source input	not applicable: GroupName is unique	False	missing_or_nonpositive_MLS
OWM_Cercopithecidae_Presbytis_chrysomelas	OWM	Cercopithecidae	Presbytis_chrysomelas	Presbytis_chrysomelas		years		7.05	kg	7050	not_in_tree_exactly	PTD00065	"VanShaik et al. 2012/Isler	 K; van Schaik	 C P (2012)/AnAge DB"	https://www.zora.uzh.ch/id/eprint/71056/ / https://www.sciencedirect.com/science/article/abs/pii/S0047248412000577	PTD00014	Galán-Acedo et al. 2019	https://www.nature.com/articles/s41597-019-0059-9	not recorded in source input	not recorded in source input	not recorded in source input	not recorded in source input	not applicable: GroupName is unique	False	missing_or_nonpositive_MLS
OWM_Cercopithecidae_Presbytis_comata	OWM	Cercopithecidae	Presbytis_comata	Presbytis_comata		years		6.7	kg	6700	exact_tree_tip_match	PTD00065	"VanShaik et al. 2012/Isler	 K; van Schaik	 C P (2012)/AnAge DB"	https://www.zora.uzh.ch/id/eprint/71056/ / https://www.sciencedirect.com/science/article/abs/pii/S0047248412000577	PTD00014	Galán-Acedo et al. 2019	https://www.nature.com/articles/s41597-019-0059-9	not recorded in source input	not recorded in source input	not recorded in source input	not recorded in source input	not applicable: GroupName is unique	False	missing_or_nonpositive_MLS
OWM_Cercopithecidae_Presbytis_femoralis	OWM	Cercopithecidae	Presbytis_femoralis	Presbytis_femoralis		years		6.22	kg	6220	not_in_tree_exactly	PTD00065	"VanShaik et al. 2012/Isler	 K; van Schaik	 C P (2012)/AnAge DB"	https://www.zora.uzh.ch/id/eprint/71056/ / https://www.sciencedirect.com/science/article/abs/pii/S0047248412000577	PTD00014	Galán-Acedo et al. 2019	https://www.nature.com/articles/s41597-019-0059-9	not recorded in source input	not recorded in source input	not recorded in source input	not recorded in source input	not applicable: GroupName is unique	False	missing_or_nonpositive_MLS
OWM_Cercopithecidae_Presbytis_frontata	OWM	Cercopithecidae	Presbytis_frontata	Presbytis_frontata		years		5.61	kg	5610	not_in_tree_exactly	PTD00065	"VanShaik et al. 2012/Isler	 K; van Schaik	 C P (2012)/AnAge DB"	https://www.zora.uzh.ch/id/eprint/71056/ / https://www.sciencedirect.com/science/article/abs/pii/S0047248412000577	PTD00014	Galán-Acedo et al. 2019	https://www.nature.com/articles/s41597-019-0059-9	not recorded in source input	not recorded in source input	not recorded in source input	not recorded in source input	not applicable: GroupName is unique	False	missing_or_nonpositive_MLS
OWM_Cercopithecidae_Presbytis_hosei	OWM	Cercopithecidae	Presbytis_hosei	Presbytis_hosei		years		5.9	kg	5900	not_in_tree_exactly	PTD00065	"VanShaik et al. 2012/Isler	 K; van Schaik	 C P (2012)/AnAge DB"	https://www.zora.uzh.ch/id/eprint/71056/ / https://www.sciencedirect.com/science/article/abs/pii/S0047248412000577	PTD00014	Galán-Acedo et al. 2019	https://www.nature.com/articles/s41597-019-0059-9	not recorded in source input	not recorded in source input	not recorded in source input	not recorded in source input	not applicable: GroupName is unique	False	missing_or_nonpositive_MLS
OWM_Cercopithecidae_Presbytis_melalophos	OWM	Cercopithecidae	Presbytis_melalophos	Presbytis_melalophos	20	years	20	6.53	kg	6530	not_in_tree_exactly	PTD00065	"VanShaik et al. 2012/Isler	 K; van Schaik	 C P (2012)/AnAge DB"	https://www.zora.uzh.ch/id/eprint/71056/ / https://www.sciencedirect.com/science/article/abs/pii/S0047248412000577	PTD00014	Galán-Acedo et al. 2019	https://www.nature.com/articles/s41597-019-0059-9	not recorded in source input	not recorded in source input	not recorded in source input	not recorded in source input	not applicable: GroupName is unique	True	
OWM_Cercopithecidae_Presbytis_mitrata	OWM	Cercopithecidae	Presbytis_mitrata	Presbytis_mitrata		years		5.8	kg	5800	exact_tree_tip_match	PTD00065	"VanShaik et al. 2012/Isler	 K; van Schaik	 C P (2012)/AnAge DB"	https://www.zora.uzh.ch/id/eprint/71056/ / https://www.sciencedirect.com/science/article/abs/pii/S0047248412000577	PTD00014	Galán-Acedo et al. 2019	https://www.nature.com/articles/s41597-019-0059-9	not recorded in source input	not recorded in source input	not recorded in source input	not recorded in source input	not applicable: GroupName is unique	False	missing_or_nonpositive_MLS
OWM_Cercopithecidae_Presbytis_natunae	OWM	Cercopithecidae	Presbytis_natunae	Presbytis_natunae		years		7.05	kg	7050	not_in_tree_exactly	PTD00065	"VanShaik et al. 2012/Isler	 K; van Schaik	 C P (2012)/AnAge DB"	https://www.zora.uzh.ch/id/eprint/71056/ / https://www.sciencedirect.com/science/article/abs/pii/S0047248412000577	PTD00014	Galán-Acedo et al. 2019	https://www.nature.com/articles/s41597-019-0059-9	not recorded in source input	not recorded in source input	not recorded in source input	not recorded in source input	not applicable: GroupName is unique	False	missing_or_nonpositive_MLS
OWM_Cercopithecidae_Presbytis_potenziani	OWM	Cercopithecidae	Presbytis_potenziani	Presbytis_potenziani		years		6.27	kg	6270	not_in_tree_exactly	PTD00065	"VanShaik et al. 2012/Isler	 K; van Schaik	 C P (2012)/AnAge DB"	https://www.zora.uzh.ch/id/eprint/71056/ / https://www.sciencedirect.com/science/article/abs/pii/S0047248412000577	PTD00014	Galán-Acedo et al. 2019	https://www.nature.com/articles/s41597-019-0059-9	not recorded in source input	not recorded in source input	not recorded in source input	not recorded in source input	not applicable: GroupName is unique	False	missing_or_nonpositive_MLS
OWM_Cercopithecidae_Presbytis_rubicunda	OWM	Cercopithecidae	Presbytis_rubicunda	Presbytis_rubicunda		years		6.13	kg	6130	not_in_tree_exactly	PTD00065	"VanShaik et al. 2012/Isler	 K; van Schaik	 C P (2012)/AnAge DB"	https://www.zora.uzh.ch/id/eprint/71056/ / https://www.sciencedirect.com/science/article/abs/pii/S0047248412000577	PTD00014	Galán-Acedo et al. 2019	https://www.nature.com/articles/s41597-019-0059-9	not recorded in source input	not recorded in source input	not recorded in source input	not recorded in source input	not applicable: GroupName is unique	False	missing_or_nonpositive_MLS
OWM_Cercopithecidae_Presbytis_sabana	OWM	Cercopithecidae	Presbytis_sabana	Presbytis_sabana		years		5.9	kg	5900	not_in_tree_exactly	PTD00065	"VanShaik et al. 2012/Isler	 K; van Schaik	 C P (2012)/AnAge DB"	https://www.zora.uzh.ch/id/eprint/71056/ / https://www.sciencedirect.com/science/article/abs/pii/S0047248412000577	PTD00014	Galán-Acedo et al. 2019	https://www.nature.com/articles/s41597-019-0059-9	not recorded in source input	not recorded in source input	not recorded in source input	not recorded in source input	not applicable: GroupName is unique	False	missing_or_nonpositive_MLS
OWM_Cercopithecidae_Presbytis_siamensis	OWM	Cercopithecidae	Presbytis_siamensis	Presbytis_siamensis		years		7.65	kg	7650	not_in_tree_exactly	PTD00065	"VanShaik et al. 2012/Isler	 K; van Schaik	 C P (2012)/AnAge DB"	https://www.zora.uzh.ch/id/eprint/71056/ / https://www.sciencedirect.com/science/article/abs/pii/S0047248412000577	PTD00014	Galán-Acedo et al. 2019	https://www.nature.com/articles/s41597-019-0059-9	not recorded in source input	not recorded in source input	not recorded in source input	not recorded in source input	not applicable: GroupName is unique	False	missing_or_nonpositive_MLS
OWM_Cercopithecidae_Presbytis_siberu	OWM	Cercopithecidae	Presbytis_siberu	Presbytis_siberu		years		6.45	kg	6450	not_in_tree_exactly	PTD00065	"VanShaik et al. 2012/Isler	 K; van Schaik	 C P (2012)/AnAge DB"	https://www.zora.uzh.ch/id/eprint/71056/ / https://www.sciencedirect.com/science/article/abs/pii/S0047248412000577	PTD00014	Galán-Acedo et al. 2019	https://www.nature.com/articles/s41597-019-0059-9	not recorded in source input	not recorded in source input	not recorded in source input	not recorded in source input	not applicable: GroupName is unique	False	missing_or_nonpositive_MLS
OWM_Cercopithecidae_Presbytis_sumatrana	OWM	Cercopithecidae	Presbytis_sumatrana	Presbytis_sumatrana		years		6.42	kg	6420	not_in_tree_exactly	PTD00065	"VanShaik et al. 2012/Isler	 K; van Schaik	 C P (2012)/AnAge DB"	https://www.zora.uzh.ch/id/eprint/71056/ / https://www.sciencedirect.com/science/article/abs/pii/S0047248412000577	PTD00014	Galán-Acedo et al. 2019	https://www.nature.com/articles/s41597-019-0059-9	not recorded in source input	not recorded in source input	not recorded in source input	not recorded in source input	not applicable: GroupName is unique	False	missing_or_nonpositive_MLS
OWM_Cercopithecidae_Presbytis_thomasi	OWM	Cercopithecidae	Presbytis_thomasi	Presbytis_thomasi		years		6.73	kg	6730	not_in_tree_exactly	PTD00065	"VanShaik et al. 2012/Isler	 K; van Schaik	 C P (2012)/AnAge DB"	https://www.zora.uzh.ch/id/eprint/71056/ / https://www.sciencedirect.com/science/article/abs/pii/S0047248412000577	PTD00014	Galán-Acedo et al. 2019	https://www.nature.com/articles/s41597-019-0059-9	not recorded in source input	not recorded in source input	not recorded in source input	not recorded in source input	not applicable: GroupName is unique	False	missing_or_nonpositive_MLS
OWM_Cercopithecidae_Procolobus_verus	OWM	Cercopithecidae	Procolobus_verus	Procolobus_verus		years		4.45	kg	4450	not_in_tree_exactly	PTD00065	"VanShaik et al. 2012/Isler	 K; van Schaik	 C P (2012)/AnAge DB"	https://www.zora.uzh.ch/id/eprint/71056/ / https://www.sciencedirect.com/science/article/abs/pii/S0047248412000577	PTD00014	Galán-Acedo et al. 2019	https://www.nature.com/articles/s41597-019-0059-9	not recorded in source input	not recorded in source input	not recorded in source input	not recorded in source input	not applicable: GroupName is unique	False	missing_or_nonpositive_MLS
OWM_Cercopithecidae_Pygathrix_cinerea	OWM	Cercopithecidae	Pygathrix_cinerea	Pygathrix_cinerea		years		9.98	kg	9980	exact_tree_tip_match	PTD00065	"VanShaik et al. 2012/Isler	 K; van Schaik	 C P (2012)/AnAge DB"	https://www.zora.uzh.ch/id/eprint/71056/ / https://www.sciencedirect.com/science/article/abs/pii/S0047248412000577	PTD00014	Galán-Acedo et al. 2019	https://www.nature.com/articles/s41597-019-0059-9	not recorded in source input	not recorded in source input	not recorded in source input	not recorded in source input	not applicable: GroupName is unique	False	missing_or_nonpositive_MLS
OWM_Cercopithecidae_Pygathrix_nemaeus	OWM	Cercopithecidae	Pygathrix_nemaeus	Pygathrix_nemaeus	26	years	26	9.72	kg	9720	exact_tree_tip_match	PTD00065	"VanShaik et al. 2012/Isler	 K; van Schaik	 C P (2012)/AnAge DB"	https://www.zora.uzh.ch/id/eprint/71056/ / https://www.sciencedirect.com/science/article/abs/pii/S0047248412000577	PTD00014	Galán-Acedo et al. 2019	https://www.nature.com/articles/s41597-019-0059-9	not recorded in source input	not recorded in source input	not recorded in source input	not recorded in source input	not applicable: GroupName is unique	True	
OWM_Cercopithecidae_Pygathrix_nigripes	OWM	Cercopithecidae	Pygathrix_nigripes	Pygathrix_nigripes		years		9.88	kg	9880	exact_tree_tip_match	PTD00065	"VanShaik et al. 2012/Isler	 K; van Schaik	 C P (2012)/AnAge DB"	https://www.zora.uzh.ch/id/eprint/71056/ / https://www.sciencedirect.com/science/article/abs/pii/S0047248412000577	PTD00014	Galán-Acedo et al. 2019	https://www.nature.com/articles/s41597-019-0059-9	not recorded in source input	not recorded in source input	not recorded in source input	not recorded in source input	not applicable: GroupName is unique	False	missing_or_nonpositive_MLS
OWM_Cercopithecidae_Rhinopithecus_avunculus	OWM	Cercopithecidae	Rhinopithecus_avunculus	Rhinopithecus_avunculus		years		11.25	kg	11250	not_in_tree_exactly	PTD00065	"VanShaik et al. 2012/Isler	 K; van Schaik	 C P (2012)/AnAge DB"	https://www.zora.uzh.ch/id/eprint/71056/ / https://www.sciencedirect.com/science/article/abs/pii/S0047248412000577	PTD00014	Galán-Acedo et al. 2019	https://www.nature.com/articles/s41597-019-0059-9	not recorded in source input	not recorded in source input	not recorded in source input	not recorded in source input	not applicable: GroupName is unique	False	missing_or_nonpositive_MLS
OWM_Cercopithecidae_Rhinopithecus_bieti	OWM	Cercopithecidae	Rhinopithecus_bieti	Rhinopithecus_bieti		years		12.48	kg	12480	exact_tree_tip_match	PTD00065	"VanShaik et al. 2012/Isler	 K; van Schaik	 C P (2012)/AnAge DB"	https://www.zora.uzh.ch/id/eprint/71056/ / https://www.sciencedirect.com/science/article/abs/pii/S0047248412000577	PTD00014	Galán-Acedo et al. 2019	https://www.nature.com/articles/s41597-019-0059-9	not recorded in source input	not recorded in source input	not recorded in source input	not recorded in source input	not applicable: GroupName is unique	False	missing_or_nonpositive_MLS
OWM_Cercopithecidae_Rhinopithecus_brelichi	OWM	Cercopithecidae	Rhinopithecus_brelichi	Rhinopithecus_brelichi		years		11.25	kg	11250	not_in_tree_exactly	PTD00065	"VanShaik et al. 2012/Isler	 K; van Schaik	 C P (2012)/AnAge DB"	https://www.zora.uzh.ch/id/eprint/71056/ / https://www.sciencedirect.com/science/article/abs/pii/S0047248412000577	PTD00014	Galán-Acedo et al. 2019	https://www.nature.com/articles/s41597-019-0059-9	not recorded in source input	not recorded in source input	not recorded in source input	not recorded in source input	not applicable: GroupName is unique	False	missing_or_nonpositive_MLS
OWM_Cercopithecidae_Rhinopithecus_roxellana	OWM	Cercopithecidae	Rhinopithecus_roxellana	Rhinopithecus_roxellana	29.5	years	29.5	14.75	kg	14750	exact_tree_tip_match	PTD00065	"VanShaik et al. 2012/Isler	 K; van Schaik	 C P (2012)/AnAge DB"	https://www.zora.uzh.ch/id/eprint/71056/ / https://www.sciencedirect.com/science/article/abs/pii/S0047248412000577	PTD00014	Galán-Acedo et al. 2019	https://www.nature.com/articles/s41597-019-0059-9	not recorded in source input	not recorded in source input	not recorded in source input	not recorded in source input	not applicable: GroupName is unique	True	
OWM_Cercopithecidae_Rhinopithecus_strykeri	OWM	Cercopithecidae	Rhinopithecus_strykeri	Rhinopithecus_strykeri		years		11.25	kg	11250	not_in_tree_exactly	PTD00065	"VanShaik et al. 2012/Isler	 K; van Schaik	 C P (2012)/AnAge DB"	https://www.zora.uzh.ch/id/eprint/71056/ / https://www.sciencedirect.com/science/article/abs/pii/S0047248412000577	PTD00014	Galán-Acedo et al. 2019	https://www.nature.com/articles/s41597-019-0059-9	not recorded in source input	not recorded in source input	not recorded in source input	not recorded in source input	not applicable: GroupName is unique	False	missing_or_nonpositive_MLS
OWM_Cercopithecidae_Rungwecebus_kipunji	OWM	Cercopithecidae	Rungwecebus_kipunji	Rungwecebus_kipunji		years		10	kg	10000	not_in_tree_exactly	PTD00065	"VanShaik et al. 2012/Isler	 K; van Schaik	 C P (2012)/AnAge DB"	https://www.zora.uzh.ch/id/eprint/71056/ / https://www.sciencedirect.com/science/article/abs/pii/S0047248412000577	PTD00014	Galán-Acedo et al. 2019	https://www.nature.com/articles/s41597-019-0059-9	not recorded in source input	not recorded in source input	not recorded in source input	not recorded in source input	not applicable: GroupName is unique	False	missing_or_nonpositive_MLS
OWM_Cercopithecidae_Semnopithecus_ajax	OWM	Cercopithecidae	Semnopithecus_ajax	Semnopithecus_ajax		years		20.15	kg	20150	not_in_tree_exactly	PTD00065	"VanShaik et al. 2012/Isler	 K; van Schaik	 C P (2012)/AnAge DB"	https://www.zora.uzh.ch/id/eprint/71056/ / https://www.sciencedirect.com/science/article/abs/pii/S0047248412000577	PTD00014	Galán-Acedo et al. 2019	https://www.nature.com/articles/s41597-019-0059-9	not recorded in source input	not recorded in source input	not recorded in source input	not recorded in source input	not applicable: GroupName is unique	False	missing_or_nonpositive_MLS
OWM_Cercopithecidae_Semnopithecus_entellus	OWM	Cercopithecidae	Semnopithecus_entellus	Semnopithecus_entellus	29	years	29	11.44	kg	11440	exact_tree_tip_match	PTD00065	"VanShaik et al. 2012/Isler	 K; van Schaik	 C P (2012)/AnAge DB"	https://www.zora.uzh.ch/id/eprint/71056/ / https://www.sciencedirect.com/science/article/abs/pii/S0047248412000577	PTD00014	Galán-Acedo et al. 2019	https://www.nature.com/articles/s41597-019-0059-9	not recorded in source input	not recorded in source input	not recorded in source input	not recorded in source input	not applicable: GroupName is unique	True	
OWM_Cercopithecidae_Semnopithecus_hector	OWM	Cercopithecidae	Semnopithecus_hector	Semnopithecus_hector		years		15.3	kg	15300	not_in_tree_exactly	PTD00065	"VanShaik et al. 2012/Isler	 K; van Schaik	 C P (2012)/AnAge DB"	https://www.zora.uzh.ch/id/eprint/71056/ / https://www.sciencedirect.com/science/article/abs/pii/S0047248412000577	PTD00014	Galán-Acedo et al. 2019	https://www.nature.com/articles/s41597-019-0059-9	not recorded in source input	not recorded in source input	not recorded in source input	not recorded in source input	not applicable: GroupName is unique	False	missing_or_nonpositive_MLS
OWM_Cercopithecidae_Semnopithecus_hypoleucos	OWM	Cercopithecidae	Semnopithecus_hypoleucos	Semnopithecus_hypoleucos		years		13.1	kg	13100	exact_tree_tip_match	PTD00065	"VanShaik et al. 2012/Isler	 K; van Schaik	 C P (2012)/AnAge DB"	https://www.zora.uzh.ch/id/eprint/71056/ / https://www.sciencedirect.com/science/article/abs/pii/S0047248412000577	PTD00014	Galán-Acedo et al. 2019	https://www.nature.com/articles/s41597-019-0059-9	not recorded in source input	not recorded in source input	not recorded in source input	not recorded in source input	not applicable: GroupName is unique	False	missing_or_nonpositive_MLS
OWM_Cercopithecidae_Semnopithecus_johnii	OWM	Cercopithecidae	Semnopithecus_johnii	Semnopithecus_johnii	34	years	34	11.6	kg	11600	exact_tree_tip_match	PTD00065	"VanShaik et al. 2012/Isler	 K; van Schaik	 C P (2012)/AnAge DB"	https://www.zora.uzh.ch/id/eprint/71056/ / https://www.sciencedirect.com/science/article/abs/pii/S0047248412000577	PTD00014	Galán-Acedo et al. 2019	https://www.nature.com/articles/s41597-019-0059-9	not recorded in source input	not recorded in source input	not recorded in source input	not recorded in source input	not applicable: GroupName is unique	True	
OWM_Cercopithecidae_Semnopithecus_priam	OWM	Cercopithecidae	Semnopithecus_priam	Semnopithecus_priam		years			kg		exact_tree_tip_match	PTD00065	"VanShaik et al. 2012/Isler	 K; van Schaik	 C P (2012)/AnAge DB"	https://www.zora.uzh.ch/id/eprint/71056/ / https://www.sciencedirect.com/science/article/abs/pii/S0047248412000577	PTD00014	Galán-Acedo et al. 2019	https://www.nature.com/articles/s41597-019-0059-9	not recorded in source input	not recorded in source input	not recorded in source input	not recorded in source input	not applicable: GroupName is unique	False	missing_or_nonpositive_MLS_and_body_mass
OWM_Cercopithecidae_Semnopithecus_schistaceus	OWM	Cercopithecidae	Semnopithecus_schistaceus	Semnopithecus_schistaceus		years		17	kg	17000	exact_tree_tip_match	PTD00065	"VanShaik et al. 2012/Isler	 K; van Schaik	 C P (2012)/AnAge DB"	https://www.zora.uzh.ch/id/eprint/71056/ / https://www.sciencedirect.com/science/article/abs/pii/S0047248412000577	PTD00014	Galán-Acedo et al. 2019	https://www.nature.com/articles/s41597-019-0059-9	not recorded in source input	not recorded in source input	not recorded in source input	not recorded in source input	not applicable: GroupName is unique	False	missing_or_nonpositive_MLS
OWM_Cercopithecidae_Semnopithecus_vetulus	OWM	Cercopithecidae	Semnopithecus_vetulus	Semnopithecus_vetulus	26.1	years	26.1	7.03	kg	7030	exact_tree_tip_match	PTD00065	"VanShaik et al. 2012/Isler	 K; van Schaik	 C P (2012)/AnAge DB"	https://www.zora.uzh.ch/id/eprint/71056/ / https://www.sciencedirect.com/science/article/abs/pii/S0047248412000577	PTD00014	Galán-Acedo et al. 2019	https://www.nature.com/articles/s41597-019-0059-9	not recorded in source input	not recorded in source input	not recorded in source input	not recorded in source input	not applicable: GroupName is unique	True	
OWM_Cercopithecidae_Simias_concolor	OWM	Cercopithecidae	Simias_concolor	Simias_concolor		years		7.97	kg	7970	not_in_tree_exactly	PTD00065	"VanShaik et al. 2012/Isler	 K; van Schaik	 C P (2012)/AnAge DB"	https://www.zora.uzh.ch/id/eprint/71056/ / https://www.sciencedirect.com/science/article/abs/pii/S0047248412000577	PTD00014	Galán-Acedo et al. 2019	https://www.nature.com/articles/s41597-019-0059-9	not recorded in source input	not recorded in source input	not recorded in source input	not recorded in source input	not applicable: GroupName is unique	False	missing_or_nonpositive_MLS
OWM_Cercopithecidae_Theropithecus_gelada	OWM	Cercopithecidae	Theropithecus_gelada	Theropithecus_gelada	35.5	years	35.5	15.35	kg	15350	exact_tree_tip_match	PTD00065	"VanShaik et al. 2012/Isler	 K; van Schaik	 C P (2012)/AnAge DB"	https://www.zora.uzh.ch/id/eprint/71056/ / https://www.sciencedirect.com/science/article/abs/pii/S0047248412000577	PTD00014	Galán-Acedo et al. 2019	https://www.nature.com/articles/s41597-019-0059-9	not recorded in source input	not recorded in source input	not recorded in source input	not recorded in source input	not applicable: GroupName is unique	True	
OWM_Cercopithecidae_Trachypithecus_auratus	OWM	Cercopithecidae	Trachypithecus_auratus	Trachypithecus_auratus	31.1	years	31.1		kg		exact_tree_tip_match	PTD00065	"VanShaik et al. 2012/Isler	 K; van Schaik	 C P (2012)/AnAge DB"	https://www.zora.uzh.ch/id/eprint/71056/ / https://www.sciencedirect.com/science/article/abs/pii/S0047248412000577	PTD00014	Galán-Acedo et al. 2019	https://www.nature.com/articles/s41597-019-0059-9	not recorded in source input	not recorded in source input	not recorded in source input	not recorded in source input	not applicable: GroupName is unique	False	missing_or_nonpositive_body_mass
OWM_Cercopithecidae_Trachypithecus_barbei	OWM	Cercopithecidae	Trachypithecus_barbei	Trachypithecus_barbei		years		6.4	kg	6400	not_in_tree_exactly	PTD00065	"VanShaik et al. 2012/Isler	 K; van Schaik	 C P (2012)/AnAge DB"	https://www.zora.uzh.ch/id/eprint/71056/ / https://www.sciencedirect.com/science/article/abs/pii/S0047248412000577	PTD00014	Galán-Acedo et al. 2019	https://www.nature.com/articles/s41597-019-0059-9	not recorded in source input	not recorded in source input	not recorded in source input	not recorded in source input	not applicable: GroupName is unique	False	missing_or_nonpositive_MLS
OWM_Cercopithecidae_Trachypithecus_crepusculus	OWM	Cercopithecidae	Trachypithecus_crepusculus	Trachypithecus_crepusculus		years		6.65	kg	6650	exact_tree_tip_match	PTD00065	"VanShaik et al. 2012/Isler	 K; van Schaik	 C P (2012)/AnAge DB"	https://www.zora.uzh.ch/id/eprint/71056/ / https://www.sciencedirect.com/science/article/abs/pii/S0047248412000577	PTD00014	Galán-Acedo et al. 2019	https://www.nature.com/articles/s41597-019-0059-9	not recorded in source input	not recorded in source input	not recorded in source input	not recorded in source input	not applicable: GroupName is unique	False	missing_or_nonpositive_MLS
OWM_Cercopithecidae_Trachypithecus_cristatus	OWM	Cercopithecidae	Trachypithecus_cristatus	Trachypithecus_cristatus	28.3	years	28.3	6.25	kg	6250	exact_tree_tip_match	PTD00065	"VanShaik et al. 2012/Isler	 K; van Schaik	 C P (2012)/AnAge DB"	https://www.zora.uzh.ch/id/eprint/71056/ / https://www.sciencedirect.com/science/article/abs/pii/S0047248412000577	PTD00014	Galán-Acedo et al. 2019	https://www.nature.com/articles/s41597-019-0059-9	not recorded in source input	not recorded in source input	not recorded in source input	not recorded in source input	not applicable: GroupName is unique	True	
OWM_Cercopithecidae_Trachypithecus_delacouri	OWM	Cercopithecidae	Trachypithecus_delacouri	Trachypithecus_delacouri		years		8.175	kg	8175	not_in_tree_exactly	PTD00065	"VanShaik et al. 2012/Isler	 K; van Schaik	 C P (2012)/AnAge DB"	https://www.zora.uzh.ch/id/eprint/71056/ / https://www.sciencedirect.com/science/article/abs/pii/S0047248412000577	PTD00014	Galán-Acedo et al. 2019	https://www.nature.com/articles/s41597-019-0059-9	not recorded in source input	not recorded in source input	not recorded in source input	not recorded in source input	not applicable: GroupName is unique	False	missing_or_nonpositive_MLS
OWM_Cercopithecidae_Trachypithecus_ebenus	OWM	Cercopithecidae	Trachypithecus_ebenus	Trachypithecus_ebenus		years		10.3	kg	10300	not_in_tree_exactly	PTD00065	"VanShaik et al. 2012/Isler	 K; van Schaik	 C P (2012)/AnAge DB"	https://www.zora.uzh.ch/id/eprint/71056/ / https://www.sciencedirect.com/science/article/abs/pii/S0047248412000577	PTD00014	Galán-Acedo et al. 2019	https://www.nature.com/articles/s41597-019-0059-9	not recorded in source input	not recorded in source input	not recorded in source input	not recorded in source input	not applicable: GroupName is unique	False	missing_or_nonpositive_MLS
OWM_Cercopithecidae_Trachypithecus_francoisi	OWM	Cercopithecidae	Trachypithecus_francoisi	Trachypithecus_francoisi	26.3	years	26.3	7.52	kg	7520	exact_tree_tip_match	PTD00065	"VanShaik et al. 2012/Isler	 K; van Schaik	 C P (2012)/AnAge DB"	https://www.zora.uzh.ch/id/eprint/71056/ / https://www.sciencedirect.com/science/article/abs/pii/S0047248412000577	PTD00014	Galán-Acedo et al. 2019	https://www.nature.com/articles/s41597-019-0059-9	not recorded in source input	not recorded in source input	not recorded in source input	not recorded in source input	not applicable: GroupName is unique	True	
OWM_Cercopithecidae_Trachypithecus_geei	OWM	Cercopithecidae	Trachypithecus_geei	Trachypithecus_geei		years		10.15	kg	10150	exact_tree_tip_match	PTD00065	"VanShaik et al. 2012/Isler	 K; van Schaik	 C P (2012)/AnAge DB"	https://www.zora.uzh.ch/id/eprint/71056/ / https://www.sciencedirect.com/science/article/abs/pii/S0047248412000577	PTD00014	Galán-Acedo et al. 2019	https://www.nature.com/articles/s41597-019-0059-9	not recorded in source input	not recorded in source input	not recorded in source input	not recorded in source input	not applicable: GroupName is unique	False	missing_or_nonpositive_MLS
OWM_Cercopithecidae_Trachypithecus_germaini	OWM	Cercopithecidae	Trachypithecus_germaini	Trachypithecus_germaini		years		8.83	kg	8830	exact_tree_tip_match	PTD00065	"VanShaik et al. 2012/Isler	 K; van Schaik	 C P (2012)/AnAge DB"	https://www.zora.uzh.ch/id/eprint/71056/ / https://www.sciencedirect.com/science/article/abs/pii/S0047248412000577	PTD00014	Galán-Acedo et al. 2019	https://www.nature.com/articles/s41597-019-0059-9	not recorded in source input	not recorded in source input	not recorded in source input	not recorded in source input	not applicable: GroupName is unique	False	missing_or_nonpositive_MLS
OWM_Cercopithecidae_Trachypithecus_hatinhensis	OWM	Cercopithecidae	Trachypithecus_hatinhensis	Trachypithecus_hatinhensis		years		7.275	kg	7275	exact_tree_tip_match	PTD00065	"VanShaik et al. 2012/Isler	 K; van Schaik	 C P (2012)/AnAge DB"	https://www.zora.uzh.ch/id/eprint/71056/ / https://www.sciencedirect.com/science/article/abs/pii/S0047248412000577	PTD00014	Galán-Acedo et al. 2019	https://www.nature.com/articles/s41597-019-0059-9	not recorded in source input	not recorded in source input	not recorded in source input	not recorded in source input	not applicable: GroupName is unique	False	missing_or_nonpositive_MLS
OWM_Cercopithecidae_Trachypithecus_laotum	OWM	Cercopithecidae	Trachypithecus_laotum	Trachypithecus_laotum		years		7	kg	7000	exact_tree_tip_match	PTD00065	"VanShaik et al. 2012/Isler	 K; van Schaik	 C P (2012)/AnAge DB"	https://www.zora.uzh.ch/id/eprint/71056/ / https://www.sciencedirect.com/science/article/abs/pii/S0047248412000577	PTD00014	Galán-Acedo et al. 2019	https://www.nature.com/articles/s41597-019-0059-9	not recorded in source input	not recorded in source input	not recorded in source input	not recorded in source input	not applicable: GroupName is unique	False	missing_or_nonpositive_MLS
OWM_Cercopithecidae_Trachypithecus_leucocephalus	OWM	Cercopithecidae	Trachypithecus_leucocephalus	Trachypithecus_leucocephalus		years		8.285	kg	8285	exact_tree_tip_match	PTD00065	"VanShaik et al. 2012/Isler	 K; van Schaik	 C P (2012)/AnAge DB"	https://www.zora.uzh.ch/id/eprint/71056/ / https://www.sciencedirect.com/science/article/abs/pii/S0047248412000577	PTD00014	Galán-Acedo et al. 2019	https://www.nature.com/articles/s41597-019-0059-9	not recorded in source input	not recorded in source input	not recorded in source input	not recorded in source input	not applicable: GroupName is unique	False	missing_or_nonpositive_MLS
OWM_Cercopithecidae_Trachypithecus_margarita	OWM	Cercopithecidae	Trachypithecus_margarita	Trachypithecus_margarita		years			kg		not_in_tree_exactly	PTD00065	"VanShaik et al. 2012/Isler	 K; van Schaik	 C P (2012)/AnAge DB"	https://www.zora.uzh.ch/id/eprint/71056/ / https://www.sciencedirect.com/science/article/abs/pii/S0047248412000577	PTD00014	Galán-Acedo et al. 2019	https://www.nature.com/articles/s41597-019-0059-9	not recorded in source input	not recorded in source input	not recorded in source input	not recorded in source input	not applicable: GroupName is unique	False	missing_or_nonpositive_MLS_and_body_mass
OWM_Cercopithecidae_Trachypithecus_mauritius	OWM	Cercopithecidae	Trachypithecus_mauritius	Trachypithecus_mauritius		years			kg		not_in_tree_exactly	PTD00065	"VanShaik et al. 2012/Isler	 K; van Schaik	 C P (2012)/AnAge DB"	https://www.zora.uzh.ch/id/eprint/71056/ / https://www.sciencedirect.com/science/article/abs/pii/S0047248412000577	PTD00014	Galán-Acedo et al. 2019	https://www.nature.com/articles/s41597-019-0059-9	not recorded in source input	not recorded in source input	not recorded in source input	not recorded in source input	not applicable: GroupName is unique	False	missing_or_nonpositive_MLS_and_body_mass
OWM_Cercopithecidae_Trachypithecus_obscurus	OWM	Cercopithecidae	Trachypithecus_obscurus	Trachypithecus_obscurus	33.9	years	33.9	6.99	kg	6990	exact_tree_tip_match	PTD00065	"VanShaik et al. 2012/Isler	 K; van Schaik	 C P (2012)/AnAge DB"	https://www.zora.uzh.ch/id/eprint/71056/ / https://www.sciencedirect.com/science/article/abs/pii/S0047248412000577	PTD00014	Galán-Acedo et al. 2019	https://www.nature.com/articles/s41597-019-0059-9	not recorded in source input	not recorded in source input	not recorded in source input	not recorded in source input	not applicable: GroupName is unique	True	
OWM_Cercopithecidae_Trachypithecus_phayrei	OWM	Cercopithecidae	Trachypithecus_phayrei	Trachypithecus_phayrei	28.3	years	28.3	7.44	kg	7440	exact_tree_tip_match	PTD00065	"VanShaik et al. 2012/Isler	 K; van Schaik	 C P (2012)/AnAge DB"	https://www.zora.uzh.ch/id/eprint/71056/ / https://www.sciencedirect.com/science/article/abs/pii/S0047248412000577	PTD00014	Galán-Acedo et al. 2019	https://www.nature.com/articles/s41597-019-0059-9	not recorded in source input	not recorded in source input	not recorded in source input	not recorded in source input	not applicable: GroupName is unique	True	
OWM_Cercopithecidae_Trachypithecus_pileatus	OWM	Cercopithecidae	Trachypithecus_pileatus	Trachypithecus_pileatus	25.2	years	25.2	10.93	kg	10930	exact_tree_tip_match	PTD00065	"VanShaik et al. 2012/Isler	 K; van Schaik	 C P (2012)/AnAge DB"	https://www.zora.uzh.ch/id/eprint/71056/ / https://www.sciencedirect.com/science/article/abs/pii/S0047248412000577	PTD00014	Galán-Acedo et al. 2019	https://www.nature.com/articles/s41597-019-0059-9	not recorded in source input	not recorded in source input	not recorded in source input	not recorded in source input	not applicable: GroupName is unique	True	
OWM_Cercopithecidae_Trachypithecus_poliocephalus	OWM	Cercopithecidae	Trachypithecus_poliocephalus	Trachypithecus_poliocephalus		years		7.6	kg	7600	not_in_tree_exactly	PTD00065	"VanShaik et al. 2012/Isler	 K; van Schaik	 C P (2012)/AnAge DB"	https://www.zora.uzh.ch/id/eprint/71056/ / https://www.sciencedirect.com/science/article/abs/pii/S0047248412000577	PTD00014	Galán-Acedo et al. 2019	https://www.nature.com/articles/s41597-019-0059-9	not recorded in source input	not recorded in source input	not recorded in source input	not recorded in source input	not applicable: GroupName is unique	False	missing_or_nonpositive_MLS
OWM_Cercopithecidae_Trachypithecus_selangorensis	OWM	Cercopithecidae	Trachypithecus_selangorensis	Trachypithecus_selangorensis		years			kg		not_in_tree_exactly	PTD00065	"VanShaik et al. 2012/Isler	 K; van Schaik	 C P (2012)/AnAge DB"	https://www.zora.uzh.ch/id/eprint/71056/ / https://www.sciencedirect.com/science/article/abs/pii/S0047248412000577	PTD00014	Galán-Acedo et al. 2019	https://www.nature.com/articles/s41597-019-0059-9	not recorded in source input	not recorded in source input	not recorded in source input	not recorded in source input	not applicable: GroupName is unique	False	missing_or_nonpositive_MLS_and_body_mass
OWM_Cercopithecidae_Trachypithecus_shortridgei	OWM	Cercopithecidae	Trachypithecus_shortridgei	Trachypithecus_shortridgei		years			kg		not_in_tree_exactly	PTD00065	"VanShaik et al. 2012/Isler	 K; van Schaik	 C P (2012)/AnAge DB"	https://www.zora.uzh.ch/id/eprint/71056/ / https://www.sciencedirect.com/science/article/abs/pii/S0047248412000577	PTD00014	Galán-Acedo et al. 2019	https://www.nature.com/articles/s41597-019-0059-9	not recorded in source input	not recorded in source input	not recorded in source input	not recorded in source input	not applicable: GroupName is unique	False	missing_or_nonpositive_MLS_and_body_mass
PLA_Aotidae_Aotus_azarae	PLA	Aotidae	Aotus_azarae	Aotus_azarae	21.2	years	21.2	1.21	kg	1210	exact_tree_tip_match	PTD00065	"VanShaik et al. 2012/Isler	 K; van Schaik	 C P (2012)/AnAge DB"	https://www.zora.uzh.ch/id/eprint/71056/ / https://www.sciencedirect.com/science/article/abs/pii/S0047248412000577	PTD00014	Galán-Acedo et al. 2019	https://www.nature.com/articles/s41597-019-0059-9	not recorded in source input	not recorded in source input	not recorded in source input	not recorded in source input	not applicable: GroupName is unique	True	
PLA_Aotidae_Aotus_brumbacki	PLA	Aotidae	Aotus_brumbacki	Aotus_brumbacki		years		0.67	kg	670	not_in_tree_exactly	PTD00065	"VanShaik et al. 2012/Isler	 K; van Schaik	 C P (2012)/AnAge DB"	https://www.zora.uzh.ch/id/eprint/71056/ / https://www.sciencedirect.com/science/article/abs/pii/S0047248412000577	PTD00014	Galán-Acedo et al. 2019	https://www.nature.com/articles/s41597-019-0059-9	not recorded in source input	not recorded in source input	not recorded in source input	not recorded in source input	not applicable: GroupName is unique	False	missing_or_nonpositive_MLS
PLA_Aotidae_Aotus_griseimembra	PLA	Aotidae	Aotus_griseimembra	Aotus_griseimembra		years		0.51	kg	510	exact_tree_tip_match	PTD00065	"VanShaik et al. 2012/Isler	 K; van Schaik	 C P (2012)/AnAge DB"	https://www.zora.uzh.ch/id/eprint/71056/ / https://www.sciencedirect.com/science/article/abs/pii/S0047248412000577	PTD00014	Galán-Acedo et al. 2019	https://www.nature.com/articles/s41597-019-0059-9	not recorded in source input	not recorded in source input	not recorded in source input	not recorded in source input	not applicable: GroupName is unique	False	missing_or_nonpositive_MLS
PLA_Aotidae_Aotus_jorgehernandezi	PLA	Aotidae	Aotus_jorgehernandezi	Aotus_jorgehernandezi		years			kg		not_in_tree_exactly	PTD00065	"VanShaik et al. 2012/Isler	 K; van Schaik	 C P (2012)/AnAge DB"	https://www.zora.uzh.ch/id/eprint/71056/ / https://www.sciencedirect.com/science/article/abs/pii/S0047248412000577	PTD00014	Galán-Acedo et al. 2019	https://www.nature.com/articles/s41597-019-0059-9	not recorded in source input	not recorded in source input	not recorded in source input	not recorded in source input	not applicable: GroupName is unique	False	missing_or_nonpositive_MLS_and_body_mass
PLA_Aotidae_Aotus_lemurinus	PLA	Aotidae	Aotus_lemurinus	Aotus_lemurinus	33.8	years	33.8	0.89	kg	890	not_in_tree_exactly	PTD00065	"VanShaik et al. 2012/Isler	 K; van Schaik	 C P (2012)/AnAge DB"	https://www.zora.uzh.ch/id/eprint/71056/ / https://www.sciencedirect.com/science/article/abs/pii/S0047248412000577	PTD00014	Galán-Acedo et al. 2019	https://www.nature.com/articles/s41597-019-0059-9	not recorded in source input	not recorded in source input	not recorded in source input	not recorded in source input	not applicable: GroupName is unique	True	
PLA_Aotidae_Aotus_miconax	PLA	Aotidae	Aotus_miconax	Aotus_miconax		years		0.8	kg	800	not_in_tree_exactly	PTD00065	"VanShaik et al. 2012/Isler	 K; van Schaik	 C P (2012)/AnAge DB"	https://www.zora.uzh.ch/id/eprint/71056/ / https://www.sciencedirect.com/science/article/abs/pii/S0047248412000577	PTD00014	Galán-Acedo et al. 2019	https://www.nature.com/articles/s41597-019-0059-9	not recorded in source input	not recorded in source input	not recorded in source input	not recorded in source input	not applicable: GroupName is unique	False	missing_or_nonpositive_MLS
PLA_Aotidae_Aotus_nancymaae	PLA	Aotidae	Aotus_nancymaae	Aotus_nancymaae		years		0.79	kg	790	not_in_tree_exactly	PTD00065	"VanShaik et al. 2012/Isler	 K; van Schaik	 C P (2012)/AnAge DB"	https://www.zora.uzh.ch/id/eprint/71056/ / https://www.sciencedirect.com/science/article/abs/pii/S0047248412000577	PTD00014	Galán-Acedo et al. 2019	https://www.nature.com/articles/s41597-019-0059-9	not recorded in source input	not recorded in source input	not recorded in source input	not recorded in source input	not applicable: GroupName is unique	False	missing_or_nonpositive_MLS
PLA_Aotidae_Aotus_nigriceps	PLA	Aotidae	Aotus_nigriceps	Aotus_nigriceps		years		0.96	kg	960	not_in_tree_exactly	PTD00065	"VanShaik et al. 2012/Isler	 K; van Schaik	 C P (2012)/AnAge DB"	https://www.zora.uzh.ch/id/eprint/71056/ / https://www.sciencedirect.com/science/article/abs/pii/S0047248412000577	PTD00014	Galán-Acedo et al. 2019	https://www.nature.com/articles/s41597-019-0059-9	not recorded in source input	not recorded in source input	not recorded in source input	not recorded in source input	not applicable: GroupName is unique	False	missing_or_nonpositive_MLS
PLA_Aotidae_Aotus_trivirgatus	PLA	Aotidae	Aotus_trivirgatus	Aotus_trivirgatus	30.1	years	30.1	0.77	kg	770	exact_tree_tip_match	PTD00065	"VanShaik et al. 2012/Isler	 K; van Schaik	 C P (2012)/AnAge DB"	https://www.zora.uzh.ch/id/eprint/71056/ / https://www.sciencedirect.com/science/article/abs/pii/S0047248412000577	PTD00014	Galán-Acedo et al. 2019	https://www.nature.com/articles/s41597-019-0059-9	not recorded in source input	not recorded in source input	not recorded in source input	not recorded in source input	not applicable: GroupName is unique	True	
PLA_Aotidae_Aotus_vociferans	PLA	Aotidae	Aotus_vociferans	Aotus_vociferans	22.1	years	22.1	0.7	kg	700	exact_tree_tip_match	PTD00065	"VanShaik et al. 2012/Isler	 K; van Schaik	 C P (2012)/AnAge DB"	https://www.zora.uzh.ch/id/eprint/71056/ / https://www.sciencedirect.com/science/article/abs/pii/S0047248412000577	PTD00014	Galán-Acedo et al. 2019	https://www.nature.com/articles/s41597-019-0059-9	not recorded in source input	not recorded in source input	not recorded in source input	not recorded in source input	not applicable: GroupName is unique	True	
PLA_Aotidae_Aotus_zonalis	PLA	Aotidae	Aotus_zonalis	Aotus_zonalis		years		0.9	kg	900	not_in_tree_exactly	PTD00065	"VanShaik et al. 2012/Isler	 K; van Schaik	 C P (2012)/AnAge DB"	https://www.zora.uzh.ch/id/eprint/71056/ / https://www.sciencedirect.com/science/article/abs/pii/S0047248412000577	PTD00014	Galán-Acedo et al. 2019	https://www.nature.com/articles/s41597-019-0059-9	not recorded in source input	not recorded in source input	not recorded in source input	not recorded in source input	not applicable: GroupName is unique	False	missing_or_nonpositive_MLS
PLA_Atelidae_Alouatta_arctoidea	PLA	Atelidae	Alouatta_arctoidea	Alouatta_arctoidea		years		6.37	kg	6370	not_in_tree_exactly	PTD00065	"VanShaik et al. 2012/Isler	 K; van Schaik	 C P (2012)/AnAge DB"	https://www.zora.uzh.ch/id/eprint/71056/ / https://www.sciencedirect.com/science/article/abs/pii/S0047248412000577	PTD00014	Galán-Acedo et al. 2019	https://www.nature.com/articles/s41597-019-0059-9	not recorded in source input	not recorded in source input	not recorded in source input	not recorded in source input	not applicable: GroupName is unique	False	missing_or_nonpositive_MLS
PLA_Atelidae_Alouatta_belzebul	PLA	Atelidae	Alouatta_belzebul	Alouatta_belzebul		years		6.4	kg	6400	exact_tree_tip_match	PTD00065	"VanShaik et al. 2012/Isler	 K; van Schaik	 C P (2012)/AnAge DB"	https://www.zora.uzh.ch/id/eprint/71056/ / https://www.sciencedirect.com/science/article/abs/pii/S0047248412000577	PTD00014	Galán-Acedo et al. 2019	https://www.nature.com/articles/s41597-019-0059-9	not recorded in source input	not recorded in source input	not recorded in source input	not recorded in source input	not applicable: GroupName is unique	False	missing_or_nonpositive_MLS
PLA_Atelidae_Alouatta_caraya	PLA	Atelidae	Alouatta_caraya	Alouatta_caraya	32.4	years	32.4	5.38	kg	5380	exact_tree_tip_match	PTD00065	"VanShaik et al. 2012/Isler	 K; van Schaik	 C P (2012)/AnAge DB"	https://www.zora.uzh.ch/id/eprint/71056/ / https://www.sciencedirect.com/science/article/abs/pii/S0047248412000577	PTD00014	Galán-Acedo et al. 2019	https://www.nature.com/articles/s41597-019-0059-9	not recorded in source input	not recorded in source input	not recorded in source input	not recorded in source input	not applicable: GroupName is unique	True	
PLA_Atelidae_Alouatta_discolor	PLA	Atelidae	Alouatta_discolor	Alouatta_discolor		years		6.37	kg	6370	exact_tree_tip_match	PTD00065	"VanShaik et al. 2012/Isler	 K; van Schaik	 C P (2012)/AnAge DB"	https://www.zora.uzh.ch/id/eprint/71056/ / https://www.sciencedirect.com/science/article/abs/pii/S0047248412000577	PTD00014	Galán-Acedo et al. 2019	https://www.nature.com/articles/s41597-019-0059-9	not recorded in source input	not recorded in source input	not recorded in source input	not recorded in source input	not applicable: GroupName is unique	False	missing_or_nonpositive_MLS
PLA_Atelidae_Alouatta_guariba	PLA	Atelidae	Alouatta_guariba	Alouatta_guariba		years		5.54	kg	5540	not_in_tree_exactly	PTD00065	"VanShaik et al. 2012/Isler	 K; van Schaik	 C P (2012)/AnAge DB"	https://www.zora.uzh.ch/id/eprint/71056/ / https://www.sciencedirect.com/science/article/abs/pii/S0047248412000577	PTD00014	Galán-Acedo et al. 2019	https://www.nature.com/articles/s41597-019-0059-9	not recorded in source input	not recorded in source input	not recorded in source input	not recorded in source input	not applicable: GroupName is unique	False	missing_or_nonpositive_MLS
PLA_Atelidae_Alouatta_macconnelli	PLA	Atelidae	Alouatta_macconnelli	Alouatta_macconnelli		years		6.37	kg	6370	exact_tree_tip_match	PTD00065	"VanShaik et al. 2012/Isler	 K; van Schaik	 C P (2012)/AnAge DB"	https://www.zora.uzh.ch/id/eprint/71056/ / https://www.sciencedirect.com/science/article/abs/pii/S0047248412000577	PTD00014	Galán-Acedo et al. 2019	https://www.nature.com/articles/s41597-019-0059-9	not recorded in source input	not recorded in source input	not recorded in source input	not recorded in source input	not applicable: GroupName is unique	False	missing_or_nonpositive_MLS
PLA_Atelidae_Alouatta_nigerrima	PLA	Atelidae	Alouatta_nigerrima	Alouatta_nigerrima		years		6.45	kg	6450	exact_tree_tip_match	PTD00065	"VanShaik et al. 2012/Isler	 K; van Schaik	 C P (2012)/AnAge DB"	https://www.zora.uzh.ch/id/eprint/71056/ / https://www.sciencedirect.com/science/article/abs/pii/S0047248412000577	PTD00014	Galán-Acedo et al. 2019	https://www.nature.com/articles/s41597-019-0059-9	not recorded in source input	not recorded in source input	not recorded in source input	not recorded in source input	not applicable: GroupName is unique	False	missing_or_nonpositive_MLS
PLA_Atelidae_Alouatta_palliata	PLA	Atelidae	Alouatta_palliata	Alouatta_palliata	24	years	24	6.12	kg	6120	exact_tree_tip_match	PTD00065	"VanShaik et al. 2012/Isler	 K; van Schaik	 C P (2012)/AnAge DB"	https://www.zora.uzh.ch/id/eprint/71056/ / https://www.sciencedirect.com/science/article/abs/pii/S0047248412000577	PTD00014	Galán-Acedo et al. 2019	https://www.nature.com/articles/s41597-019-0059-9	not recorded in source input	not recorded in source input	not recorded in source input	not recorded in source input	not applicable: GroupName is unique	True	
PLA_Atelidae_Alouatta_pigra	PLA	Atelidae	Alouatta_pigra	Alouatta_pigra		years		6.56	kg	6560	not_in_tree_exactly	PTD00065	"VanShaik et al. 2012/Isler	 K; van Schaik	 C P (2012)/AnAge DB"	https://www.zora.uzh.ch/id/eprint/71056/ / https://www.sciencedirect.com/science/article/abs/pii/S0047248412000577	PTD00014	Galán-Acedo et al. 2019	https://www.nature.com/articles/s41597-019-0059-9	not recorded in source input	not recorded in source input	not recorded in source input	not recorded in source input	not applicable: GroupName is unique	False	missing_or_nonpositive_MLS
PLA_Atelidae_Alouatta_sara	PLA	Atelidae	Alouatta_sara	Alouatta_sara		years		6.5	kg	6500	not_in_tree_exactly	PTD00065	"VanShaik et al. 2012/Isler	 K; van Schaik	 C P (2012)/AnAge DB"	https://www.zora.uzh.ch/id/eprint/71056/ / https://www.sciencedirect.com/science/article/abs/pii/S0047248412000577	PTD00014	Galán-Acedo et al. 2019	https://www.nature.com/articles/s41597-019-0059-9	not recorded in source input	not recorded in source input	not recorded in source input	not recorded in source input	not applicable: GroupName is unique	False	missing_or_nonpositive_MLS
PLA_Atelidae_Alouatta_seniculus	PLA	Atelidae	Alouatta_seniculus	Alouatta_seniculus	25	years	25	6.01	kg	6010	exact_tree_tip_match	PTD00065	"VanShaik et al. 2012/Isler	 K; van Schaik	 C P (2012)/AnAge DB"	https://www.zora.uzh.ch/id/eprint/71056/ / https://www.sciencedirect.com/science/article/abs/pii/S0047248412000577	PTD00014	Galán-Acedo et al. 2019	https://www.nature.com/articles/s41597-019-0059-9	not recorded in source input	not recorded in source input	not recorded in source input	not recorded in source input	not applicable: GroupName is unique	True	
PLA_Atelidae_Alouatta_ululata	PLA	Atelidae	Alouatta_ululata	Alouatta_ululata		years		4.7	kg	4700	not_in_tree_exactly	PTD00065	"VanShaik et al. 2012/Isler	 K; van Schaik	 C P (2012)/AnAge DB"	https://www.zora.uzh.ch/id/eprint/71056/ / https://www.sciencedirect.com/science/article/abs/pii/S0047248412000577	PTD00014	Galán-Acedo et al. 2019	https://www.nature.com/articles/s41597-019-0059-9	not recorded in source input	not recorded in source input	not recorded in source input	not recorded in source input	not applicable: GroupName is unique	False	missing_or_nonpositive_MLS
PLA_Atelidae_Ateles_belzebuth	PLA	Atelidae	Ateles_belzebuth	Ateles_belzebuth	35.2	years	35.2	8.07	kg	8070	exact_tree_tip_match	PTD00065	"VanShaik et al. 2012/Isler	 K; van Schaik	 C P (2012)/AnAge DB"	https://www.zora.uzh.ch/id/eprint/71056/ / https://www.sciencedirect.com/science/article/abs/pii/S0047248412000577	PTD00014	Galán-Acedo et al. 2019	https://www.nature.com/articles/s41597-019-0059-9	not recorded in source input	not recorded in source input	not recorded in source input	not recorded in source input	not applicable: GroupName is unique	True	
PLA_Atelidae_Ateles_chamek	PLA	Atelidae	Ateles_chamek	Ateles_chamek	42.8	years	42.8	9.37	kg	9370	exact_tree_tip_match	PTD00065	"VanShaik et al. 2012/Isler	 K; van Schaik	 C P (2012)/AnAge DB"	https://www.zora.uzh.ch/id/eprint/71056/ / https://www.sciencedirect.com/science/article/abs/pii/S0047248412000577	PTD00014	Galán-Acedo et al. 2019	https://www.nature.com/articles/s41597-019-0059-9	not recorded in source input	not recorded in source input	not recorded in source input	not recorded in source input	not applicable: GroupName is unique	True	
PLA_Atelidae_Ateles_fusciceps	PLA	Atelidae	Ateles_fusciceps	Ateles_fusciceps	46	years	46	9.03	kg	9030	not_in_tree_exactly	PTD00065	"VanShaik et al. 2012/Isler	 K; van Schaik	 C P (2012)/AnAge DB"	https://www.zora.uzh.ch/id/eprint/71056/ / https://www.sciencedirect.com/science/article/abs/pii/S0047248412000577	PTD00014	Galán-Acedo et al. 2019	https://www.nature.com/articles/s41597-019-0059-9	not recorded in source input	not recorded in source input	not recorded in source input	not recorded in source input	not applicable: GroupName is unique	True	
PLA_Atelidae_Ateles_geoffroyi	PLA	Atelidae	Ateles_geoffroyi	Ateles_geoffroyi	47.1	years	47.1	7.54	kg	7540	exact_tree_tip_match	PTD00065	"VanShaik et al. 2012/Isler	 K; van Schaik	 C P (2012)/AnAge DB"	https://www.zora.uzh.ch/id/eprint/71056/ / https://www.sciencedirect.com/science/article/abs/pii/S0047248412000577	PTD00014	Galán-Acedo et al. 2019	https://www.nature.com/articles/s41597-019-0059-9	not recorded in source input	not recorded in source input	not recorded in source input	not recorded in source input	not applicable: GroupName is unique	True	
PLA_Atelidae_Ateles_hybridus	PLA	Atelidae	Ateles_hybridus	Ateles_hybridus		years		8.6	kg	8600	not_in_tree_exactly	PTD00065	"VanShaik et al. 2012/Isler	 K; van Schaik	 C P (2012)/AnAge DB"	https://www.zora.uzh.ch/id/eprint/71056/ / https://www.sciencedirect.com/science/article/abs/pii/S0047248412000577	PTD00014	Galán-Acedo et al. 2019	https://www.nature.com/articles/s41597-019-0059-9	not recorded in source input	not recorded in source input	not recorded in source input	not recorded in source input	not applicable: GroupName is unique	False	missing_or_nonpositive_MLS
PLA_Atelidae_Ateles_marginatus	PLA	Atelidae	Ateles_marginatus	Ateles_marginatus	44	years	44	6.96	kg	6960	exact_tree_tip_match	PTD00065	"VanShaik et al. 2012/Isler	 K; van Schaik	 C P (2012)/AnAge DB"	https://www.zora.uzh.ch/id/eprint/71056/ / https://www.sciencedirect.com/science/article/abs/pii/S0047248412000577	PTD00014	Galán-Acedo et al. 2019	https://www.nature.com/articles/s41597-019-0059-9	not recorded in source input	not recorded in source input	not recorded in source input	not recorded in source input	not applicable: GroupName is unique	True	
PLA_Atelidae_Ateles_paniscus	PLA	Atelidae	Ateles_paniscus	Ateles_paniscus	46	years	46	8.28	kg	8280	exact_tree_tip_match	PTD00065	"VanShaik et al. 2012/Isler	 K; van Schaik	 C P (2012)/AnAge DB"	https://www.zora.uzh.ch/id/eprint/71056/ / https://www.sciencedirect.com/science/article/abs/pii/S0047248412000577	PTD00014	Galán-Acedo et al. 2019	https://www.nature.com/articles/s41597-019-0059-9	not recorded in source input	not recorded in source input	not recorded in source input	not recorded in source input	not applicable: GroupName is unique	True	
PLA_Atelidae_Brachyteles_arachnoides	PLA	Atelidae	Brachyteles_arachnoides	Brachyteles_arachnoides	40	years	40	8.84	kg	8840	not_in_tree_exactly	PTD00065	"VanShaik et al. 2012/Isler	 K; van Schaik	 C P (2012)/AnAge DB"	https://www.zora.uzh.ch/id/eprint/71056/ / https://www.sciencedirect.com/science/article/abs/pii/S0047248412000577	PTD00014	Galán-Acedo et al. 2019	https://www.nature.com/articles/s41597-019-0059-9	not recorded in source input	not recorded in source input	not recorded in source input	not recorded in source input	not applicable: GroupName is unique	True	
PLA_Atelidae_Brachyteles_hypoxanthus	PLA	Atelidae	Brachyteles_hypoxanthus	Brachyteles_hypoxanthus		years		9	kg	9000	not_in_tree_exactly	PTD00065	"VanShaik et al. 2012/Isler	 K; van Schaik	 C P (2012)/AnAge DB"	https://www.zora.uzh.ch/id/eprint/71056/ / https://www.sciencedirect.com/science/article/abs/pii/S0047248412000577	PTD00014	Galán-Acedo et al. 2019	https://www.nature.com/articles/s41597-019-0059-9	not recorded in source input	not recorded in source input	not recorded in source input	not recorded in source input	not applicable: GroupName is unique	False	missing_or_nonpositive_MLS
PLA_Atelidae_Lagothrix_cana	PLA	Atelidae	Lagothrix_cana	Lagothrix_cana		years		8.31	kg	8310	not_in_tree_exactly	PTD00065	"VanShaik et al. 2012/Isler	 K; van Schaik	 C P (2012)/AnAge DB"	https://www.zora.uzh.ch/id/eprint/71056/ / https://www.sciencedirect.com/science/article/abs/pii/S0047248412000577	PTD00014	Galán-Acedo et al. 2019	https://www.nature.com/articles/s41597-019-0059-9	not recorded in source input	not recorded in source input	not recorded in source input	not recorded in source input	not applicable: GroupName is unique	False	missing_or_nonpositive_MLS
PLA_Atelidae_Lagothrix_flavicauda	PLA	Atelidae	Lagothrix_flavicauda	Lagothrix_flavicauda		years		7.25	kg	7250	not_in_tree_exactly	PTD00065	"VanShaik et al. 2012/Isler	 K; van Schaik	 C P (2012)/AnAge DB"	https://www.zora.uzh.ch/id/eprint/71056/ / https://www.sciencedirect.com/science/article/abs/pii/S0047248412000577	PTD00014	Galán-Acedo et al. 2019	https://www.nature.com/articles/s41597-019-0059-9	not recorded in source input	not recorded in source input	not recorded in source input	not recorded in source input	not applicable: GroupName is unique	False	missing_or_nonpositive_MLS
PLA_Atelidae_Lagothrix_lagotricha	PLA	Atelidae	Lagothrix_lagotricha	Lagothrix_lagotricha	32	years	32	7.15	kg	7150	not_in_tree_exactly	PTD00065	"VanShaik et al. 2012/Isler	 K; van Schaik	 C P (2012)/AnAge DB"	https://www.zora.uzh.ch/id/eprint/71056/ / https://www.sciencedirect.com/science/article/abs/pii/S0047248412000577	PTD00014	Galán-Acedo et al. 2019	https://www.nature.com/articles/s41597-019-0059-9	not recorded in source input	not recorded in source input	not recorded in source input	not recorded in source input	not applicable: GroupName is unique	True	
PLA_Atelidae_Lagothrix_poeppigii	PLA	Atelidae	Lagothrix_poeppigii	Lagothrix_poeppigii		years		7.25	kg	7250	not_in_tree_exactly	PTD00065	"VanShaik et al. 2012/Isler	 K; van Schaik	 C P (2012)/AnAge DB"	https://www.zora.uzh.ch/id/eprint/71056/ / https://www.sciencedirect.com/science/article/abs/pii/S0047248412000577	PTD00014	Galán-Acedo et al. 2019	https://www.nature.com/articles/s41597-019-0059-9	not recorded in source input	not recorded in source input	not recorded in source input	not recorded in source input	not applicable: GroupName is unique	False	missing_or_nonpositive_MLS
PLA_Atelidae_Lagotrix_lugens	PLA	Atelidae	Lagotrix_lugens	Lagotrix_lugens		years		6.87	kg	6870	not_in_tree_exactly	PTD00065	"VanShaik et al. 2012/Isler	 K; van Schaik	 C P (2012)/AnAge DB"	https://www.zora.uzh.ch/id/eprint/71056/ / https://www.sciencedirect.com/science/article/abs/pii/S0047248412000577	PTD00014	Galán-Acedo et al. 2019	https://www.nature.com/articles/s41597-019-0059-9	not recorded in source input	not recorded in source input	not recorded in source input	not recorded in source input	not applicable: GroupName is unique	False	missing_or_nonpositive_MLS
PLA_Callitrichidae_Callibella_humilis	PLA	Callitrichidae	Callibella_humilis	Callibella_humilis		years		0.12	kg	120	exact_tree_tip_match	PTD00065	"VanShaik et al. 2012/Isler	 K; van Schaik	 C P (2012)/AnAge DB"	https://www.zora.uzh.ch/id/eprint/71056/ / https://www.sciencedirect.com/science/article/abs/pii/S0047248412000577	PTD00014	Galán-Acedo et al. 2019	https://www.nature.com/articles/s41597-019-0059-9	not recorded in source input	not recorded in source input	not recorded in source input	not recorded in source input	not applicable: GroupName is unique	False	missing_or_nonpositive_MLS
PLA_Callitrichidae_Callimico_goeldii	PLA	Callitrichidae	Callimico_goeldii	Callimico_goeldii	22.2	years	22.2	0.48	kg	480	exact_tree_tip_match	PTD00065	"VanShaik et al. 2012/Isler	 K; van Schaik	 C P (2012)/AnAge DB"	https://www.zora.uzh.ch/id/eprint/71056/ / https://www.sciencedirect.com/science/article/abs/pii/S0047248412000577	PTD00014	Galán-Acedo et al. 2019	https://www.nature.com/articles/s41597-019-0059-9	not recorded in source input	not recorded in source input	not recorded in source input	not recorded in source input	not applicable: GroupName is unique	True	
PLA_Callitrichidae_Callithrix_aurita	PLA	Callitrichidae	Callithrix_aurita	Callithrix_aurita		years		0.44	kg	440	not_in_tree_exactly	PTD00065	"VanShaik et al. 2012/Isler	 K; van Schaik	 C P (2012)/AnAge DB"	https://www.zora.uzh.ch/id/eprint/71056/ / https://www.sciencedirect.com/science/article/abs/pii/S0047248412000577	PTD00014	Galán-Acedo et al. 2019	https://www.nature.com/articles/s41597-019-0059-9	not recorded in source input	not recorded in source input	not recorded in source input	not recorded in source input	not applicable: GroupName is unique	False	missing_or_nonpositive_MLS
PLA_Callitrichidae_Callithrix_flaviceps	PLA	Callitrichidae	Callithrix_flaviceps	Callithrix_flaviceps		years		0.43	kg	430	not_in_tree_exactly	PTD00065	"VanShaik et al. 2012/Isler	 K; van Schaik	 C P (2012)/AnAge DB"	https://www.zora.uzh.ch/id/eprint/71056/ / https://www.sciencedirect.com/science/article/abs/pii/S0047248412000577	PTD00014	Galán-Acedo et al. 2019	https://www.nature.com/articles/s41597-019-0059-9	not recorded in source input	not recorded in source input	not recorded in source input	not recorded in source input	not applicable: GroupName is unique	False	missing_or_nonpositive_MLS
PLA_Callitrichidae_Callithrix_geoffroyi	PLA	Callitrichidae	Callithrix_geoffroyi	Callithrix_geoffroyi	17.6	years	17.6	0.24	kg	240	exact_tree_tip_match	PTD00065	"VanShaik et al. 2012/Isler	 K; van Schaik	 C P (2012)/AnAge DB"	https://www.zora.uzh.ch/id/eprint/71056/ / https://www.sciencedirect.com/science/article/abs/pii/S0047248412000577	PTD00014	Galán-Acedo et al. 2019	https://www.nature.com/articles/s41597-019-0059-9	not recorded in source input	not recorded in source input	not recorded in source input	not recorded in source input	not applicable: GroupName is unique	True	
PLA_Callitrichidae_Callithrix_jacchus	PLA	Callitrichidae	Callithrix_jacchus	Callithrix_jacchus	22.8	years	22.8	0.32	kg	320	exact_tree_tip_match	PTD00065	"VanShaik et al. 2012/Isler	 K; van Schaik	 C P (2012)/AnAge DB"	https://www.zora.uzh.ch/id/eprint/71056/ / https://www.sciencedirect.com/science/article/abs/pii/S0047248412000577	PTD00014	Galán-Acedo et al. 2019	https://www.nature.com/articles/s41597-019-0059-9	not recorded in source input	not recorded in source input	not recorded in source input	not recorded in source input	not applicable: GroupName is unique	True	
PLA_Callitrichidae_Callithrix_kuhlii	PLA	Callitrichidae	Callithrix_kuhlii	Callithrix_kuhlii	20	years	20	0.38	kg	380	exact_tree_tip_match	PTD00065	"VanShaik et al. 2012/Isler	 K; van Schaik	 C P (2012)/AnAge DB"	https://www.zora.uzh.ch/id/eprint/71056/ / https://www.sciencedirect.com/science/article/abs/pii/S0047248412000577	PTD00014	Galán-Acedo et al. 2019	https://www.nature.com/articles/s41597-019-0059-9	not recorded in source input	not recorded in source input	not recorded in source input	not recorded in source input	not applicable: GroupName is unique	True	
PLA_Callitrichidae_Callithrix_penicillata	PLA	Callitrichidae	Callithrix_penicillata	Callithrix_penicillata	15.4	years	15.4	0.33	kg	330	not_in_tree_exactly	PTD00065	"VanShaik et al. 2012/Isler	 K; van Schaik	 C P (2012)/AnAge DB"	https://www.zora.uzh.ch/id/eprint/71056/ / https://www.sciencedirect.com/science/article/abs/pii/S0047248412000577	PTD00014	Galán-Acedo et al. 2019	https://www.nature.com/articles/s41597-019-0059-9	not recorded in source input	not recorded in source input	not recorded in source input	not recorded in source input	not applicable: GroupName is unique	True	
PLA_Callitrichidae_Cebuella_niveiventris	PLA	Callitrichidae	Cebuella_niveiventris	Cebuella_niveiventris		years			kg		exact_tree_tip_match	PTD00065	"VanShaik et al. 2012/Isler	 K; van Schaik	 C P (2012)/AnAge DB"	https://www.zora.uzh.ch/id/eprint/71056/ / https://www.sciencedirect.com/science/article/abs/pii/S0047248412000577	PTD00014	Galán-Acedo et al. 2019	https://www.nature.com/articles/s41597-019-0059-9	not recorded in source input	not recorded in source input	not recorded in source input	not recorded in source input	not applicable: GroupName is unique	False	missing_or_nonpositive_MLS_and_body_mass
PLA_Callitrichidae_Cebuella_pygmaea	PLA	Callitrichidae	Cebuella_pygmaea	Cebuella_pygmaea	18.6	years	18.6	0.12	kg	120	exact_tree_tip_match	PTD00065	"VanShaik et al. 2012/Isler	 K; van Schaik	 C P (2012)/AnAge DB"	https://www.zora.uzh.ch/id/eprint/71056/ / https://www.sciencedirect.com/science/article/abs/pii/S0047248412000577	PTD00014	Galán-Acedo et al. 2019	https://www.nature.com/articles/s41597-019-0059-9	not recorded in source input	not recorded in source input	not recorded in source input	not recorded in source input	not applicable: GroupName is unique	True	
PLA_Callitrichidae_Leontocebus_cruzlimai	PLA	Callitrichidae	Leontocebus_cruzlimai	Leontocebus_cruzlimai		years			kg		not_in_tree_exactly	PTD00065	"VanShaik et al. 2012/Isler	 K; van Schaik	 C P (2012)/AnAge DB"	https://www.zora.uzh.ch/id/eprint/71056/ / https://www.sciencedirect.com/science/article/abs/pii/S0047248412000577	PTD00014	Galán-Acedo et al. 2019	https://www.nature.com/articles/s41597-019-0059-9	not recorded in source input	not recorded in source input	not recorded in source input	not recorded in source input	not applicable: GroupName is unique	False	missing_or_nonpositive_MLS_and_body_mass
PLA_Callitrichidae_Leontocebus_fuscicolis	PLA	Callitrichidae	Leontocebus_fuscicolis	Leontocebus_fuscicolis	24.9	years	24.9	0.33	kg	330	exact_tree_tip_match	PTD00065	"VanShaik et al. 2012/Isler	 K; van Schaik	 C P (2012)/AnAge DB"	https://www.zora.uzh.ch/id/eprint/71056/ / https://www.sciencedirect.com/science/article/abs/pii/S0047248412000577	PTD00014	Galán-Acedo et al. 2019	https://www.nature.com/articles/s41597-019-0059-9	not recorded in source input	not recorded in source input	not recorded in source input	not recorded in source input	not applicable: GroupName is unique	True	
PLA_Callitrichidae_Leontocebus_fuscus	PLA	Callitrichidae	Leontocebus_fuscus	Leontocebus_fuscus		years		0.37	kg	370	not_in_tree_exactly	PTD00065	"VanShaik et al. 2012/Isler	 K; van Schaik	 C P (2012)/AnAge DB"	https://www.zora.uzh.ch/id/eprint/71056/ / https://www.sciencedirect.com/science/article/abs/pii/S0047248412000577	PTD00014	Galán-Acedo et al. 2019	https://www.nature.com/articles/s41597-019-0059-9	not recorded in source input	not recorded in source input	not recorded in source input	not recorded in source input	not applicable: GroupName is unique	False	missing_or_nonpositive_MLS
PLA_Callitrichidae_Leontocebus_illigeri	PLA	Callitrichidae	Leontocebus_illigeri	Leontocebus_illigeri		years		0.29	kg	290	exact_tree_tip_match	PTD00065	"VanShaik et al. 2012/Isler	 K; van Schaik	 C P (2012)/AnAge DB"	https://www.zora.uzh.ch/id/eprint/71056/ / https://www.sciencedirect.com/science/article/abs/pii/S0047248412000577	PTD00014	Galán-Acedo et al. 2019	https://www.nature.com/articles/s41597-019-0059-9	not recorded in source input	not recorded in source input	not recorded in source input	not recorded in source input	not applicable: GroupName is unique	False	missing_or_nonpositive_MLS
PLA_Callitrichidae_Leontocebus_lagonotus	PLA	Callitrichidae	Leontocebus_lagonotus	Leontocebus_lagonotus		years		0.37	kg	370	not_in_tree_exactly	PTD00065	"VanShaik et al. 2012/Isler	 K; van Schaik	 C P (2012)/AnAge DB"	https://www.zora.uzh.ch/id/eprint/71056/ / https://www.sciencedirect.com/science/article/abs/pii/S0047248412000577	PTD00014	Galán-Acedo et al. 2019	https://www.nature.com/articles/s41597-019-0059-9	not recorded in source input	not recorded in source input	not recorded in source input	not recorded in source input	not applicable: GroupName is unique	False	missing_or_nonpositive_MLS
PLA_Callitrichidae_Leontocebus_leucogenys	PLA	Callitrichidae	Leontocebus_leucogenys	Leontocebus_leucogenys		years		0.37	kg	370	not_in_tree_exactly	PTD00065	"VanShaik et al. 2012/Isler	 K; van Schaik	 C P (2012)/AnAge DB"	https://www.zora.uzh.ch/id/eprint/71056/ / https://www.sciencedirect.com/science/article/abs/pii/S0047248412000577	PTD00014	Galán-Acedo et al. 2019	https://www.nature.com/articles/s41597-019-0059-9	not recorded in source input	not recorded in source input	not recorded in source input	not recorded in source input	not applicable: GroupName is unique	False	missing_or_nonpositive_MLS
PLA_Callitrichidae_Leontocebus_nigricollis	PLA	Callitrichidae	Leontocebus_nigricollis	Leontocebus_nigricollis	20.2	years	20.2	0.48	kg	480	exact_tree_tip_match	PTD00065	"VanShaik et al. 2012/Isler	 K; van Schaik	 C P (2012)/AnAge DB"	https://www.zora.uzh.ch/id/eprint/71056/ / https://www.sciencedirect.com/science/article/abs/pii/S0047248412000577	PTD00014	Galán-Acedo et al. 2019	https://www.nature.com/articles/s41597-019-0059-9	not recorded in source input	not recorded in source input	not recorded in source input	not recorded in source input	not applicable: GroupName is unique	True	
PLA_Callitrichidae_Leontocebus_nigrifrons	PLA	Callitrichidae	Leontocebus_nigrifrons	Leontocebus_nigrifrons		years		0.36	kg	360	not_in_tree_exactly	PTD00065	"VanShaik et al. 2012/Isler	 K; van Schaik	 C P (2012)/AnAge DB"	https://www.zora.uzh.ch/id/eprint/71056/ / https://www.sciencedirect.com/science/article/abs/pii/S0047248412000577	PTD00014	Galán-Acedo et al. 2019	https://www.nature.com/articles/s41597-019-0059-9	not recorded in source input	not recorded in source input	not recorded in source input	not recorded in source input	not applicable: GroupName is unique	False	missing_or_nonpositive_MLS
PLA_Callitrichidae_Leontocebus_tripartitus	PLA	Callitrichidae	Leontocebus_tripartitus	Leontocebus_tripartitus		years		0.4	kg	400	not_in_tree_exactly	PTD00065	"VanShaik et al. 2012/Isler	 K; van Schaik	 C P (2012)/AnAge DB"	https://www.zora.uzh.ch/id/eprint/71056/ / https://www.sciencedirect.com/science/article/abs/pii/S0047248412000577	PTD00014	Galán-Acedo et al. 2019	https://www.nature.com/articles/s41597-019-0059-9	not recorded in source input	not recorded in source input	not recorded in source input	not recorded in source input	not applicable: GroupName is unique	False	missing_or_nonpositive_MLS
PLA_Callitrichidae_Leontocebus_weddelli	PLA	Callitrichidae	Leontocebus_weddelli	Leontocebus_weddelli		years		0.36	kg	360	not_in_tree_exactly	PTD00065	"VanShaik et al. 2012/Isler	 K; van Schaik	 C P (2012)/AnAge DB"	https://www.zora.uzh.ch/id/eprint/71056/ / https://www.sciencedirect.com/science/article/abs/pii/S0047248412000577	PTD00014	Galán-Acedo et al. 2019	https://www.nature.com/articles/s41597-019-0059-9	not recorded in source input	not recorded in source input	not recorded in source input	not recorded in source input	not applicable: GroupName is unique	False	missing_or_nonpositive_MLS
PLA_Callitrichidae_Leontopithecus_caissara	PLA	Callitrichidae	Leontopithecus_caissara	Leontopithecus_caissara		years		0.58	kg	580	not_in_tree_exactly	PTD00065	"VanShaik et al. 2012/Isler	 K; van Schaik	 C P (2012)/AnAge DB"	https://www.zora.uzh.ch/id/eprint/71056/ / https://www.sciencedirect.com/science/article/abs/pii/S0047248412000577	PTD00014	Galán-Acedo et al. 2019	https://www.nature.com/articles/s41597-019-0059-9	not recorded in source input	not recorded in source input	not recorded in source input	not recorded in source input	not applicable: GroupName is unique	False	missing_or_nonpositive_MLS
PLA_Callitrichidae_Leontopithecus_chrysomelas	PLA	Callitrichidae	Leontopithecus_chrysomelas	Leontopithecus_chrysomelas	21.3	years	21.3	0.58	kg	580	exact_tree_tip_match	PTD00065	"VanShaik et al. 2012/Isler	 K; van Schaik	 C P (2012)/AnAge DB"	https://www.zora.uzh.ch/id/eprint/71056/ / https://www.sciencedirect.com/science/article/abs/pii/S0047248412000577	PTD00014	Galán-Acedo et al. 2019	https://www.nature.com/articles/s41597-019-0059-9	not recorded in source input	not recorded in source input	not recorded in source input	not recorded in source input	not applicable: GroupName is unique	True	
PLA_Callitrichidae_Leontopithecus_chrysopygus	PLA	Callitrichidae	Leontopithecus_chrysopygus	Leontopithecus_chrysopygus	17.9	years	17.9	0.615	kg	615	not_in_tree_exactly	PTD00065	"VanShaik et al. 2012/Isler	 K; van Schaik	 C P (2012)/AnAge DB"	https://www.zora.uzh.ch/id/eprint/71056/ / https://www.sciencedirect.com/science/article/abs/pii/S0047248412000577	PTD00014	Galán-Acedo et al. 2019	https://www.nature.com/articles/s41597-019-0059-9	not recorded in source input	not recorded in source input	not recorded in source input	not recorded in source input	not applicable: GroupName is unique	True	
PLA_Callitrichidae_Leontopithecus_rosalia	PLA	Callitrichidae	Leontopithecus_rosalia	Leontopithecus_rosalia	31.6	years	31.6	0.64	kg	640	exact_tree_tip_match	PTD00065	"VanShaik et al. 2012/Isler	 K; van Schaik	 C P (2012)/AnAge DB"	https://www.zora.uzh.ch/id/eprint/71056/ / https://www.sciencedirect.com/science/article/abs/pii/S0047248412000577	PTD00014	Galán-Acedo et al. 2019	https://www.nature.com/articles/s41597-019-0059-9	not recorded in source input	not recorded in source input	not recorded in source input	not recorded in source input	not applicable: GroupName is unique	True	
PLA_Callitrichidae_Mico_acariensis	PLA	Callitrichidae	Mico_acariensis	Mico_acariensis		years		0.42	kg	420	not_in_tree_exactly	PTD00065	"VanShaik et al. 2012/Isler	 K; van Schaik	 C P (2012)/AnAge DB"	https://www.zora.uzh.ch/id/eprint/71056/ / https://www.sciencedirect.com/science/article/abs/pii/S0047248412000577	PTD00014	Galán-Acedo et al. 2019	https://www.nature.com/articles/s41597-019-0059-9	not recorded in source input	not recorded in source input	not recorded in source input	not recorded in source input	not applicable: GroupName is unique	False	missing_or_nonpositive_MLS
PLA_Callitrichidae_Mico_argentatus	PLA	Callitrichidae	Mico_argentatus	Mico_argentatus	16.5	years	16.5	0.35	kg	350	exact_tree_tip_match	PTD00065	"VanShaik et al. 2012/Isler	 K; van Schaik	 C P (2012)/AnAge DB"	https://www.zora.uzh.ch/id/eprint/71056/ / https://www.sciencedirect.com/science/article/abs/pii/S0047248412000577	PTD00014	Galán-Acedo et al. 2019	https://www.nature.com/articles/s41597-019-0059-9	not recorded in source input	not recorded in source input	not recorded in source input	not recorded in source input	not applicable: GroupName is unique	True	
PLA_Callitrichidae_Mico_chrysoleucos	PLA	Callitrichidae	Mico_chrysoleucos	Mico_chrysoleucos		years		0.295	kg	295	not_in_tree_exactly	PTD00065	"VanShaik et al. 2012/Isler	 K; van Schaik	 C P (2012)/AnAge DB"	https://www.zora.uzh.ch/id/eprint/71056/ / https://www.sciencedirect.com/science/article/abs/pii/S0047248412000577	PTD00014	Galán-Acedo et al. 2019	https://www.nature.com/articles/s41597-019-0059-9	not recorded in source input	not recorded in source input	not recorded in source input	not recorded in source input	not applicable: GroupName is unique	False	missing_or_nonpositive_MLS
PLA_Callitrichidae_Mico_emiliae	PLA	Callitrichidae	Mico_emiliae	Mico_emiliae		years		0.32	kg	320	not_in_tree_exactly	PTD00065	"VanShaik et al. 2012/Isler	 K; van Schaik	 C P (2012)/AnAge DB"	https://www.zora.uzh.ch/id/eprint/71056/ / https://www.sciencedirect.com/science/article/abs/pii/S0047248412000577	PTD00014	Galán-Acedo et al. 2019	https://www.nature.com/articles/s41597-019-0059-9	not recorded in source input	not recorded in source input	not recorded in source input	not recorded in source input	not applicable: GroupName is unique	False	missing_or_nonpositive_MLS
PLA_Callitrichidae_Mico_humeralifer	PLA	Callitrichidae	Mico_humeralifer	Mico_humeralifer	15	years	15	0.42	kg	420	exact_tree_tip_match	PTD00065	"VanShaik et al. 2012/Isler	 K; van Schaik	 C P (2012)/AnAge DB"	https://www.zora.uzh.ch/id/eprint/71056/ / https://www.sciencedirect.com/science/article/abs/pii/S0047248412000577	PTD00014	Galán-Acedo et al. 2019	https://www.nature.com/articles/s41597-019-0059-9	not recorded in source input	not recorded in source input	not recorded in source input	not recorded in source input	not applicable: GroupName is unique	True	
PLA_Callitrichidae_Mico_humilis	PLA	Callitrichidae	Mico_humilis	Mico_humilis		years			kg		not_in_tree_exactly	PTD00065	"VanShaik et al. 2012/Isler	 K; van Schaik	 C P (2012)/AnAge DB"	https://www.zora.uzh.ch/id/eprint/71056/ / https://www.sciencedirect.com/science/article/abs/pii/S0047248412000577	PTD00014	Galán-Acedo et al. 2019	https://www.nature.com/articles/s41597-019-0059-9	not recorded in source input	not recorded in source input	not recorded in source input	not recorded in source input	not applicable: GroupName is unique	False	missing_or_nonpositive_MLS_and_body_mass
PLA_Callitrichidae_Mico_intermedius	PLA	Callitrichidae	Mico_intermedius	Mico_intermedius		years		0.325	kg	325	not_in_tree_exactly	PTD00065	"VanShaik et al. 2012/Isler	 K; van Schaik	 C P (2012)/AnAge DB"	https://www.zora.uzh.ch/id/eprint/71056/ / https://www.sciencedirect.com/science/article/abs/pii/S0047248412000577	PTD00014	Galán-Acedo et al. 2019	https://www.nature.com/articles/s41597-019-0059-9	not recorded in source input	not recorded in source input	not recorded in source input	not recorded in source input	not applicable: GroupName is unique	False	missing_or_nonpositive_MLS
PLA_Callitrichidae_Mico_leucippe	PLA	Callitrichidae	Mico_leucippe	Mico_leucippe		years		0.5	kg	500	not_in_tree_exactly	PTD00065	"VanShaik et al. 2012/Isler	 K; van Schaik	 C P (2012)/AnAge DB"	https://www.zora.uzh.ch/id/eprint/71056/ / https://www.sciencedirect.com/science/article/abs/pii/S0047248412000577	PTD00014	Galán-Acedo et al. 2019	https://www.nature.com/articles/s41597-019-0059-9	not recorded in source input	not recorded in source input	not recorded in source input	not recorded in source input	not applicable: GroupName is unique	False	missing_or_nonpositive_MLS
PLA_Callitrichidae_Mico_marcai	PLA	Callitrichidae	Mico_marcai	Mico_marcai		years		0.55	kg	550	not_in_tree_exactly	PTD00065	"VanShaik et al. 2012/Isler	 K; van Schaik	 C P (2012)/AnAge DB"	https://www.zora.uzh.ch/id/eprint/71056/ / https://www.sciencedirect.com/science/article/abs/pii/S0047248412000577	PTD00014	Galán-Acedo et al. 2019	https://www.nature.com/articles/s41597-019-0059-9	not recorded in source input	not recorded in source input	not recorded in source input	not recorded in source input	not applicable: GroupName is unique	False	missing_or_nonpositive_MLS
PLA_Callitrichidae_Mico_mauesi	PLA	Callitrichidae	Mico_mauesi	Mico_mauesi		years		0.37	kg	370	not_in_tree_exactly	PTD00065	"VanShaik et al. 2012/Isler	 K; van Schaik	 C P (2012)/AnAge DB"	https://www.zora.uzh.ch/id/eprint/71056/ / https://www.sciencedirect.com/science/article/abs/pii/S0047248412000577	PTD00014	Galán-Acedo et al. 2019	https://www.nature.com/articles/s41597-019-0059-9	not recorded in source input	not recorded in source input	not recorded in source input	not recorded in source input	not applicable: GroupName is unique	False	missing_or_nonpositive_MLS
PLA_Callitrichidae_Mico_melanurus	PLA	Callitrichidae	Mico_melanurus	Mico_melanurus		years		0.22	kg	220	not_in_tree_exactly	PTD00065	"VanShaik et al. 2012/Isler	 K; van Schaik	 C P (2012)/AnAge DB"	https://www.zora.uzh.ch/id/eprint/71056/ / https://www.sciencedirect.com/science/article/abs/pii/S0047248412000577	PTD00014	Galán-Acedo et al. 2019	https://www.nature.com/articles/s41597-019-0059-9	not recorded in source input	not recorded in source input	not recorded in source input	not recorded in source input	not applicable: GroupName is unique	False	missing_or_nonpositive_MLS
PLA_Callitrichidae_Mico_nigriceps	PLA	Callitrichidae	Mico_nigriceps	Mico_nigriceps		years		0.38	kg	380	not_in_tree_exactly	PTD00065	"VanShaik et al. 2012/Isler	 K; van Schaik	 C P (2012)/AnAge DB"	https://www.zora.uzh.ch/id/eprint/71056/ / https://www.sciencedirect.com/science/article/abs/pii/S0047248412000577	PTD00014	Galán-Acedo et al. 2019	https://www.nature.com/articles/s41597-019-0059-9	not recorded in source input	not recorded in source input	not recorded in source input	not recorded in source input	not applicable: GroupName is unique	False	missing_or_nonpositive_MLS
PLA_Callitrichidae_Mico_rondoni	PLA	Callitrichidae	Mico_rondoni	Mico_rondoni		years		0.33	kg	330	not_in_tree_exactly	PTD00065	"VanShaik et al. 2012/Isler	 K; van Schaik	 C P (2012)/AnAge DB"	https://www.zora.uzh.ch/id/eprint/71056/ / https://www.sciencedirect.com/science/article/abs/pii/S0047248412000577	PTD00014	Galán-Acedo et al. 2019	https://www.nature.com/articles/s41597-019-0059-9	not recorded in source input	not recorded in source input	not recorded in source input	not recorded in source input	not applicable: GroupName is unique	False	missing_or_nonpositive_MLS
PLA_Callitrichidae_Mico_saterei	PLA	Callitrichidae	Mico_saterei	Mico_saterei		years		0.44	kg	440	not_in_tree_exactly	PTD00065	"VanShaik et al. 2012/Isler	 K; van Schaik	 C P (2012)/AnAge DB"	https://www.zora.uzh.ch/id/eprint/71056/ / https://www.sciencedirect.com/science/article/abs/pii/S0047248412000577	PTD00014	Galán-Acedo et al. 2019	https://www.nature.com/articles/s41597-019-0059-9	not recorded in source input	not recorded in source input	not recorded in source input	not recorded in source input	not applicable: GroupName is unique	False	missing_or_nonpositive_MLS
PLA_Callitrichidae_Saguinus_bicolor	PLA	Callitrichidae	Saguinus_bicolor	Saguinus_bicolor	19	years	19	0.43	kg	430	exact_tree_tip_match	PTD00065	"VanShaik et al. 2012/Isler	 K; van Schaik	 C P (2012)/AnAge DB"	https://www.zora.uzh.ch/id/eprint/71056/ / https://www.sciencedirect.com/science/article/abs/pii/S0047248412000577	PTD00014	Galán-Acedo et al. 2019	https://www.nature.com/articles/s41597-019-0059-9	not recorded in source input	not recorded in source input	not recorded in source input	not recorded in source input	not applicable: GroupName is unique	True	
PLA_Callitrichidae_Saguinus_geoffroyi	PLA	Callitrichidae	Saguinus_geoffroyi	Saguinus_geoffroyi	20.5	years	20.5	0.49	kg	490	exact_tree_tip_match	PTD00065	"VanShaik et al. 2012/Isler	 K; van Schaik	 C P (2012)/AnAge DB"	https://www.zora.uzh.ch/id/eprint/71056/ / https://www.sciencedirect.com/science/article/abs/pii/S0047248412000577	PTD00014	Galán-Acedo et al. 2019	https://www.nature.com/articles/s41597-019-0059-9	not recorded in source input	not recorded in source input	not recorded in source input	not recorded in source input	not applicable: GroupName is unique	True	
PLA_Callitrichidae_Saguinus_imperator	PLA	Callitrichidae	Saguinus_imperator	Saguinus_imperator	23.7	years	23.7	0.47	kg	470	exact_tree_tip_match	PTD00065	"VanShaik et al. 2012/Isler	 K; van Schaik	 C P (2012)/AnAge DB"	https://www.zora.uzh.ch/id/eprint/71056/ / https://www.sciencedirect.com/science/article/abs/pii/S0047248412000577	PTD00014	Galán-Acedo et al. 2019	https://www.nature.com/articles/s41597-019-0059-9	not recorded in source input	not recorded in source input	not recorded in source input	not recorded in source input	not applicable: GroupName is unique	True	
PLA_Callitrichidae_Saguinus_inustus	PLA	Callitrichidae	Saguinus_inustus	Saguinus_inustus		years		0.69	kg	690	exact_tree_tip_match	PTD00065	"VanShaik et al. 2012/Isler	 K; van Schaik	 C P (2012)/AnAge DB"	https://www.zora.uzh.ch/id/eprint/71056/ / https://www.sciencedirect.com/science/article/abs/pii/S0047248412000577	PTD00014	Galán-Acedo et al. 2019	https://www.nature.com/articles/s41597-019-0059-9	not recorded in source input	not recorded in source input	not recorded in source input	not recorded in source input	not applicable: GroupName is unique	False	missing_or_nonpositive_MLS
PLA_Callitrichidae_Saguinus_labiatus	PLA	Callitrichidae	Saguinus_labiatus	Saguinus_labiatus	20.5	years	20.5	0.51	kg	510	exact_tree_tip_match	PTD00065	"VanShaik et al. 2012/Isler	 K; van Schaik	 C P (2012)/AnAge DB"	https://www.zora.uzh.ch/id/eprint/71056/ / https://www.sciencedirect.com/science/article/abs/pii/S0047248412000577	PTD00014	Galán-Acedo et al. 2019	https://www.nature.com/articles/s41597-019-0059-9	not recorded in source input	not recorded in source input	not recorded in source input	not recorded in source input	not applicable: GroupName is unique	True	
PLA_Callitrichidae_Saguinus_leucopus	PLA	Callitrichidae	Saguinus_leucopus	Saguinus_leucopus	15.2	years	15.2	0.49	kg	490	not_in_tree_exactly	PTD00065	"VanShaik et al. 2012/Isler	 K; van Schaik	 C P (2012)/AnAge DB"	https://www.zora.uzh.ch/id/eprint/71056/ / https://www.sciencedirect.com/science/article/abs/pii/S0047248412000577	PTD00014	Galán-Acedo et al. 2019	https://www.nature.com/articles/s41597-019-0059-9	not recorded in source input	not recorded in source input	not recorded in source input	not recorded in source input	not applicable: GroupName is unique	True	
PLA_Callitrichidae_Saguinus_martinsi	PLA	Callitrichidae	Saguinus_martinsi	Saguinus_martinsi		years		0.5	kg	500	not_in_tree_exactly	PTD00065	"VanShaik et al. 2012/Isler	 K; van Schaik	 C P (2012)/AnAge DB"	https://www.zora.uzh.ch/id/eprint/71056/ / https://www.sciencedirect.com/science/article/abs/pii/S0047248412000577	PTD00014	Galán-Acedo et al. 2019	https://www.nature.com/articles/s41597-019-0059-9	not recorded in source input	not recorded in source input	not recorded in source input	not recorded in source input	not applicable: GroupName is unique	False	missing_or_nonpositive_MLS
PLA_Callitrichidae_Saguinus_midas	PLA	Callitrichidae	Saguinus_midas	Saguinus_midas	21	years	21	0.56	kg	560	exact_tree_tip_match	PTD00065	"VanShaik et al. 2012/Isler	 K; van Schaik	 C P (2012)/AnAge DB"	https://www.zora.uzh.ch/id/eprint/71056/ / https://www.sciencedirect.com/science/article/abs/pii/S0047248412000577	PTD00014	Galán-Acedo et al. 2019	https://www.nature.com/articles/s41597-019-0059-9	not recorded in source input	not recorded in source input	not recorded in source input	not recorded in source input	not applicable: GroupName is unique	True	
PLA_Callitrichidae_Saguinus_mystax	PLA	Callitrichidae	Saguinus_mystax	Saguinus_mystax	20	years	20	0.53	kg	530	exact_tree_tip_match	PTD00065	"VanShaik et al. 2012/Isler	 K; van Schaik	 C P (2012)/AnAge DB"	https://www.zora.uzh.ch/id/eprint/71056/ / https://www.sciencedirect.com/science/article/abs/pii/S0047248412000577	PTD00014	Galán-Acedo et al. 2019	https://www.nature.com/articles/s41597-019-0059-9	not recorded in source input	not recorded in source input	not recorded in source input	not recorded in source input	not applicable: GroupName is unique	True	
PLA_Callitrichidae_Saguinus_niger	PLA	Callitrichidae	Saguinus_niger	Saguinus_niger		years		0.42	kg	420	not_in_tree_exactly	PTD00065	"VanShaik et al. 2012/Isler	 K; van Schaik	 C P (2012)/AnAge DB"	https://www.zora.uzh.ch/id/eprint/71056/ / https://www.sciencedirect.com/science/article/abs/pii/S0047248412000577	PTD00014	Galán-Acedo et al. 2019	https://www.nature.com/articles/s41597-019-0059-9	not recorded in source input	not recorded in source input	not recorded in source input	not recorded in source input	not applicable: GroupName is unique	False	missing_or_nonpositive_MLS
PLA_Callitrichidae_Saguinus_oedipus	PLA	Callitrichidae	Saguinus_oedipus	Saguinus_oedipus	26.2	years	26.2	0.41	kg	410	exact_tree_tip_match	PTD00065	"VanShaik et al. 2012/Isler	 K; van Schaik	 C P (2012)/AnAge DB"	https://www.zora.uzh.ch/id/eprint/71056/ / https://www.sciencedirect.com/science/article/abs/pii/S0047248412000577	PTD00014	Galán-Acedo et al. 2019	https://www.nature.com/articles/s41597-019-0059-9	not recorded in source input	not recorded in source input	not recorded in source input	not recorded in source input	not applicable: GroupName is unique	True	
PLA_Callitrichidae_Saguinus_ursulus	PLA	Callitrichidae	Saguinus_ursulus	Saguinus_ursulus		years			kg		not_in_tree_exactly	PTD00065	"VanShaik et al. 2012/Isler	 K; van Schaik	 C P (2012)/AnAge DB"	https://www.zora.uzh.ch/id/eprint/71056/ / https://www.sciencedirect.com/science/article/abs/pii/S0047248412000577	PTD00014	Galán-Acedo et al. 2019	https://www.nature.com/articles/s41597-019-0059-9	not recorded in source input	not recorded in source input	not recorded in source input	not recorded in source input	not applicable: GroupName is unique	False	missing_or_nonpositive_MLS_and_body_mass
PLA_Cebidae_Cebus_aequatorialis	PLA	Cebidae	Cebus_aequatorialis	Cebus_aequatorialis		years		2.19	kg	2190	not_in_tree_exactly	PTD00065	"VanShaik et al. 2012/Isler	 K; van Schaik	 C P (2012)/AnAge DB"	https://www.zora.uzh.ch/id/eprint/71056/ / https://www.sciencedirect.com/science/article/abs/pii/S0047248412000577	PTD00014	Galán-Acedo et al. 2019	https://www.nature.com/articles/s41597-019-0059-9	not recorded in source input	not recorded in source input	not recorded in source input	not recorded in source input	not applicable: GroupName is unique	False	missing_or_nonpositive_MLS
PLA_Cebidae_Cebus_albifrons	PLA	Cebidae	Cebus_albifrons	Cebus_albifrons	40.4	years	40.4	2.74	kg	2740	exact_tree_tip_match	PTD00065	"VanShaik et al. 2012/Isler	 K; van Schaik	 C P (2012)/AnAge DB"	https://www.zora.uzh.ch/id/eprint/71056/ / https://www.sciencedirect.com/science/article/abs/pii/S0047248412000577	PTD00014	Galán-Acedo et al. 2019	https://www.nature.com/articles/s41597-019-0059-9	not recorded in source input	not recorded in source input	not recorded in source input	not recorded in source input	not applicable: GroupName is unique	True	
PLA_Cebidae_Cebus_brunneus	PLA	Cebidae	Cebus_brunneus	Cebus_brunneus		years			kg		not_in_tree_exactly	PTD00065	"VanShaik et al. 2012/Isler	 K; van Schaik	 C P (2012)/AnAge DB"	https://www.zora.uzh.ch/id/eprint/71056/ / https://www.sciencedirect.com/science/article/abs/pii/S0047248412000577	PTD00014	Galán-Acedo et al. 2019	https://www.nature.com/articles/s41597-019-0059-9	not recorded in source input	not recorded in source input	not recorded in source input	not recorded in source input	not applicable: GroupName is unique	False	missing_or_nonpositive_MLS_and_body_mass
PLA_Cebidae_Cebus_capucinus	PLA	Cebidae	Cebus_capucinus	Cebus_capucinus	54	years	54	3.11	kg	3110	not_in_tree_exactly	PTD00065	"VanShaik et al. 2012/Isler	 K; van Schaik	 C P (2012)/AnAge DB"	https://www.zora.uzh.ch/id/eprint/71056/ / https://www.sciencedirect.com/science/article/abs/pii/S0047248412000577	PTD00014	Galán-Acedo et al. 2019	https://www.nature.com/articles/s41597-019-0059-9	not recorded in source input	not recorded in source input	not recorded in source input	not recorded in source input	not applicable: GroupName is unique	True	
PLA_Cebidae_Cebus_cesarae	PLA	Cebidae	Cebus_cesarae	Cebus_cesarae		years			kg		not_in_tree_exactly	PTD00065	"VanShaik et al. 2012/Isler	 K; van Schaik	 C P (2012)/AnAge DB"	https://www.zora.uzh.ch/id/eprint/71056/ / https://www.sciencedirect.com/science/article/abs/pii/S0047248412000577	PTD00014	Galán-Acedo et al. 2019	https://www.nature.com/articles/s41597-019-0059-9	not recorded in source input	not recorded in source input	not recorded in source input	not recorded in source input	not applicable: GroupName is unique	False	missing_or_nonpositive_MLS_and_body_mass
PLA_Cebidae_Cebus_cuscinus	PLA	Cebidae	Cebus_cuscinus	Cebus_cuscinus		years		2.875	kg	2875	not_in_tree_exactly	PTD00065	"VanShaik et al. 2012/Isler	 K; van Schaik	 C P (2012)/AnAge DB"	https://www.zora.uzh.ch/id/eprint/71056/ / https://www.sciencedirect.com/science/article/abs/pii/S0047248412000577	PTD00014	Galán-Acedo et al. 2019	https://www.nature.com/articles/s41597-019-0059-9	not recorded in source input	not recorded in source input	not recorded in source input	not recorded in source input	not applicable: GroupName is unique	False	missing_or_nonpositive_MLS
PLA_Cebidae_Cebus_imitator	PLA	Cebidae	Cebus_imitator	Cebus_imitator		years		3.235	kg	3235	not_in_tree_exactly	PTD00065	"VanShaik et al. 2012/Isler	 K; van Schaik	 C P (2012)/AnAge DB"	https://www.zora.uzh.ch/id/eprint/71056/ / https://www.sciencedirect.com/science/article/abs/pii/S0047248412000577	PTD00014	Galán-Acedo et al. 2019	https://www.nature.com/articles/s41597-019-0059-9	not recorded in source input	not recorded in source input	not recorded in source input	not recorded in source input	not applicable: GroupName is unique	False	missing_or_nonpositive_MLS
PLA_Cebidae_Cebus_kaapori	PLA	Cebidae	Cebus_kaapori	Cebus_kaapori		years		2.425	kg	2425	not_in_tree_exactly	PTD00065	"VanShaik et al. 2012/Isler	 K; van Schaik	 C P (2012)/AnAge DB"	https://www.zora.uzh.ch/id/eprint/71056/ / https://www.sciencedirect.com/science/article/abs/pii/S0047248412000577	PTD00014	Galán-Acedo et al. 2019	https://www.nature.com/articles/s41597-019-0059-9	not recorded in source input	not recorded in source input	not recorded in source input	not recorded in source input	not applicable: GroupName is unique	False	missing_or_nonpositive_MLS
PLA_Cebidae_Cebus_leucocephalus	PLA	Cebidae	Cebus_leucocephalus	Cebus_leucocephalus		years			kg		not_in_tree_exactly	PTD00065	"VanShaik et al. 2012/Isler	 K; van Schaik	 C P (2012)/AnAge DB"	https://www.zora.uzh.ch/id/eprint/71056/ / https://www.sciencedirect.com/science/article/abs/pii/S0047248412000577	PTD00014	Galán-Acedo et al. 2019	https://www.nature.com/articles/s41597-019-0059-9	not recorded in source input	not recorded in source input	not recorded in source input	not recorded in source input	not applicable: GroupName is unique	False	missing_or_nonpositive_MLS_and_body_mass
PLA_Cebidae_Cebus_malitiosus	PLA	Cebidae	Cebus_malitiosus	Cebus_malitiosus		years			kg		not_in_tree_exactly	PTD00065	"VanShaik et al. 2012/Isler	 K; van Schaik	 C P (2012)/AnAge DB"	https://www.zora.uzh.ch/id/eprint/71056/ / https://www.sciencedirect.com/science/article/abs/pii/S0047248412000577	PTD00014	Galán-Acedo et al. 2019	https://www.nature.com/articles/s41597-019-0059-9	not recorded in source input	not recorded in source input	not recorded in source input	not recorded in source input	not applicable: GroupName is unique	False	missing_or_nonpositive_MLS_and_body_mass
PLA_Cebidae_Cebus_olivaceus	PLA	Cebidae	Cebus_olivaceus	Cebus_olivaceus	47	years	47	2.88	kg	2880	exact_tree_tip_match	PTD00065	"VanShaik et al. 2012/Isler	 K; van Schaik	 C P (2012)/AnAge DB"	https://www.zora.uzh.ch/id/eprint/71056/ / https://www.sciencedirect.com/science/article/abs/pii/S0047248412000577	PTD00014	Galán-Acedo et al. 2019	https://www.nature.com/articles/s41597-019-0059-9	not recorded in source input	not recorded in source input	not recorded in source input	not recorded in source input	not applicable: GroupName is unique	True	
PLA_Cebidae_Cebus_unicolor	PLA	Cebidae	Cebus_unicolor	Cebus_unicolor		years		2.74	kg	2740	exact_tree_tip_match	PTD00065	"VanShaik et al. 2012/Isler	 K; van Schaik	 C P (2012)/AnAge DB"	https://www.zora.uzh.ch/id/eprint/71056/ / https://www.sciencedirect.com/science/article/abs/pii/S0047248412000577	PTD00014	Galán-Acedo et al. 2019	https://www.nature.com/articles/s41597-019-0059-9	not recorded in source input	not recorded in source input	not recorded in source input	not recorded in source input	not applicable: GroupName is unique	False	missing_or_nonpositive_MLS
PLA_Cebidae_Cebus_versicolor	PLA	Cebidae	Cebus_versicolor	Cebus_versicolor		years		2.74	kg	2740	not_in_tree_exactly	PTD00065	"VanShaik et al. 2012/Isler	 K; van Schaik	 C P (2012)/AnAge DB"	https://www.zora.uzh.ch/id/eprint/71056/ / https://www.sciencedirect.com/science/article/abs/pii/S0047248412000577	PTD00014	Galán-Acedo et al. 2019	https://www.nature.com/articles/s41597-019-0059-9	not recorded in source input	not recorded in source input	not recorded in source input	not recorded in source input	not applicable: GroupName is unique	False	missing_or_nonpositive_MLS
PLA_Cebidae_Cebus_yuracus	PLA	Cebidae	Cebus_yuracus	Cebus_yuracus		years		3.35	kg	3350	not_in_tree_exactly	PTD00065	"VanShaik et al. 2012/Isler	 K; van Schaik	 C P (2012)/AnAge DB"	https://www.zora.uzh.ch/id/eprint/71056/ / https://www.sciencedirect.com/science/article/abs/pii/S0047248412000577	PTD00014	Galán-Acedo et al. 2019	https://www.nature.com/articles/s41597-019-0059-9	not recorded in source input	not recorded in source input	not recorded in source input	not recorded in source input	not applicable: GroupName is unique	False	missing_or_nonpositive_MLS
PLA_Cebidae_Saimiri_boliviensis	PLA	Cebidae	Saimiri_boliviensis	Saimiri_boliviensis	30.3	years	30.3	0.88	kg	880	not_in_tree_exactly	PTD00065	"VanShaik et al. 2012/Isler	 K; van Schaik	 C P (2012)/AnAge DB"	https://www.zora.uzh.ch/id/eprint/71056/ / https://www.sciencedirect.com/science/article/abs/pii/S0047248412000577	PTD00014	Galán-Acedo et al. 2019	https://www.nature.com/articles/s41597-019-0059-9	not recorded in source input	not recorded in source input	not recorded in source input	not recorded in source input	not applicable: GroupName is unique	True	
PLA_Cebidae_Saimiri_cassiquiarensis	PLA	Cebidae	Saimiri_cassiquiarensis	Saimiri_cassiquiarensis		years		0.88	kg	880	exact_tree_tip_match	PTD00065	"VanShaik et al. 2012/Isler	 K; van Schaik	 C P (2012)/AnAge DB"	https://www.zora.uzh.ch/id/eprint/71056/ / https://www.sciencedirect.com/science/article/abs/pii/S0047248412000577	PTD00014	Galán-Acedo et al. 2019	https://www.nature.com/articles/s41597-019-0059-9	not recorded in source input	not recorded in source input	not recorded in source input	not recorded in source input	not applicable: GroupName is unique	False	missing_or_nonpositive_MLS
PLA_Cebidae_Saimiri_collinsi	PLA	Cebidae	Saimiri_collinsi	Saimiri_collinsi		years			kg		not_in_tree_exactly	PTD00065	"VanShaik et al. 2012/Isler	 K; van Schaik	 C P (2012)/AnAge DB"	https://www.zora.uzh.ch/id/eprint/71056/ / https://www.sciencedirect.com/science/article/abs/pii/S0047248412000577	PTD00014	Galán-Acedo et al. 2019	https://www.nature.com/articles/s41597-019-0059-9	not recorded in source input	not recorded in source input	not recorded in source input	not recorded in source input	not applicable: GroupName is unique	False	missing_or_nonpositive_MLS_and_body_mass
PLA_Cebidae_Saimiri_macrodon	PLA	Cebidae	Saimiri_macrodon	Saimiri_macrodon		years		0.99	kg	990	exact_tree_tip_match	PTD00065	"VanShaik et al. 2012/Isler	 K; van Schaik	 C P (2012)/AnAge DB"	https://www.zora.uzh.ch/id/eprint/71056/ / https://www.sciencedirect.com/science/article/abs/pii/S0047248412000577	PTD00014	Galán-Acedo et al. 2019	https://www.nature.com/articles/s41597-019-0059-9	not recorded in source input	not recorded in source input	not recorded in source input	not recorded in source input	not applicable: GroupName is unique	False	missing_or_nonpositive_MLS
PLA_Cebidae_Saimiri_oerstedii	PLA	Cebidae	Saimiri_oerstedii	Saimiri_oerstedii		years		0.79	kg	790	exact_tree_tip_match	PTD00065	"VanShaik et al. 2012/Isler	 K; van Schaik	 C P (2012)/AnAge DB"	https://www.zora.uzh.ch/id/eprint/71056/ / https://www.sciencedirect.com/science/article/abs/pii/S0047248412000577	PTD00014	Galán-Acedo et al. 2019	https://www.nature.com/articles/s41597-019-0059-9	not recorded in source input	not recorded in source input	not recorded in source input	not recorded in source input	not applicable: GroupName is unique	False	missing_or_nonpositive_MLS
PLA_Cebidae_Saimiri_sciureus	PLA	Cebidae	Saimiri_sciureus	Saimiri_sciureus	30.3	years	30.3	0.82	kg	820	exact_tree_tip_match	PTD00065	"VanShaik et al. 2012/Isler	 K; van Schaik	 C P (2012)/AnAge DB"	https://www.zora.uzh.ch/id/eprint/71056/ / https://www.sciencedirect.com/science/article/abs/pii/S0047248412000577	PTD00014	Galán-Acedo et al. 2019	https://www.nature.com/articles/s41597-019-0059-9	not recorded in source input	not recorded in source input	not recorded in source input	not recorded in source input	not applicable: GroupName is unique	True	
PLA_Cebidae_Saimiri_ustus	PLA	Cebidae	Saimiri_ustus	Saimiri_ustus		years		0.86	kg	860	exact_tree_tip_match	PTD00065	"VanShaik et al. 2012/Isler	 K; van Schaik	 C P (2012)/AnAge DB"	https://www.zora.uzh.ch/id/eprint/71056/ / https://www.sciencedirect.com/science/article/abs/pii/S0047248412000577	PTD00014	Galán-Acedo et al. 2019	https://www.nature.com/articles/s41597-019-0059-9	not recorded in source input	not recorded in source input	not recorded in source input	not recorded in source input	not applicable: GroupName is unique	False	missing_or_nonpositive_MLS
PLA_Cebidae_Saimiri_vanzolinii	PLA	Cebidae	Saimiri_vanzolinii	Saimiri_vanzolinii		years		0.8	kg	800	not_in_tree_exactly	PTD00065	"VanShaik et al. 2012/Isler	 K; van Schaik	 C P (2012)/AnAge DB"	https://www.zora.uzh.ch/id/eprint/71056/ / https://www.sciencedirect.com/science/article/abs/pii/S0047248412000577	PTD00014	Galán-Acedo et al. 2019	https://www.nature.com/articles/s41597-019-0059-9	not recorded in source input	not recorded in source input	not recorded in source input	not recorded in source input	not applicable: GroupName is unique	False	missing_or_nonpositive_MLS
PLA_Cebidae_Sapajus_apella	PLA	Cebidae	Sapajus_apella	Sapajus_apella	46	years	46	3.01	kg	3010	exact_tree_tip_match	PTD00065	"VanShaik et al. 2012/Isler	 K; van Schaik	 C P (2012)/AnAge DB"	https://www.zora.uzh.ch/id/eprint/71056/ / https://www.sciencedirect.com/science/article/abs/pii/S0047248412000577	PTD00014	Galán-Acedo et al. 2019	https://www.nature.com/articles/s41597-019-0059-9	not recorded in source input	not recorded in source input	not recorded in source input	not recorded in source input	not applicable: GroupName is unique	True	
PLA_Cebidae_Sapajus_cay	PLA	Cebidae	Sapajus_cay	Sapajus_cay		years		3.25	kg	3250	not_in_tree_exactly	PTD00065	"VanShaik et al. 2012/Isler	 K; van Schaik	 C P (2012)/AnAge DB"	https://www.zora.uzh.ch/id/eprint/71056/ / https://www.sciencedirect.com/science/article/abs/pii/S0047248412000577	PTD00014	Galán-Acedo et al. 2019	https://www.nature.com/articles/s41597-019-0059-9	not recorded in source input	not recorded in source input	not recorded in source input	not recorded in source input	not applicable: GroupName is unique	False	missing_or_nonpositive_MLS
PLA_Cebidae_Sapajus_flavius	PLA	Cebidae	Sapajus_flavius	Sapajus_flavius		years		2.35	kg	2350	not_in_tree_exactly	PTD00065	"VanShaik et al. 2012/Isler	 K; van Schaik	 C P (2012)/AnAge DB"	https://www.zora.uzh.ch/id/eprint/71056/ / https://www.sciencedirect.com/science/article/abs/pii/S0047248412000577	PTD00014	Galán-Acedo et al. 2019	https://www.nature.com/articles/s41597-019-0059-9	not recorded in source input	not recorded in source input	not recorded in source input	not recorded in source input	not applicable: GroupName is unique	False	missing_or_nonpositive_MLS
PLA_Cebidae_Sapajus_libidinosus	PLA	Cebidae	Sapajus_libidinosus	Sapajus_libidinosus		years		2.54	kg	2540	not_in_tree_exactly	PTD00065	"VanShaik et al. 2012/Isler	 K; van Schaik	 C P (2012)/AnAge DB"	https://www.zora.uzh.ch/id/eprint/71056/ / https://www.sciencedirect.com/science/article/abs/pii/S0047248412000577	PTD00014	Galán-Acedo et al. 2019	https://www.nature.com/articles/s41597-019-0059-9	not recorded in source input	not recorded in source input	not recorded in source input	not recorded in source input	not applicable: GroupName is unique	False	missing_or_nonpositive_MLS
PLA_Cebidae_Sapajus_macrocephalus	PLA	Cebidae	Sapajus_macrocephalus	Sapajus_macrocephalus		years		3.05	kg	3050	exact_tree_tip_match	PTD00065	"VanShaik et al. 2012/Isler	 K; van Schaik	 C P (2012)/AnAge DB"	https://www.zora.uzh.ch/id/eprint/71056/ / https://www.sciencedirect.com/science/article/abs/pii/S0047248412000577	PTD00014	Galán-Acedo et al. 2019	https://www.nature.com/articles/s41597-019-0059-9	not recorded in source input	not recorded in source input	not recorded in source input	not recorded in source input	not applicable: GroupName is unique	False	missing_or_nonpositive_MLS
PLA_Cebidae_Sapajus_nigritus	PLA	Cebidae	Sapajus_nigritus	Sapajus_nigritus		years		3.7	kg	3700	not_in_tree_exactly	PTD00065	"VanShaik et al. 2012/Isler	 K; van Schaik	 C P (2012)/AnAge DB"	https://www.zora.uzh.ch/id/eprint/71056/ / https://www.sciencedirect.com/science/article/abs/pii/S0047248412000577	PTD00014	Galán-Acedo et al. 2019	https://www.nature.com/articles/s41597-019-0059-9	not recorded in source input	not recorded in source input	not recorded in source input	not recorded in source input	not applicable: GroupName is unique	False	missing_or_nonpositive_MLS
PLA_Cebidae_Sapajus_robustus	PLA	Cebidae	Sapajus_robustus	Sapajus_robustus		years		3.05	kg	3050	not_in_tree_exactly	PTD00065	"VanShaik et al. 2012/Isler	 K; van Schaik	 C P (2012)/AnAge DB"	https://www.zora.uzh.ch/id/eprint/71056/ / https://www.sciencedirect.com/science/article/abs/pii/S0047248412000577	PTD00014	Galán-Acedo et al. 2019	https://www.nature.com/articles/s41597-019-0059-9	not recorded in source input	not recorded in source input	not recorded in source input	not recorded in source input	not applicable: GroupName is unique	False	missing_or_nonpositive_MLS
PLA_Cebidae_Sapajus_xanthosternos	PLA	Cebidae	Sapajus_xanthosternos	Sapajus_xanthosternos		years		2.875	kg	2875	not_in_tree_exactly	PTD00065	"VanShaik et al. 2012/Isler	 K; van Schaik	 C P (2012)/AnAge DB"	https://www.zora.uzh.ch/id/eprint/71056/ / https://www.sciencedirect.com/science/article/abs/pii/S0047248412000577	PTD00014	Galán-Acedo et al. 2019	https://www.nature.com/articles/s41597-019-0059-9	not recorded in source input	not recorded in source input	not recorded in source input	not recorded in source input	not applicable: GroupName is unique	False	missing_or_nonpositive_MLS
PLA_Pitheciidae_Cacajao_ayresi	PLA	Pitheciidae	Cacajao_ayresi	Cacajao_ayresi		years			kg		exact_tree_tip_match	PTD00065	"VanShaik et al. 2012/Isler	 K; van Schaik	 C P (2012)/AnAge DB"	https://www.zora.uzh.ch/id/eprint/71056/ / https://www.sciencedirect.com/science/article/abs/pii/S0047248412000577	PTD00014	Galán-Acedo et al. 2019	https://www.nature.com/articles/s41597-019-0059-9	not recorded in source input	not recorded in source input	not recorded in source input	not recorded in source input	not applicable: GroupName is unique	False	missing_or_nonpositive_MLS_and_body_mass
PLA_Pitheciidae_Cacajao_calvus	PLA	Pitheciidae	Cacajao_calvus	Cacajao_calvus	35.8	years	35.8	3.17	kg	3170	exact_tree_tip_match	PTD00065	"VanShaik et al. 2012/Isler	 K; van Schaik	 C P (2012)/AnAge DB"	https://www.zora.uzh.ch/id/eprint/71056/ / https://www.sciencedirect.com/science/article/abs/pii/S0047248412000577	PTD00014	Galán-Acedo et al. 2019	https://www.nature.com/articles/s41597-019-0059-9	not recorded in source input	not recorded in source input	not recorded in source input	not recorded in source input	not applicable: GroupName is unique	True	
PLA_Pitheciidae_Cacajao_hosomi	PLA	Pitheciidae	Cacajao_hosomi	Cacajao_hosomi		years			kg		exact_tree_tip_match	PTD00065	"VanShaik et al. 2012/Isler	 K; van Schaik	 C P (2012)/AnAge DB"	https://www.zora.uzh.ch/id/eprint/71056/ / https://www.sciencedirect.com/science/article/abs/pii/S0047248412000577	PTD00014	Galán-Acedo et al. 2019	https://www.nature.com/articles/s41597-019-0059-9	not recorded in source input	not recorded in source input	not recorded in source input	not recorded in source input	not applicable: GroupName is unique	False	missing_or_nonpositive_MLS_and_body_mass
PLA_Pitheciidae_Cacajao_melanocephalus	PLA	Pitheciidae	Cacajao_melanocephalus	Cacajao_melanocephalus		years		2.94	kg	2940	exact_tree_tip_match	PTD00065	"VanShaik et al. 2012/Isler	 K; van Schaik	 C P (2012)/AnAge DB"	https://www.zora.uzh.ch/id/eprint/71056/ / https://www.sciencedirect.com/science/article/abs/pii/S0047248412000577	PTD00014	Galán-Acedo et al. 2019	https://www.nature.com/articles/s41597-019-0059-9	not recorded in source input	not recorded in source input	not recorded in source input	not recorded in source input	not applicable: GroupName is unique	False	missing_or_nonpositive_MLS
PLA_Pitheciidae_Cacajao_ouakary	PLA	Pitheciidae	Cacajao_ouakary	Cacajao_ouakary		years		3.075	kg	3075	not_in_tree_exactly	PTD00065	"VanShaik et al. 2012/Isler	 K; van Schaik	 C P (2012)/AnAge DB"	https://www.zora.uzh.ch/id/eprint/71056/ / https://www.sciencedirect.com/science/article/abs/pii/S0047248412000577	PTD00014	Galán-Acedo et al. 2019	https://www.nature.com/articles/s41597-019-0059-9	not recorded in source input	not recorded in source input	not recorded in source input	not recorded in source input	not applicable: GroupName is unique	False	missing_or_nonpositive_MLS
PLA_Pitheciidae_Callicebus_barbarabrownae	PLA	Pitheciidae	Callicebus_barbarabrownae	Callicebus_barbarabrownae		years		1.15	kg	1150	not_in_tree_exactly	PTD00065	"VanShaik et al. 2012/Isler	 K; van Schaik	 C P (2012)/AnAge DB"	https://www.zora.uzh.ch/id/eprint/71056/ / https://www.sciencedirect.com/science/article/abs/pii/S0047248412000577	PTD00014	Galán-Acedo et al. 2019	https://www.nature.com/articles/s41597-019-0059-9	not recorded in source input	not recorded in source input	not recorded in source input	not recorded in source input	not applicable: GroupName is unique	False	missing_or_nonpositive_MLS
PLA_Pitheciidae_Callicebus_coimbrai	PLA	Pitheciidae	Callicebus_coimbrai	Callicebus_coimbrai		years		1.21	kg	1210	not_in_tree_exactly	PTD00065	"VanShaik et al. 2012/Isler	 K; van Schaik	 C P (2012)/AnAge DB"	https://www.zora.uzh.ch/id/eprint/71056/ / https://www.sciencedirect.com/science/article/abs/pii/S0047248412000577	PTD00014	Galán-Acedo et al. 2019	https://www.nature.com/articles/s41597-019-0059-9	not recorded in source input	not recorded in source input	not recorded in source input	not recorded in source input	not applicable: GroupName is unique	False	missing_or_nonpositive_MLS
PLA_Pitheciidae_Callicebus_melanochir	PLA	Pitheciidae	Callicebus_melanochir	Callicebus_melanochir		years		1.37	kg	1370	not_in_tree_exactly	PTD00065	"VanShaik et al. 2012/Isler	 K; van Schaik	 C P (2012)/AnAge DB"	https://www.zora.uzh.ch/id/eprint/71056/ / https://www.sciencedirect.com/science/article/abs/pii/S0047248412000577	PTD00014	Galán-Acedo et al. 2019	https://www.nature.com/articles/s41597-019-0059-9	not recorded in source input	not recorded in source input	not recorded in source input	not recorded in source input	not applicable: GroupName is unique	False	missing_or_nonpositive_MLS
PLA_Pitheciidae_Callicebus_nigrifrons	PLA	Pitheciidae	Callicebus_nigrifrons	Callicebus_nigrifrons		years			kg		not_in_tree_exactly	PTD00065	"VanShaik et al. 2012/Isler	 K; van Schaik	 C P (2012)/AnAge DB"	https://www.zora.uzh.ch/id/eprint/71056/ / https://www.sciencedirect.com/science/article/abs/pii/S0047248412000577	PTD00014	Galán-Acedo et al. 2019	https://www.nature.com/articles/s41597-019-0059-9	not recorded in source input	not recorded in source input	not recorded in source input	not recorded in source input	not applicable: GroupName is unique	False	missing_or_nonpositive_MLS_and_body_mass
PLA_Pitheciidae_Callicebus_personatus	PLA	Pitheciidae	Callicebus_personatus	Callicebus_personatus		years		1.32	kg	1320	not_in_tree_exactly	PTD00065	"VanShaik et al. 2012/Isler	 K; van Schaik	 C P (2012)/AnAge DB"	https://www.zora.uzh.ch/id/eprint/71056/ / https://www.sciencedirect.com/science/article/abs/pii/S0047248412000577	PTD00014	Galán-Acedo et al. 2019	https://www.nature.com/articles/s41597-019-0059-9	not recorded in source input	not recorded in source input	not recorded in source input	not recorded in source input	not applicable: GroupName is unique	False	missing_or_nonpositive_MLS
PLA_Pitheciidae_Cheracebus_lucifer	PLA	Pitheciidae	Cheracebus_lucifer	Cheracebus_lucifer		years		1.5	kg	1500	exact_tree_tip_match	PTD00065	"VanShaik et al. 2012/Isler	 K; van Schaik	 C P (2012)/AnAge DB"	https://www.zora.uzh.ch/id/eprint/71056/ / https://www.sciencedirect.com/science/article/abs/pii/S0047248412000577	PTD00014	Galán-Acedo et al. 2019	https://www.nature.com/articles/s41597-019-0059-9	not recorded in source input	not recorded in source input	not recorded in source input	not recorded in source input	not applicable: GroupName is unique	False	missing_or_nonpositive_MLS
PLA_Pitheciidae_Cheracebus_lugens	PLA	Pitheciidae	Cheracebus_lugens	Cheracebus_lugens		years		1.37	kg	1370	exact_tree_tip_match	PTD00065	"VanShaik et al. 2012/Isler	 K; van Schaik	 C P (2012)/AnAge DB"	https://www.zora.uzh.ch/id/eprint/71056/ / https://www.sciencedirect.com/science/article/abs/pii/S0047248412000577	PTD00014	Galán-Acedo et al. 2019	https://www.nature.com/articles/s41597-019-0059-9	not recorded in source input	not recorded in source input	not recorded in source input	not recorded in source input	not applicable: GroupName is unique	False	missing_or_nonpositive_MLS
PLA_Pitheciidae_Cheracebus_medemi	PLA	Pitheciidae	Cheracebus_medemi	Cheracebus_medemi		years		1.18	kg	1180	not_in_tree_exactly	PTD00065	"VanShaik et al. 2012/Isler	 K; van Schaik	 C P (2012)/AnAge DB"	https://www.zora.uzh.ch/id/eprint/71056/ / https://www.sciencedirect.com/science/article/abs/pii/S0047248412000577	PTD00014	Galán-Acedo et al. 2019	https://www.nature.com/articles/s41597-019-0059-9	not recorded in source input	not recorded in source input	not recorded in source input	not recorded in source input	not applicable: GroupName is unique	False	missing_or_nonpositive_MLS
PLA_Pitheciidae_Cheracebus_purinus	PLA	Pitheciidae	Cheracebus_purinus	Cheracebus_purinus		years		1.5	kg	1500	not_in_tree_exactly	PTD00065	"VanShaik et al. 2012/Isler	 K; van Schaik	 C P (2012)/AnAge DB"	https://www.zora.uzh.ch/id/eprint/71056/ / https://www.sciencedirect.com/science/article/abs/pii/S0047248412000577	PTD00014	Galán-Acedo et al. 2019	https://www.nature.com/articles/s41597-019-0059-9	not recorded in source input	not recorded in source input	not recorded in source input	not recorded in source input	not applicable: GroupName is unique	False	missing_or_nonpositive_MLS
PLA_Pitheciidae_Cheracebus_regulus	PLA	Pitheciidae	Cheracebus_regulus	Cheracebus_regulus		years		1.25	kg	1250	exact_tree_tip_match	PTD00065	"VanShaik et al. 2012/Isler	 K; van Schaik	 C P (2012)/AnAge DB"	https://www.zora.uzh.ch/id/eprint/71056/ / https://www.sciencedirect.com/science/article/abs/pii/S0047248412000577	PTD00014	Galán-Acedo et al. 2019	https://www.nature.com/articles/s41597-019-0059-9	not recorded in source input	not recorded in source input	not recorded in source input	not recorded in source input	not applicable: GroupName is unique	False	missing_or_nonpositive_MLS
PLA_Pitheciidae_Cheracebus_torquatus	PLA	Pitheciidae	Cheracebus_torquatus	Cheracebus_torquatus		years		1.25	kg	1250	exact_tree_tip_match	PTD00065	"VanShaik et al. 2012/Isler	 K; van Schaik	 C P (2012)/AnAge DB"	https://www.zora.uzh.ch/id/eprint/71056/ / https://www.sciencedirect.com/science/article/abs/pii/S0047248412000577	PTD00014	Galán-Acedo et al. 2019	https://www.nature.com/articles/s41597-019-0059-9	not recorded in source input	not recorded in source input	not recorded in source input	not recorded in source input	not applicable: GroupName is unique	False	missing_or_nonpositive_MLS
PLA_Pitheciidae_Chiropotes_albinasus	PLA	Pitheciidae	Chiropotes_albinasus	Chiropotes_albinasus	20	years	20	2.82	kg	2820	exact_tree_tip_match	PTD00065	"VanShaik et al. 2012/Isler	 K; van Schaik	 C P (2012)/AnAge DB"	https://www.zora.uzh.ch/id/eprint/71056/ / https://www.sciencedirect.com/science/article/abs/pii/S0047248412000577	PTD00014	Galán-Acedo et al. 2019	https://www.nature.com/articles/s41597-019-0059-9	not recorded in source input	not recorded in source input	not recorded in source input	not recorded in source input	not applicable: GroupName is unique	True	
PLA_Pitheciidae_Chiropotes_chiropotes	PLA	Pitheciidae	Chiropotes_chiropotes	Chiropotes_chiropotes		years		2.74	kg	2740	not_in_tree_exactly	PTD00065	"VanShaik et al. 2012/Isler	 K; van Schaik	 C P (2012)/AnAge DB"	https://www.zora.uzh.ch/id/eprint/71056/ / https://www.sciencedirect.com/science/article/abs/pii/S0047248412000577	PTD00014	Galán-Acedo et al. 2019	https://www.nature.com/articles/s41597-019-0059-9	not recorded in source input	not recorded in source input	not recorded in source input	not recorded in source input	not applicable: GroupName is unique	False	missing_or_nonpositive_MLS
PLA_Pitheciidae_Chiropotes_israelita	PLA	Pitheciidae	Chiropotes_israelita	Chiropotes_israelita		years			kg		exact_tree_tip_match	PTD00065	"VanShaik et al. 2012/Isler	 K; van Schaik	 C P (2012)/AnAge DB"	https://www.zora.uzh.ch/id/eprint/71056/ / https://www.sciencedirect.com/science/article/abs/pii/S0047248412000577	PTD00014	Galán-Acedo et al. 2019	https://www.nature.com/articles/s41597-019-0059-9	not recorded in source input	not recorded in source input	not recorded in source input	not recorded in source input	not applicable: GroupName is unique	False	missing_or_nonpositive_MLS_and_body_mass
PLA_Pitheciidae_Chiropotes_sagulatus	PLA	Pitheciidae	Chiropotes_sagulatus	Chiropotes_sagulatus		years		3	kg	3000	exact_tree_tip_match	PTD00065	"VanShaik et al. 2012/Isler	 K; van Schaik	 C P (2012)/AnAge DB"	https://www.zora.uzh.ch/id/eprint/71056/ / https://www.sciencedirect.com/science/article/abs/pii/S0047248412000577	PTD00014	Galán-Acedo et al. 2019	https://www.nature.com/articles/s41597-019-0059-9	not recorded in source input	not recorded in source input	not recorded in source input	not recorded in source input	not applicable: GroupName is unique	False	missing_or_nonpositive_MLS
PLA_Pitheciidae_Chiropotes_satanas	PLA	Pitheciidae	Chiropotes_satanas	Chiropotes_satanas	19.6	years	19.6	2.885	kg	2885	not_in_tree_exactly	PTD00065	"VanShaik et al. 2012/Isler	 K; van Schaik	 C P (2012)/AnAge DB"	https://www.zora.uzh.ch/id/eprint/71056/ / https://www.sciencedirect.com/science/article/abs/pii/S0047248412000577	PTD00014	Galán-Acedo et al. 2019	https://www.nature.com/articles/s41597-019-0059-9	not recorded in source input	not recorded in source input	not recorded in source input	not recorded in source input	not applicable: GroupName is unique	True	
PLA_Pitheciidae_Chiropotes_utahickae	PLA	Pitheciidae	Chiropotes_utahickae	Chiropotes_utahickae		years		3	kg	3000	not_in_tree_exactly	PTD00065	"VanShaik et al. 2012/Isler	 K; van Schaik	 C P (2012)/AnAge DB"	https://www.zora.uzh.ch/id/eprint/71056/ / https://www.sciencedirect.com/science/article/abs/pii/S0047248412000577	PTD00014	Galán-Acedo et al. 2019	https://www.nature.com/articles/s41597-019-0059-9	not recorded in source input	not recorded in source input	not recorded in source input	not recorded in source input	not applicable: GroupName is unique	False	missing_or_nonpositive_MLS
PLA_Pitheciidae_Pithecia_aequatorialis	PLA	Pitheciidae	Pithecia_aequatorialis	Pithecia_aequatorialis		years		2.25	kg	2250	not_in_tree_exactly	PTD00065	"VanShaik et al. 2012/Isler	 K; van Schaik	 C P (2012)/AnAge DB"	https://www.zora.uzh.ch/id/eprint/71056/ / https://www.sciencedirect.com/science/article/abs/pii/S0047248412000577	PTD00014	Galán-Acedo et al. 2019	https://www.nature.com/articles/s41597-019-0059-9	not recorded in source input	not recorded in source input	not recorded in source input	not recorded in source input	not applicable: GroupName is unique	False	missing_or_nonpositive_MLS
PLA_Pitheciidae_Pithecia_albicans	PLA	Pitheciidae	Pithecia_albicans	Pithecia_albicans		years		3	kg	3000	exact_tree_tip_match	PTD00065	"VanShaik et al. 2012/Isler	 K; van Schaik	 C P (2012)/AnAge DB"	https://www.zora.uzh.ch/id/eprint/71056/ / https://www.sciencedirect.com/science/article/abs/pii/S0047248412000577	PTD00014	Galán-Acedo et al. 2019	https://www.nature.com/articles/s41597-019-0059-9	not recorded in source input	not recorded in source input	not recorded in source input	not recorded in source input	not applicable: GroupName is unique	False	missing_or_nonpositive_MLS
PLA_Pitheciidae_Pithecia_cazuzai	PLA	Pitheciidae	Pithecia_cazuzai	Pithecia_cazuzai		years			kg		not_in_tree_exactly	PTD00065	"VanShaik et al. 2012/Isler	 K; van Schaik	 C P (2012)/AnAge DB"	https://www.zora.uzh.ch/id/eprint/71056/ / https://www.sciencedirect.com/science/article/abs/pii/S0047248412000577	PTD00014	Galán-Acedo et al. 2019	https://www.nature.com/articles/s41597-019-0059-9	not recorded in source input	not recorded in source input	not recorded in source input	not recorded in source input	not applicable: GroupName is unique	False	missing_or_nonpositive_MLS_and_body_mass
PLA_Pitheciidae_Pithecia_chrysocephala	PLA	Pitheciidae	Pithecia_chrysocephala	Pithecia_chrysocephala		years		1.9	kg	1900	exact_tree_tip_match	PTD00065	"VanShaik et al. 2012/Isler	 K; van Schaik	 C P (2012)/AnAge DB"	https://www.zora.uzh.ch/id/eprint/71056/ / https://www.sciencedirect.com/science/article/abs/pii/S0047248412000577	PTD00014	Galán-Acedo et al. 2019	https://www.nature.com/articles/s41597-019-0059-9	not recorded in source input	not recorded in source input	not recorded in source input	not recorded in source input	not applicable: GroupName is unique	False	missing_or_nonpositive_MLS
PLA_Pitheciidae_Pithecia_hirsuta	PLA	Pitheciidae	Pithecia_hirsuta	Pithecia_hirsuta		years			kg		exact_tree_tip_match	PTD00065	"VanShaik et al. 2012/Isler	 K; van Schaik	 C P (2012)/AnAge DB"	https://www.zora.uzh.ch/id/eprint/71056/ / https://www.sciencedirect.com/science/article/abs/pii/S0047248412000577	PTD00014	Galán-Acedo et al. 2019	https://www.nature.com/articles/s41597-019-0059-9	not recorded in source input	not recorded in source input	not recorded in source input	not recorded in source input	not applicable: GroupName is unique	False	missing_or_nonpositive_MLS_and_body_mass
PLA_Pitheciidae_Pithecia_inusta	PLA	Pitheciidae	Pithecia_inusta	Pithecia_inusta		years			kg		not_in_tree_exactly	PTD00065	"VanShaik et al. 2012/Isler	 K; van Schaik	 C P (2012)/AnAge DB"	https://www.zora.uzh.ch/id/eprint/71056/ / https://www.sciencedirect.com/science/article/abs/pii/S0047248412000577	PTD00014	Galán-Acedo et al. 2019	https://www.nature.com/articles/s41597-019-0059-9	not recorded in source input	not recorded in source input	not recorded in source input	not recorded in source input	not applicable: GroupName is unique	False	missing_or_nonpositive_MLS_and_body_mass
PLA_Pitheciidae_Pithecia_irrorata	PLA	Pitheciidae	Pithecia_irrorata	Pithecia_irrorata		years		2.16	kg	2160	not_in_tree_exactly	PTD00065	"VanShaik et al. 2012/Isler	 K; van Schaik	 C P (2012)/AnAge DB"	https://www.zora.uzh.ch/id/eprint/71056/ / https://www.sciencedirect.com/science/article/abs/pii/S0047248412000577	PTD00014	Galán-Acedo et al. 2019	https://www.nature.com/articles/s41597-019-0059-9	not recorded in source input	not recorded in source input	not recorded in source input	not recorded in source input	not applicable: GroupName is unique	False	missing_or_nonpositive_MLS
PLA_Pitheciidae_Pithecia_isabela	PLA	Pitheciidae	Pithecia_isabela	Pithecia_isabela		years			kg		not_in_tree_exactly	PTD00065	"VanShaik et al. 2012/Isler	 K; van Schaik	 C P (2012)/AnAge DB"	https://www.zora.uzh.ch/id/eprint/71056/ / https://www.sciencedirect.com/science/article/abs/pii/S0047248412000577	PTD00014	Galán-Acedo et al. 2019	https://www.nature.com/articles/s41597-019-0059-9	not recorded in source input	not recorded in source input	not recorded in source input	not recorded in source input	not applicable: GroupName is unique	False	missing_or_nonpositive_MLS_and_body_mass
PLA_Pitheciidae_Pithecia_milleri	PLA	Pitheciidae	Pithecia_milleri	Pithecia_milleri		years			kg		not_in_tree_exactly	PTD00065	"VanShaik et al. 2012/Isler	 K; van Schaik	 C P (2012)/AnAge DB"	https://www.zora.uzh.ch/id/eprint/71056/ / https://www.sciencedirect.com/science/article/abs/pii/S0047248412000577	PTD00014	Galán-Acedo et al. 2019	https://www.nature.com/articles/s41597-019-0059-9	not recorded in source input	not recorded in source input	not recorded in source input	not recorded in source input	not applicable: GroupName is unique	False	missing_or_nonpositive_MLS_and_body_mass
PLA_Pitheciidae_Pithecia_mittermeieri	PLA	Pitheciidae	Pithecia_mittermeieri	Pithecia_mittermeieri		years			kg		exact_tree_tip_match	PTD00065	"VanShaik et al. 2012/Isler	 K; van Schaik	 C P (2012)/AnAge DB"	https://www.zora.uzh.ch/id/eprint/71056/ / https://www.sciencedirect.com/science/article/abs/pii/S0047248412000577	PTD00014	Galán-Acedo et al. 2019	https://www.nature.com/articles/s41597-019-0059-9	not recorded in source input	not recorded in source input	not recorded in source input	not recorded in source input	not applicable: GroupName is unique	False	missing_or_nonpositive_MLS_and_body_mass
PLA_Pitheciidae_Pithecia_monachus	PLA	Pitheciidae	Pithecia_monachus	Pithecia_monachus	24.6	years	24.6	2.36	kg	2360	not_in_tree_exactly	PTD00065	"VanShaik et al. 2012/Isler	 K; van Schaik	 C P (2012)/AnAge DB"	https://www.zora.uzh.ch/id/eprint/71056/ / https://www.sciencedirect.com/science/article/abs/pii/S0047248412000577	PTD00014	Galán-Acedo et al. 2019	https://www.nature.com/articles/s41597-019-0059-9	not recorded in source input	not recorded in source input	not recorded in source input	not recorded in source input	not applicable: GroupName is unique	True	
PLA_Pitheciidae_Pithecia_napensis	PLA	Pitheciidae	Pithecia_napensis	Pithecia_napensis		years			kg		not_in_tree_exactly	PTD00065	"VanShaik et al. 2012/Isler	 K; van Schaik	 C P (2012)/AnAge DB"	https://www.zora.uzh.ch/id/eprint/71056/ / https://www.sciencedirect.com/science/article/abs/pii/S0047248412000577	PTD00014	Galán-Acedo et al. 2019	https://www.nature.com/articles/s41597-019-0059-9	not recorded in source input	not recorded in source input	not recorded in source input	not recorded in source input	not applicable: GroupName is unique	False	missing_or_nonpositive_MLS_and_body_mass
PLA_Pitheciidae_Pithecia_pissinattii	PLA	Pitheciidae	Pithecia_pissinattii	Pithecia_pissinattii		years			kg		exact_tree_tip_match	PTD00065	"VanShaik et al. 2012/Isler	 K; van Schaik	 C P (2012)/AnAge DB"	https://www.zora.uzh.ch/id/eprint/71056/ / https://www.sciencedirect.com/science/article/abs/pii/S0047248412000577	PTD00014	Galán-Acedo et al. 2019	https://www.nature.com/articles/s41597-019-0059-9	not recorded in source input	not recorded in source input	not recorded in source input	not recorded in source input	not applicable: GroupName is unique	False	missing_or_nonpositive_MLS_and_body_mass
PLA_Pitheciidae_Pithecia_pithecia	PLA	Pitheciidae	Pithecia_pithecia	Pithecia_pithecia	36	years	36	1.76	kg	1760	not_in_tree_exactly	PTD00065	"VanShaik et al. 2012/Isler	 K; van Schaik	 C P (2012)/AnAge DB"	https://www.zora.uzh.ch/id/eprint/71056/ / https://www.sciencedirect.com/science/article/abs/pii/S0047248412000577	PTD00014	Galán-Acedo et al. 2019	https://www.nature.com/articles/s41597-019-0059-9	not recorded in source input	not recorded in source input	not recorded in source input	not recorded in source input	not applicable: GroupName is unique	True	
PLA_Pitheciidae_Pithecia_rylandsi	PLA	Pitheciidae	Pithecia_rylandsi	Pithecia_rylandsi		years			kg		not_in_tree_exactly	PTD00065	"VanShaik et al. 2012/Isler	 K; van Schaik	 C P (2012)/AnAge DB"	https://www.zora.uzh.ch/id/eprint/71056/ / https://www.sciencedirect.com/science/article/abs/pii/S0047248412000577	PTD00014	Galán-Acedo et al. 2019	https://www.nature.com/articles/s41597-019-0059-9	not recorded in source input	not recorded in source input	not recorded in source input	not recorded in source input	not applicable: GroupName is unique	False	missing_or_nonpositive_MLS_and_body_mass
PLA_Pitheciidae_Pithecia_vanzolinii	PLA	Pitheciidae	Pithecia_vanzolinii	Pithecia_vanzolinii		years			kg		exact_tree_tip_match	PTD00065	"VanShaik et al. 2012/Isler	 K; van Schaik	 C P (2012)/AnAge DB"	https://www.zora.uzh.ch/id/eprint/71056/ / https://www.sciencedirect.com/science/article/abs/pii/S0047248412000577	PTD00014	Galán-Acedo et al. 2019	https://www.nature.com/articles/s41597-019-0059-9	not recorded in source input	not recorded in source input	not recorded in source input	not recorded in source input	not applicable: GroupName is unique	False	missing_or_nonpositive_MLS_and_body_mass
PLA_Pitheciidae_Plecturocebus_aureipalatii	PLA	Pitheciidae	Plecturocebus_aureipalatii	Plecturocebus_aureipalatii		years		0.95	kg	950	not_in_tree_exactly	PTD00065	"VanShaik et al. 2012/Isler	 K; van Schaik	 C P (2012)/AnAge DB"	https://www.zora.uzh.ch/id/eprint/71056/ / https://www.sciencedirect.com/science/article/abs/pii/S0047248412000577	PTD00014	Galán-Acedo et al. 2019	https://www.nature.com/articles/s41597-019-0059-9	not recorded in source input	not recorded in source input	not recorded in source input	not recorded in source input	not applicable: GroupName is unique	False	missing_or_nonpositive_MLS
PLA_Pitheciidae_Plecturocebus_baptista	PLA	Pitheciidae	Plecturocebus_baptista	Plecturocebus_baptista		years		1.16	kg	1160	not_in_tree_exactly	PTD00065	"VanShaik et al. 2012/Isler	 K; van Schaik	 C P (2012)/AnAge DB"	https://www.zora.uzh.ch/id/eprint/71056/ / https://www.sciencedirect.com/science/article/abs/pii/S0047248412000577	PTD00014	Galán-Acedo et al. 2019	https://www.nature.com/articles/s41597-019-0059-9	not recorded in source input	not recorded in source input	not recorded in source input	not recorded in source input	not applicable: GroupName is unique	False	missing_or_nonpositive_MLS
PLA_Pitheciidae_Plecturocebus_bernhardi	PLA	Pitheciidae	Plecturocebus_bernhardi	Plecturocebus_bernhardi		years		0.95	kg	950	exact_tree_tip_match	PTD00065	"VanShaik et al. 2012/Isler	 K; van Schaik	 C P (2012)/AnAge DB"	https://www.zora.uzh.ch/id/eprint/71056/ / https://www.sciencedirect.com/science/article/abs/pii/S0047248412000577	PTD00014	Galán-Acedo et al. 2019	https://www.nature.com/articles/s41597-019-0059-9	not recorded in source input	not recorded in source input	not recorded in source input	not recorded in source input	not applicable: GroupName is unique	False	missing_or_nonpositive_MLS
PLA_Pitheciidae_Plecturocebus_brunneus	PLA	Pitheciidae	Plecturocebus_brunneus	Plecturocebus_brunneus		years		0.83	kg	830	exact_tree_tip_match	PTD00065	"VanShaik et al. 2012/Isler	 K; van Schaik	 C P (2012)/AnAge DB"	https://www.zora.uzh.ch/id/eprint/71056/ / https://www.sciencedirect.com/science/article/abs/pii/S0047248412000577	PTD00014	Galán-Acedo et al. 2019	https://www.nature.com/articles/s41597-019-0059-9	not recorded in source input	not recorded in source input	not recorded in source input	not recorded in source input	not applicable: GroupName is unique	False	missing_or_nonpositive_MLS
PLA_Pitheciidae_Plecturocebus_caligatus	PLA	Pitheciidae	Plecturocebus_caligatus	Plecturocebus_caligatus		years		1	kg	1000	exact_tree_tip_match	PTD00065	"VanShaik et al. 2012/Isler	 K; van Schaik	 C P (2012)/AnAge DB"	https://www.zora.uzh.ch/id/eprint/71056/ / https://www.sciencedirect.com/science/article/abs/pii/S0047248412000577	PTD00014	Galán-Acedo et al. 2019	https://www.nature.com/articles/s41597-019-0059-9	not recorded in source input	not recorded in source input	not recorded in source input	not recorded in source input	not applicable: GroupName is unique	False	missing_or_nonpositive_MLS
PLA_Pitheciidae_Plecturocebus_caquetensis	PLA	Pitheciidae	Plecturocebus_caquetensis	Plecturocebus_caquetensis		years			kg		not_in_tree_exactly	PTD00065	"VanShaik et al. 2012/Isler	 K; van Schaik	 C P (2012)/AnAge DB"	https://www.zora.uzh.ch/id/eprint/71056/ / https://www.sciencedirect.com/science/article/abs/pii/S0047248412000577	PTD00014	Galán-Acedo et al. 2019	https://www.nature.com/articles/s41597-019-0059-9	not recorded in source input	not recorded in source input	not recorded in source input	not recorded in source input	not applicable: GroupName is unique	False	missing_or_nonpositive_MLS_and_body_mass
PLA_Pitheciidae_Plecturocebus_cinerascens	PLA	Pitheciidae	Plecturocebus_cinerascens	Plecturocebus_cinerascens		years		0.74	kg	740	exact_tree_tip_match	PTD00065	"VanShaik et al. 2012/Isler	 K; van Schaik	 C P (2012)/AnAge DB"	https://www.zora.uzh.ch/id/eprint/71056/ / https://www.sciencedirect.com/science/article/abs/pii/S0047248412000577	PTD00014	Galán-Acedo et al. 2019	https://www.nature.com/articles/s41597-019-0059-9	not recorded in source input	not recorded in source input	not recorded in source input	not recorded in source input	not applicable: GroupName is unique	False	missing_or_nonpositive_MLS
PLA_Pitheciidae_Plecturocebus_cupreus	PLA	Pitheciidae	Plecturocebus_cupreus	Plecturocebus_cupreus	26.4	years	26.4	1.07	kg	1070	exact_tree_tip_match	PTD00065	"VanShaik et al. 2012/Isler	 K; van Schaik	 C P (2012)/AnAge DB"	https://www.zora.uzh.ch/id/eprint/71056/ / https://www.sciencedirect.com/science/article/abs/pii/S0047248412000577	PTD00014	Galán-Acedo et al. 2019	https://www.nature.com/articles/s41597-019-0059-9	not recorded in source input	not recorded in source input	not recorded in source input	not recorded in source input	not applicable: GroupName is unique	True	
PLA_Pitheciidae_Plecturocebus_discolor	PLA	Pitheciidae	Plecturocebus_discolor	Plecturocebus_discolor		years		1.01	kg	1010	not_in_tree_exactly	PTD00065	"VanShaik et al. 2012/Isler	 K; van Schaik	 C P (2012)/AnAge DB"	https://www.zora.uzh.ch/id/eprint/71056/ / https://www.sciencedirect.com/science/article/abs/pii/S0047248412000577	PTD00014	Galán-Acedo et al. 2019	https://www.nature.com/articles/s41597-019-0059-9	not recorded in source input	not recorded in source input	not recorded in source input	not recorded in source input	not applicable: GroupName is unique	False	missing_or_nonpositive_MLS
PLA_Pitheciidae_Plecturocebus_donacophilus	PLA	Pitheciidae	Plecturocebus_donacophilus	Plecturocebus_donacophilus	25	years	25	0.95	kg	950	not_in_tree_exactly	PTD00065	"VanShaik et al. 2012/Isler	 K; van Schaik	 C P (2012)/AnAge DB"	https://www.zora.uzh.ch/id/eprint/71056/ / https://www.sciencedirect.com/science/article/abs/pii/S0047248412000577	PTD00014	Galán-Acedo et al. 2019	https://www.nature.com/articles/s41597-019-0059-9	not recorded in source input	not recorded in source input	not recorded in source input	not recorded in source input	not applicable: GroupName is unique	True	
PLA_Pitheciidae_Plecturocebus_hoffmansi	PLA	Pitheciidae	Plecturocebus_hoffmansi	Plecturocebus_hoffmansi		years		1.06	kg	1060	exact_tree_tip_match	PTD00065	"VanShaik et al. 2012/Isler	 K; van Schaik	 C P (2012)/AnAge DB"	https://www.zora.uzh.ch/id/eprint/71056/ / https://www.sciencedirect.com/science/article/abs/pii/S0047248412000577	PTD00014	Galán-Acedo et al. 2019	https://www.nature.com/articles/s41597-019-0059-9	not recorded in source input	not recorded in source input	not recorded in source input	not recorded in source input	not applicable: GroupName is unique	False	missing_or_nonpositive_MLS
PLA_Pitheciidae_Plecturocebus_miltoni	PLA	Pitheciidae	Plecturocebus_miltoni	Plecturocebus_miltoni		years		1.34	kg	1340	exact_tree_tip_match	PTD00065	"VanShaik et al. 2012/Isler	 K; van Schaik	 C P (2012)/AnAge DB"	https://www.zora.uzh.ch/id/eprint/71056/ / https://www.sciencedirect.com/science/article/abs/pii/S0047248412000577	PTD00014	Galán-Acedo et al. 2019	https://www.nature.com/articles/s41597-019-0059-9	not recorded in source input	not recorded in source input	not recorded in source input	not recorded in source input	not applicable: GroupName is unique	False	missing_or_nonpositive_MLS
PLA_Pitheciidae_Plecturocebus_modestus	PLA	Pitheciidae	Plecturocebus_modestus	Plecturocebus_modestus		years		0.8	kg	800	not_in_tree_exactly	PTD00065	"VanShaik et al. 2012/Isler	 K; van Schaik	 C P (2012)/AnAge DB"	https://www.zora.uzh.ch/id/eprint/71056/ / https://www.sciencedirect.com/science/article/abs/pii/S0047248412000577	PTD00014	Galán-Acedo et al. 2019	https://www.nature.com/articles/s41597-019-0059-9	not recorded in source input	not recorded in source input	not recorded in source input	not recorded in source input	not applicable: GroupName is unique	False	missing_or_nonpositive_MLS
PLA_Pitheciidae_Plecturocebus_moloch	PLA	Pitheciidae	Plecturocebus_moloch	Plecturocebus_moloch	26.2	years	26.2	0.99	kg	990	exact_tree_tip_match	PTD00065	"VanShaik et al. 2012/Isler	 K; van Schaik	 C P (2012)/AnAge DB"	https://www.zora.uzh.ch/id/eprint/71056/ / https://www.sciencedirect.com/science/article/abs/pii/S0047248412000577	PTD00014	Galán-Acedo et al. 2019	https://www.nature.com/articles/s41597-019-0059-9	not recorded in source input	not recorded in source input	not recorded in source input	not recorded in source input	not applicable: GroupName is unique	True	
PLA_Pitheciidae_Plecturocebus_oenanthe	PLA	Pitheciidae	Plecturocebus_oenanthe	Plecturocebus_oenanthe		years		0.8	kg	800	not_in_tree_exactly	PTD00065	"VanShaik et al. 2012/Isler	 K; van Schaik	 C P (2012)/AnAge DB"	https://www.zora.uzh.ch/id/eprint/71056/ / https://www.sciencedirect.com/science/article/abs/pii/S0047248412000577	PTD00014	Galán-Acedo et al. 2019	https://www.nature.com/articles/s41597-019-0059-9	not recorded in source input	not recorded in source input	not recorded in source input	not recorded in source input	not applicable: GroupName is unique	False	missing_or_nonpositive_MLS
PLA_Pitheciidae_Plecturocebus_olallae	PLA	Pitheciidae	Plecturocebus_olallae	Plecturocebus_olallae		years		0.8	kg	800	not_in_tree_exactly	PTD00065	"VanShaik et al. 2012/Isler	 K; van Schaik	 C P (2012)/AnAge DB"	https://www.zora.uzh.ch/id/eprint/71056/ / https://www.sciencedirect.com/science/article/abs/pii/S0047248412000577	PTD00014	Galán-Acedo et al. 2019	https://www.nature.com/articles/s41597-019-0059-9	not recorded in source input	not recorded in source input	not recorded in source input	not recorded in source input	not applicable: GroupName is unique	False	missing_or_nonpositive_MLS
PLA_Pitheciidae_Plecturocebus_ornatus	PLA	Pitheciidae	Plecturocebus_ornatus	Plecturocebus_ornatus		years		1.17	kg	1170	not_in_tree_exactly	PTD00065	"VanShaik et al. 2012/Isler	 K; van Schaik	 C P (2012)/AnAge DB"	https://www.zora.uzh.ch/id/eprint/71056/ / https://www.sciencedirect.com/science/article/abs/pii/S0047248412000577	PTD00014	Galán-Acedo et al. 2019	https://www.nature.com/articles/s41597-019-0059-9	not recorded in source input	not recorded in source input	not recorded in source input	not recorded in source input	not applicable: GroupName is unique	False	missing_or_nonpositive_MLS
PLA_Pitheciidae_Plecturocebus_pallescens	PLA	Pitheciidae	Plecturocebus_pallescens	Plecturocebus_pallescens		years		0.8	kg	800	not_in_tree_exactly	PTD00065	"VanShaik et al. 2012/Isler	 K; van Schaik	 C P (2012)/AnAge DB"	https://www.zora.uzh.ch/id/eprint/71056/ / https://www.sciencedirect.com/science/article/abs/pii/S0047248412000577	PTD00014	Galán-Acedo et al. 2019	https://www.nature.com/articles/s41597-019-0059-9	not recorded in source input	not recorded in source input	not recorded in source input	not recorded in source input	not applicable: GroupName is unique	False	missing_or_nonpositive_MLS
PLA_Pitheciidae_Plecturocebus_stephennashi	PLA	Pitheciidae	Plecturocebus_stephennashi	Plecturocebus_stephennashi		years		0.67	kg	670	not_in_tree_exactly	PTD00065	"VanShaik et al. 2012/Isler	 K; van Schaik	 C P (2012)/AnAge DB"	https://www.zora.uzh.ch/id/eprint/71056/ / https://www.sciencedirect.com/science/article/abs/pii/S0047248412000577	PTD00014	Galán-Acedo et al. 2019	https://www.nature.com/articles/s41597-019-0059-9	not recorded in source input	not recorded in source input	not recorded in source input	not recorded in source input	not applicable: GroupName is unique	False	missing_or_nonpositive_MLS
PLA_Pitheciidae_Plecturocebus_toppini	PLA	Pitheciidae	Plecturocebus_toppini	Plecturocebus_toppini		years			kg		not_in_tree_exactly	PTD00065	"VanShaik et al. 2012/Isler	 K; van Schaik	 C P (2012)/AnAge DB"	https://www.zora.uzh.ch/id/eprint/71056/ / https://www.sciencedirect.com/science/article/abs/pii/S0047248412000577	PTD00014	Galán-Acedo et al. 2019	https://www.nature.com/articles/s41597-019-0059-9	not recorded in source input	not recorded in source input	not recorded in source input	not recorded in source input	not applicable: GroupName is unique	False	missing_or_nonpositive_MLS_and_body_mass
PLA_Pitheciidae_Plecturocebus_urubambensis	PLA	Pitheciidae	Plecturocebus_urubambensis	Plecturocebus_urubambensis		years			kg		not_in_tree_exactly	PTD00065	"VanShaik et al. 2012/Isler	 K; van Schaik	 C P (2012)/AnAge DB"	https://www.zora.uzh.ch/id/eprint/71056/ / https://www.sciencedirect.com/science/article/abs/pii/S0047248412000577	PTD00014	Galán-Acedo et al. 2019	https://www.nature.com/articles/s41597-019-0059-9	not recorded in source input	not recorded in source input	not recorded in source input	not recorded in source input	not applicable: GroupName is unique	False	missing_or_nonpositive_MLS_and_body_mass
PLA_Pitheciidae_Plecturocebus_vieirai	PLA	Pitheciidae	Plecturocebus_vieirai	Plecturocebus_vieirai		years		0.96	kg	960	not_in_tree_exactly	PTD00065	"VanShaik et al. 2012/Isler	 K; van Schaik	 C P (2012)/AnAge DB"	https://www.zora.uzh.ch/id/eprint/71056/ / https://www.sciencedirect.com/science/article/abs/pii/S0047248412000577	PTD00014	Galán-Acedo et al. 2019	https://www.nature.com/articles/s41597-019-0059-9	not recorded in source input	not recorded in source input	not recorded in source input	not recorded in source input	not applicable: GroupName is unique	False	missing_or_nonpositive_MLS
STR_Cheirogaleidae_Allocebus_trichotis	STR	Cheirogaleidae	Allocebus_trichotis	Allocebus_trichotis		years		0.08	kg	80	not_in_tree_exactly	PTD00065	"VanShaik et al. 2012/Isler	 K; van Schaik	 C P (2012)/AnAge DB"	https://www.zora.uzh.ch/id/eprint/71056/ / https://www.sciencedirect.com/science/article/abs/pii/S0047248412000577	PTD00014	Galán-Acedo et al. 2019	https://www.nature.com/articles/s41597-019-0059-9	not recorded in source input	not recorded in source input	not recorded in source input	not recorded in source input	not applicable: GroupName is unique	False	missing_or_nonpositive_MLS
STR_Cheirogaleidae_Cheirogaleus_andysabini	STR	Cheirogaleidae	Cheirogaleus_andysabini	Cheirogaleus_andysabini		years			kg		not_in_tree_exactly	PTD00065	"VanShaik et al. 2012/Isler	 K; van Schaik	 C P (2012)/AnAge DB"	https://www.zora.uzh.ch/id/eprint/71056/ / https://www.sciencedirect.com/science/article/abs/pii/S0047248412000577	PTD00014	Galán-Acedo et al. 2019	https://www.nature.com/articles/s41597-019-0059-9	not recorded in source input	not recorded in source input	not recorded in source input	not recorded in source input	not applicable: GroupName is unique	False	missing_or_nonpositive_MLS_and_body_mass
STR_Cheirogaleidae_Cheirogaleus_crossleyi	STR	Cheirogaleidae	Cheirogaleus_crossleyi	Cheirogaleus_crossleyi		years		0.29	kg	290	not_in_tree_exactly	PTD00065	"VanShaik et al. 2012/Isler	 K; van Schaik	 C P (2012)/AnAge DB"	https://www.zora.uzh.ch/id/eprint/71056/ / https://www.sciencedirect.com/science/article/abs/pii/S0047248412000577	PTD00014	Galán-Acedo et al. 2019	https://www.nature.com/articles/s41597-019-0059-9	not recorded in source input	not recorded in source input	not recorded in source input	not recorded in source input	not applicable: GroupName is unique	False	missing_or_nonpositive_MLS
STR_Cheirogaleidae_Cheirogaleus_lavasoensis	STR	Cheirogaleidae	Cheirogaleus_lavasoensis	Cheirogaleus_lavasoensis		years			kg		not_in_tree_exactly	PTD00065	"VanShaik et al. 2012/Isler	 K; van Schaik	 C P (2012)/AnAge DB"	https://www.zora.uzh.ch/id/eprint/71056/ / https://www.sciencedirect.com/science/article/abs/pii/S0047248412000577	PTD00014	Galán-Acedo et al. 2019	https://www.nature.com/articles/s41597-019-0059-9	not recorded in source input	not recorded in source input	not recorded in source input	not recorded in source input	not applicable: GroupName is unique	False	missing_or_nonpositive_MLS_and_body_mass
STR_Cheirogaleidae_Cheirogaleus_major	STR	Cheirogaleidae	Cheirogaleus_major	Cheirogaleus_major	13.4	years	13.4	0.505	kg	505	exact_tree_tip_match	PTD00065	"VanShaik et al. 2012/Isler	 K; van Schaik	 C P (2012)/AnAge DB"	https://www.zora.uzh.ch/id/eprint/71056/ / https://www.sciencedirect.com/science/article/abs/pii/S0047248412000577	PTD00014	Galán-Acedo et al. 2019	https://www.nature.com/articles/s41597-019-0059-9	not recorded in source input	not recorded in source input	not recorded in source input	not recorded in source input	not applicable: GroupName is unique	True	
STR_Cheirogaleidae_Cheirogaleus_medius	STR	Cheirogaleidae	Cheirogaleus_medius	Cheirogaleus_medius	23.3	years	23.3	0.176	kg	176	exact_tree_tip_match	PTD00065	"VanShaik et al. 2012/Isler	 K; van Schaik	 C P (2012)/AnAge DB"	https://www.zora.uzh.ch/id/eprint/71056/ / https://www.sciencedirect.com/science/article/abs/pii/S0047248412000577	PTD00014	Galán-Acedo et al. 2019	https://www.nature.com/articles/s41597-019-0059-9	not recorded in source input	not recorded in source input	not recorded in source input	not recorded in source input	not applicable: GroupName is unique	True	
STR_Cheirogaleidae_Cheirogaleus_minusculus	STR	Cheirogaleidae	Cheirogaleus_minusculus	Cheirogaleus_minusculus		years		0.3	kg	300	not_in_tree_exactly	PTD00065	"VanShaik et al. 2012/Isler	 K; van Schaik	 C P (2012)/AnAge DB"	https://www.zora.uzh.ch/id/eprint/71056/ / https://www.sciencedirect.com/science/article/abs/pii/S0047248412000577	PTD00014	Galán-Acedo et al. 2019	https://www.nature.com/articles/s41597-019-0059-9	not recorded in source input	not recorded in source input	not recorded in source input	not recorded in source input	not applicable: GroupName is unique	False	missing_or_nonpositive_MLS
STR_Cheirogaleidae_Cheirogaleus_shethi	STR	Cheirogaleidae	Cheirogaleus_shethi	Cheirogaleus_shethi		years			kg		not_in_tree_exactly	PTD00065	"VanShaik et al. 2012/Isler	 K; van Schaik	 C P (2012)/AnAge DB"	https://www.zora.uzh.ch/id/eprint/71056/ / https://www.sciencedirect.com/science/article/abs/pii/S0047248412000577	PTD00014	Galán-Acedo et al. 2019	https://www.nature.com/articles/s41597-019-0059-9	not recorded in source input	not recorded in source input	not recorded in source input	not recorded in source input	not applicable: GroupName is unique	False	missing_or_nonpositive_MLS_and_body_mass
STR_Cheirogaleidae_Cheirogaleus_sibreei	STR	Cheirogaleidae	Cheirogaleus_sibreei	Cheirogaleus_sibreei		years		0.27	kg	270	not_in_tree_exactly	PTD00065	"VanShaik et al. 2012/Isler	 K; van Schaik	 C P (2012)/AnAge DB"	https://www.zora.uzh.ch/id/eprint/71056/ / https://www.sciencedirect.com/science/article/abs/pii/S0047248412000577	PTD00014	Galán-Acedo et al. 2019	https://www.nature.com/articles/s41597-019-0059-9	not recorded in source input	not recorded in source input	not recorded in source input	not recorded in source input	not applicable: GroupName is unique	False	missing_or_nonpositive_MLS
STR_Cheirogaleidae_Cheirogaleus_thomasi	STR	Cheirogaleidae	Cheirogaleus_thomasi	Cheirogaleus_thomasi		years			kg		not_in_tree_exactly	PTD00065	"VanShaik et al. 2012/Isler	 K; van Schaik	 C P (2012)/AnAge DB"	https://www.zora.uzh.ch/id/eprint/71056/ / https://www.sciencedirect.com/science/article/abs/pii/S0047248412000577	PTD00014	Galán-Acedo et al. 2019	https://www.nature.com/articles/s41597-019-0059-9	not recorded in source input	not recorded in source input	not recorded in source input	not recorded in source input	not applicable: GroupName is unique	False	missing_or_nonpositive_MLS_and_body_mass
STR_Cheirogaleidae_Microcebus_arnholdi	STR	Cheirogaleidae	Microcebus_arnholdi	Microcebus_arnholdi		years		0.05	kg	50	not_in_tree_exactly	PTD00065	"VanShaik et al. 2012/Isler	 K; van Schaik	 C P (2012)/AnAge DB"	https://www.zora.uzh.ch/id/eprint/71056/ / https://www.sciencedirect.com/science/article/abs/pii/S0047248412000577	PTD00014	Galán-Acedo et al. 2019	https://www.nature.com/articles/s41597-019-0059-9	not recorded in source input	not recorded in source input	not recorded in source input	not recorded in source input	not applicable: GroupName is unique	False	missing_or_nonpositive_MLS
STR_Cheirogaleidae_Microcebus_berthae	STR	Cheirogaleidae	Microcebus_berthae	Microcebus_berthae		years		0.03	kg	30	not_in_tree_exactly	PTD00065	"VanShaik et al. 2012/Isler	 K; van Schaik	 C P (2012)/AnAge DB"	https://www.zora.uzh.ch/id/eprint/71056/ / https://www.sciencedirect.com/science/article/abs/pii/S0047248412000577	PTD00014	Galán-Acedo et al. 2019	https://www.nature.com/articles/s41597-019-0059-9	not recorded in source input	not recorded in source input	not recorded in source input	not recorded in source input	not applicable: GroupName is unique	False	missing_or_nonpositive_MLS
STR_Cheirogaleidae_Microcebus_bongolavensis	STR	Cheirogaleidae	Microcebus_bongolavensis	Microcebus_bongolavensis		years		0.052	kg	52	not_in_tree_exactly	PTD00065	"VanShaik et al. 2012/Isler	 K; van Schaik	 C P (2012)/AnAge DB"	https://www.zora.uzh.ch/id/eprint/71056/ / https://www.sciencedirect.com/science/article/abs/pii/S0047248412000577	PTD00014	Galán-Acedo et al. 2019	https://www.nature.com/articles/s41597-019-0059-9	not recorded in source input	not recorded in source input	not recorded in source input	not recorded in source input	not applicable: GroupName is unique	False	missing_or_nonpositive_MLS
STR_Cheirogaleidae_Microcebus_boraha	STR	Cheirogaleidae	Microcebus_boraha	Microcebus_boraha		years			kg		not_in_tree_exactly	PTD00065	"VanShaik et al. 2012/Isler	 K; van Schaik	 C P (2012)/AnAge DB"	https://www.zora.uzh.ch/id/eprint/71056/ / https://www.sciencedirect.com/science/article/abs/pii/S0047248412000577	PTD00014	Galán-Acedo et al. 2019	https://www.nature.com/articles/s41597-019-0059-9	not recorded in source input	not recorded in source input	not recorded in source input	not recorded in source input	not applicable: GroupName is unique	False	missing_or_nonpositive_MLS_and_body_mass
STR_Cheirogaleidae_Microcebus_danfossi	STR	Cheirogaleidae	Microcebus_danfossi	Microcebus_danfossi		years		0.06	kg	60	not_in_tree_exactly	PTD00065	"VanShaik et al. 2012/Isler	 K; van Schaik	 C P (2012)/AnAge DB"	https://www.zora.uzh.ch/id/eprint/71056/ / https://www.sciencedirect.com/science/article/abs/pii/S0047248412000577	PTD00014	Galán-Acedo et al. 2019	https://www.nature.com/articles/s41597-019-0059-9	not recorded in source input	not recorded in source input	not recorded in source input	not recorded in source input	not applicable: GroupName is unique	False	missing_or_nonpositive_MLS
STR_Cheirogaleidae_Microcebus_ganzhorni	STR	Cheirogaleidae	Microcebus_ganzhorni	Microcebus_ganzhorni		years			kg		not_in_tree_exactly	PTD00065	"VanShaik et al. 2012/Isler	 K; van Schaik	 C P (2012)/AnAge DB"	https://www.zora.uzh.ch/id/eprint/71056/ / https://www.sciencedirect.com/science/article/abs/pii/S0047248412000577	PTD00014	Galán-Acedo et al. 2019	https://www.nature.com/articles/s41597-019-0059-9	not recorded in source input	not recorded in source input	not recorded in source input	not recorded in source input	not applicable: GroupName is unique	False	missing_or_nonpositive_MLS_and_body_mass
STR_Cheirogaleidae_Microcebus_gerpi	STR	Cheirogaleidae	Microcebus_gerpi	Microcebus_gerpi		years		0.07	kg	70	not_in_tree_exactly	PTD00065	"VanShaik et al. 2012/Isler	 K; van Schaik	 C P (2012)/AnAge DB"	https://www.zora.uzh.ch/id/eprint/71056/ / https://www.sciencedirect.com/science/article/abs/pii/S0047248412000577	PTD00014	Galán-Acedo et al. 2019	https://www.nature.com/articles/s41597-019-0059-9	not recorded in source input	not recorded in source input	not recorded in source input	not recorded in source input	not applicable: GroupName is unique	False	missing_or_nonpositive_MLS
STR_Cheirogaleidae_Microcebus_griseorufus	STR	Cheirogaleidae	Microcebus_griseorufus	Microcebus_griseorufus		years		0.05	kg	50	not_in_tree_exactly	PTD00065	"VanShaik et al. 2012/Isler	 K; van Schaik	 C P (2012)/AnAge DB"	https://www.zora.uzh.ch/id/eprint/71056/ / https://www.sciencedirect.com/science/article/abs/pii/S0047248412000577	PTD00014	Galán-Acedo et al. 2019	https://www.nature.com/articles/s41597-019-0059-9	not recorded in source input	not recorded in source input	not recorded in source input	not recorded in source input	not applicable: GroupName is unique	False	missing_or_nonpositive_MLS
STR_Cheirogaleidae_Microcebus_jollyae	STR	Cheirogaleidae	Microcebus_jollyae	Microcebus_jollyae		years		0.06	kg	60	not_in_tree_exactly	PTD00065	"VanShaik et al. 2012/Isler	 K; van Schaik	 C P (2012)/AnAge DB"	https://www.zora.uzh.ch/id/eprint/71056/ / https://www.sciencedirect.com/science/article/abs/pii/S0047248412000577	PTD00014	Galán-Acedo et al. 2019	https://www.nature.com/articles/s41597-019-0059-9	not recorded in source input	not recorded in source input	not recorded in source input	not recorded in source input	not applicable: GroupName is unique	False	missing_or_nonpositive_MLS
STR_Cheirogaleidae_Microcebus_lehilahytsara	STR	Cheirogaleidae	Microcebus_lehilahytsara	Microcebus_lehilahytsara		years		0.045	kg	45	not_in_tree_exactly	PTD00065	"VanShaik et al. 2012/Isler	 K; van Schaik	 C P (2012)/AnAge DB"	https://www.zora.uzh.ch/id/eprint/71056/ / https://www.sciencedirect.com/science/article/abs/pii/S0047248412000577	PTD00014	Galán-Acedo et al. 2019	https://www.nature.com/articles/s41597-019-0059-9	not recorded in source input	not recorded in source input	not recorded in source input	not recorded in source input	not applicable: GroupName is unique	False	missing_or_nonpositive_MLS
STR_Cheirogaleidae_Microcebus_macarthurii	STR	Cheirogaleidae	Microcebus_macarthurii	Microcebus_macarthurii		years		0.05	kg	50	not_in_tree_exactly	PTD00065	"VanShaik et al. 2012/Isler	 K; van Schaik	 C P (2012)/AnAge DB"	https://www.zora.uzh.ch/id/eprint/71056/ / https://www.sciencedirect.com/science/article/abs/pii/S0047248412000577	PTD00014	Galán-Acedo et al. 2019	https://www.nature.com/articles/s41597-019-0059-9	not recorded in source input	not recorded in source input	not recorded in source input	not recorded in source input	not applicable: GroupName is unique	False	missing_or_nonpositive_MLS
STR_Cheirogaleidae_Microcebus_mamiratra	STR	Cheirogaleidae	Microcebus_mamiratra	Microcebus_mamiratra		years		0.06	kg	60	not_in_tree_exactly	PTD00065	"VanShaik et al. 2012/Isler	 K; van Schaik	 C P (2012)/AnAge DB"	https://www.zora.uzh.ch/id/eprint/71056/ / https://www.sciencedirect.com/science/article/abs/pii/S0047248412000577	PTD00014	Galán-Acedo et al. 2019	https://www.nature.com/articles/s41597-019-0059-9	not recorded in source input	not recorded in source input	not recorded in source input	not recorded in source input	not applicable: GroupName is unique	False	missing_or_nonpositive_MLS
STR_Cheirogaleidae_Microcebus_manitatra	STR	Cheirogaleidae	Microcebus_manitatra	Microcebus_manitatra		years			kg		not_in_tree_exactly	PTD00065	"VanShaik et al. 2012/Isler	 K; van Schaik	 C P (2012)/AnAge DB"	https://www.zora.uzh.ch/id/eprint/71056/ / https://www.sciencedirect.com/science/article/abs/pii/S0047248412000577	PTD00014	Galán-Acedo et al. 2019	https://www.nature.com/articles/s41597-019-0059-9	not recorded in source input	not recorded in source input	not recorded in source input	not recorded in source input	not applicable: GroupName is unique	False	missing_or_nonpositive_MLS_and_body_mass
STR_Cheirogaleidae_Microcebus_margotmarshae	STR	Cheirogaleidae	Microcebus_margotmarshae	Microcebus_margotmarshae		years		0.045	kg	45	not_in_tree_exactly	PTD00065	"VanShaik et al. 2012/Isler	 K; van Schaik	 C P (2012)/AnAge DB"	https://www.zora.uzh.ch/id/eprint/71056/ / https://www.sciencedirect.com/science/article/abs/pii/S0047248412000577	PTD00014	Galán-Acedo et al. 2019	https://www.nature.com/articles/s41597-019-0059-9	not recorded in source input	not recorded in source input	not recorded in source input	not recorded in source input	not applicable: GroupName is unique	False	missing_or_nonpositive_MLS
STR_Cheirogaleidae_Microcebus_marohita	STR	Cheirogaleidae	Microcebus_marohita	Microcebus_marohita		years		0.06	kg	60	not_in_tree_exactly	PTD00065	"VanShaik et al. 2012/Isler	 K; van Schaik	 C P (2012)/AnAge DB"	https://www.zora.uzh.ch/id/eprint/71056/ / https://www.sciencedirect.com/science/article/abs/pii/S0047248412000577	PTD00014	Galán-Acedo et al. 2019	https://www.nature.com/articles/s41597-019-0059-9	not recorded in source input	not recorded in source input	not recorded in source input	not recorded in source input	not applicable: GroupName is unique	False	missing_or_nonpositive_MLS
STR_Cheirogaleidae_Microcebus_mittermeieri	STR	Cheirogaleidae	Microcebus_mittermeieri	Microcebus_mittermeieri		years		0.04	kg	40	not_in_tree_exactly	PTD00065	"VanShaik et al. 2012/Isler	 K; van Schaik	 C P (2012)/AnAge DB"	https://www.zora.uzh.ch/id/eprint/71056/ / https://www.sciencedirect.com/science/article/abs/pii/S0047248412000577	PTD00014	Galán-Acedo et al. 2019	https://www.nature.com/articles/s41597-019-0059-9	not recorded in source input	not recorded in source input	not recorded in source input	not recorded in source input	not applicable: GroupName is unique	False	missing_or_nonpositive_MLS
STR_Cheirogaleidae_Microcebus_murinus	STR	Cheirogaleidae	Microcebus_murinus	Microcebus_murinus	18.2	years	18.2	0.06	kg	60	exact_tree_tip_match	PTD00065	"VanShaik et al. 2012/Isler	 K; van Schaik	 C P (2012)/AnAge DB"	https://www.zora.uzh.ch/id/eprint/71056/ / https://www.sciencedirect.com/science/article/abs/pii/S0047248412000577	PTD00014	Galán-Acedo et al. 2019	https://www.nature.com/articles/s41597-019-0059-9	not recorded in source input	not recorded in source input	not recorded in source input	not recorded in source input	not applicable: GroupName is unique	True	
STR_Cheirogaleidae_Microcebus_myoxinus	STR	Cheirogaleidae	Microcebus_myoxinus	Microcebus_myoxinus		years		0.04	kg	40	not_in_tree_exactly	PTD00065	"VanShaik et al. 2012/Isler	 K; van Schaik	 C P (2012)/AnAge DB"	https://www.zora.uzh.ch/id/eprint/71056/ / https://www.sciencedirect.com/science/article/abs/pii/S0047248412000577	PTD00014	Galán-Acedo et al. 2019	https://www.nature.com/articles/s41597-019-0059-9	not recorded in source input	not recorded in source input	not recorded in source input	not recorded in source input	not applicable: GroupName is unique	False	missing_or_nonpositive_MLS
STR_Cheirogaleidae_Microcebus_ravelobensis	STR	Cheirogaleidae	Microcebus_ravelobensis	Microcebus_ravelobensis		years		0.055	kg	55	not_in_tree_exactly	PTD00065	"VanShaik et al. 2012/Isler	 K; van Schaik	 C P (2012)/AnAge DB"	https://www.zora.uzh.ch/id/eprint/71056/ / https://www.sciencedirect.com/science/article/abs/pii/S0047248412000577	PTD00014	Galán-Acedo et al. 2019	https://www.nature.com/articles/s41597-019-0059-9	not recorded in source input	not recorded in source input	not recorded in source input	not recorded in source input	not applicable: GroupName is unique	False	missing_or_nonpositive_MLS
STR_Cheirogaleidae_Microcebus_rufus	STR	Cheirogaleidae	Microcebus_rufus	Microcebus_rufus		years		0.04	kg	40	not_in_tree_exactly	PTD00065	"VanShaik et al. 2012/Isler	 K; van Schaik	 C P (2012)/AnAge DB"	https://www.zora.uzh.ch/id/eprint/71056/ / https://www.sciencedirect.com/science/article/abs/pii/S0047248412000577	PTD00014	Galán-Acedo et al. 2019	https://www.nature.com/articles/s41597-019-0059-9	not recorded in source input	not recorded in source input	not recorded in source input	not recorded in source input	not applicable: GroupName is unique	False	missing_or_nonpositive_MLS
STR_Cheirogaleidae_Microcebus_sambiranensis	STR	Cheirogaleidae	Microcebus_sambiranensis	Microcebus_sambiranensis		years		0.04	kg	40	not_in_tree_exactly	PTD00065	"VanShaik et al. 2012/Isler	 K; van Schaik	 C P (2012)/AnAge DB"	https://www.zora.uzh.ch/id/eprint/71056/ / https://www.sciencedirect.com/science/article/abs/pii/S0047248412000577	PTD00014	Galán-Acedo et al. 2019	https://www.nature.com/articles/s41597-019-0059-9	not recorded in source input	not recorded in source input	not recorded in source input	not recorded in source input	not applicable: GroupName is unique	False	missing_or_nonpositive_MLS
STR_Cheirogaleidae_Microcebus_simmonsi	STR	Cheirogaleidae	Microcebus_simmonsi	Microcebus_simmonsi		years		0.06825	kg	68.25	not_in_tree_exactly	PTD00065	"VanShaik et al. 2012/Isler	 K; van Schaik	 C P (2012)/AnAge DB"	https://www.zora.uzh.ch/id/eprint/71056/ / https://www.sciencedirect.com/science/article/abs/pii/S0047248412000577	PTD00014	Galán-Acedo et al. 2019	https://www.nature.com/articles/s41597-019-0059-9	not recorded in source input	not recorded in source input	not recorded in source input	not recorded in source input	not applicable: GroupName is unique	False	missing_or_nonpositive_MLS
STR_Cheirogaleidae_Microcebus_tanosi	STR	Cheirogaleidae	Microcebus_tanosi	Microcebus_tanosi		years		0.05	kg	50	not_in_tree_exactly	PTD00065	"VanShaik et al. 2012/Isler	 K; van Schaik	 C P (2012)/AnAge DB"	https://www.zora.uzh.ch/id/eprint/71056/ / https://www.sciencedirect.com/science/article/abs/pii/S0047248412000577	PTD00014	Galán-Acedo et al. 2019	https://www.nature.com/articles/s41597-019-0059-9	not recorded in source input	not recorded in source input	not recorded in source input	not recorded in source input	not applicable: GroupName is unique	False	missing_or_nonpositive_MLS
STR_Cheirogaleidae_Microcebus_tavaratra	STR	Cheirogaleidae	Microcebus_tavaratra	Microcebus_tavaratra		years		0.055	kg	55	not_in_tree_exactly	PTD00065	"VanShaik et al. 2012/Isler	 K; van Schaik	 C P (2012)/AnAge DB"	https://www.zora.uzh.ch/id/eprint/71056/ / https://www.sciencedirect.com/science/article/abs/pii/S0047248412000577	PTD00014	Galán-Acedo et al. 2019	https://www.nature.com/articles/s41597-019-0059-9	not recorded in source input	not recorded in source input	not recorded in source input	not recorded in source input	not applicable: GroupName is unique	False	missing_or_nonpositive_MLS
STR_Cheirogaleidae_Mirza_coquereli	STR	Cheirogaleidae	Mirza_coquereli	Mirza_coquereli	17.4	years	17.4	0.31	kg	310	not_in_tree_exactly	PTD00065	"VanShaik et al. 2012/Isler	 K; van Schaik	 C P (2012)/AnAge DB"	https://www.zora.uzh.ch/id/eprint/71056/ / https://www.sciencedirect.com/science/article/abs/pii/S0047248412000577	PTD00014	Galán-Acedo et al. 2019	https://www.nature.com/articles/s41597-019-0059-9	not recorded in source input	not recorded in source input	not recorded in source input	not recorded in source input	not applicable: GroupName is unique	True	
STR_Cheirogaleidae_Mirza_zaza	STR	Cheirogaleidae	Mirza_zaza	Mirza_zaza		years		0.29	kg	290	exact_tree_tip_match	PTD00065	"VanShaik et al. 2012/Isler	 K; van Schaik	 C P (2012)/AnAge DB"	https://www.zora.uzh.ch/id/eprint/71056/ / https://www.sciencedirect.com/science/article/abs/pii/S0047248412000577	PTD00014	Galán-Acedo et al. 2019	https://www.nature.com/articles/s41597-019-0059-9	not recorded in source input	not recorded in source input	not recorded in source input	not recorded in source input	not applicable: GroupName is unique	False	missing_or_nonpositive_MLS
STR_Cheirogaleidae_Phaner_electromontis	STR	Cheirogaleidae	Phaner_electromontis	Phaner_electromontis		years		0.38	kg	380	not_in_tree_exactly	PTD00065	"VanShaik et al. 2012/Isler	 K; van Schaik	 C P (2012)/AnAge DB"	https://www.zora.uzh.ch/id/eprint/71056/ / https://www.sciencedirect.com/science/article/abs/pii/S0047248412000577	PTD00014	Galán-Acedo et al. 2019	https://www.nature.com/articles/s41597-019-0059-9	not recorded in source input	not recorded in source input	not recorded in source input	not recorded in source input	not applicable: GroupName is unique	False	missing_or_nonpositive_MLS
STR_Cheirogaleidae_Phaner_furcifer	STR	Cheirogaleidae	Phaner_furcifer	Phaner_furcifer	25	years	25	0.37	kg	370	not_in_tree_exactly	PTD00065	"VanShaik et al. 2012/Isler	 K; van Schaik	 C P (2012)/AnAge DB"	https://www.zora.uzh.ch/id/eprint/71056/ / https://www.sciencedirect.com/science/article/abs/pii/S0047248412000577	PTD00014	Galán-Acedo et al. 2019	https://www.nature.com/articles/s41597-019-0059-9	not recorded in source input	not recorded in source input	not recorded in source input	not recorded in source input	not applicable: GroupName is unique	True	
STR_Cheirogaleidae_Phaner_pallescens	STR	Cheirogaleidae	Phaner_pallescens	Phaner_pallescens		years		0.34	kg	340	not_in_tree_exactly	PTD00065	"VanShaik et al. 2012/Isler	 K; van Schaik	 C P (2012)/AnAge DB"	https://www.zora.uzh.ch/id/eprint/71056/ / https://www.sciencedirect.com/science/article/abs/pii/S0047248412000577	PTD00014	Galán-Acedo et al. 2019	https://www.nature.com/articles/s41597-019-0059-9	not recorded in source input	not recorded in source input	not recorded in source input	not recorded in source input	not applicable: GroupName is unique	False	missing_or_nonpositive_MLS
STR_Cheirogaleidae_Phaner_parienti	STR	Cheirogaleidae	Phaner_parienti	Phaner_parienti		years		0.36	kg	360	not_in_tree_exactly	PTD00065	"VanShaik et al. 2012/Isler	 K; van Schaik	 C P (2012)/AnAge DB"	https://www.zora.uzh.ch/id/eprint/71056/ / https://www.sciencedirect.com/science/article/abs/pii/S0047248412000577	PTD00014	Galán-Acedo et al. 2019	https://www.nature.com/articles/s41597-019-0059-9	not recorded in source input	not recorded in source input	not recorded in source input	not recorded in source input	not applicable: GroupName is unique	False	missing_or_nonpositive_MLS
STR_Daubentoniidae_Daubentonia_madagascariensis	STR	Daubentoniidae	Daubentonia_madagascariensis	Daubentonia_madagascariensis	23.3	years	23.3	2.545	kg	2545	exact_tree_tip_match	PTD00065	"VanShaik et al. 2012/Isler	 K; van Schaik	 C P (2012)/AnAge DB"	https://www.zora.uzh.ch/id/eprint/71056/ / https://www.sciencedirect.com/science/article/abs/pii/S0047248412000577	PTD00014	Galán-Acedo et al. 2019	https://www.nature.com/articles/s41597-019-0059-9	not recorded in source input	not recorded in source input	not recorded in source input	not recorded in source input	not applicable: GroupName is unique	True	
STR_Galagidae_Euoticus_elegantulus	STR	Galagidae	Euoticus_elegantulus	Euoticus_elegantulus		years		0.27	kg	270	not_in_tree_exactly	PTD00065	"VanShaik et al. 2012/Isler	 K; van Schaik	 C P (2012)/AnAge DB"	https://www.zora.uzh.ch/id/eprint/71056/ / https://www.sciencedirect.com/science/article/abs/pii/S0047248412000577	PTD00014	Galán-Acedo et al. 2019	https://www.nature.com/articles/s41597-019-0059-9	not recorded in source input	not recorded in source input	not recorded in source input	not recorded in source input	not applicable: GroupName is unique	False	missing_or_nonpositive_MLS
STR_Galagidae_Euoticus_pallidus	STR	Galagidae	Euoticus_pallidus	Euoticus_pallidus		years		0.253	kg	253	not_in_tree_exactly	PTD00065	"VanShaik et al. 2012/Isler	 K; van Schaik	 C P (2012)/AnAge DB"	https://www.zora.uzh.ch/id/eprint/71056/ / https://www.sciencedirect.com/science/article/abs/pii/S0047248412000577	PTD00014	Galán-Acedo et al. 2019	https://www.nature.com/articles/s41597-019-0059-9	not recorded in source input	not recorded in source input	not recorded in source input	not recorded in source input	not applicable: GroupName is unique	False	missing_or_nonpositive_MLS
STR_Galagidae_Galago_gallarum	STR	Galagidae	Galago_gallarum	Galago_gallarum		years		0.2	kg	200	not_in_tree_exactly	PTD00065	"VanShaik et al. 2012/Isler	 K; van Schaik	 C P (2012)/AnAge DB"	https://www.zora.uzh.ch/id/eprint/71056/ / https://www.sciencedirect.com/science/article/abs/pii/S0047248412000577	PTD00014	Galán-Acedo et al. 2019	https://www.nature.com/articles/s41597-019-0059-9	not recorded in source input	not recorded in source input	not recorded in source input	not recorded in source input	not applicable: GroupName is unique	False	missing_or_nonpositive_MLS
STR_Galagidae_Galago_matschiei	STR	Galagidae	Galago_matschiei	Galago_matschiei		years		0.21	kg	210	not_in_tree_exactly	PTD00065	"VanShaik et al. 2012/Isler	 K; van Schaik	 C P (2012)/AnAge DB"	https://www.zora.uzh.ch/id/eprint/71056/ / https://www.sciencedirect.com/science/article/abs/pii/S0047248412000577	PTD00014	Galán-Acedo et al. 2019	https://www.nature.com/articles/s41597-019-0059-9	not recorded in source input	not recorded in source input	not recorded in source input	not recorded in source input	not applicable: GroupName is unique	False	missing_or_nonpositive_MLS
STR_Galagidae_Galago_moholi	STR	Galagidae	Galago_moholi	Galago_moholi	16.6	years	16.6	0.2	kg	200	exact_tree_tip_match	PTD00065	"VanShaik et al. 2012/Isler	 K; van Schaik	 C P (2012)/AnAge DB"	https://www.zora.uzh.ch/id/eprint/71056/ / https://www.sciencedirect.com/science/article/abs/pii/S0047248412000577	PTD00014	Galán-Acedo et al. 2019	https://www.nature.com/articles/s41597-019-0059-9	not recorded in source input	not recorded in source input	not recorded in source input	not recorded in source input	not applicable: GroupName is unique	True	
STR_Galagidae_Galago_senegalensis	STR	Galagidae	Galago_senegalensis	Galago_senegalensis	17.1	years	17.1	0.25	kg	250	exact_tree_tip_match	PTD00065	"VanShaik et al. 2012/Isler	 K; van Schaik	 C P (2012)/AnAge DB"	https://www.zora.uzh.ch/id/eprint/71056/ / https://www.sciencedirect.com/science/article/abs/pii/S0047248412000577	PTD00014	Galán-Acedo et al. 2019	https://www.nature.com/articles/s41597-019-0059-9	not recorded in source input	not recorded in source input	not recorded in source input	not recorded in source input	not applicable: GroupName is unique	True	
STR_Galagidae_Galagoides_cocos	STR	Galagidae	Galagoides_cocos	Galagoides_cocos		years		0.14	kg	140	not_in_tree_exactly	PTD00065	"VanShaik et al. 2012/Isler	 K; van Schaik	 C P (2012)/AnAge DB"	https://www.zora.uzh.ch/id/eprint/71056/ / https://www.sciencedirect.com/science/article/abs/pii/S0047248412000577	PTD00014	Galán-Acedo et al. 2019	https://www.nature.com/articles/s41597-019-0059-9	not recorded in source input	not recorded in source input	not recorded in source input	not recorded in source input	not applicable: GroupName is unique	False	missing_or_nonpositive_MLS
STR_Galagidae_Galagoides_demidovii	STR	Galagidae	Galagoides_demidovii	Galagoides_demidovii	13.4	years	13.4	0.06	kg	60	not_in_tree_exactly	PTD00065	"VanShaik et al. 2012/Isler	 K; van Schaik	 C P (2012)/AnAge DB"	https://www.zora.uzh.ch/id/eprint/71056/ / https://www.sciencedirect.com/science/article/abs/pii/S0047248412000577	PTD00014	Galán-Acedo et al. 2019	https://www.nature.com/articles/s41597-019-0059-9	not recorded in source input	not recorded in source input	not recorded in source input	not recorded in source input	not applicable: GroupName is unique	True	
STR_Galagidae_Galagoides_granti	STR	Galagidae	Galagoides_granti	Galagoides_granti		years		0.134	kg	134	not_in_tree_exactly	PTD00065	"VanShaik et al. 2012/Isler	 K; van Schaik	 C P (2012)/AnAge DB"	https://www.zora.uzh.ch/id/eprint/71056/ / https://www.sciencedirect.com/science/article/abs/pii/S0047248412000577	PTD00014	Galán-Acedo et al. 2019	https://www.nature.com/articles/s41597-019-0059-9	not recorded in source input	not recorded in source input	not recorded in source input	not recorded in source input	not applicable: GroupName is unique	False	missing_or_nonpositive_MLS
STR_Galagidae_Galagoides_kumbirensis	STR	Galagidae	Galagoides_kumbirensis	Galagoides_kumbirensis		years			kg		not_in_tree_exactly	PTD00065	"VanShaik et al. 2012/Isler	 K; van Schaik	 C P (2012)/AnAge DB"	https://www.zora.uzh.ch/id/eprint/71056/ / https://www.sciencedirect.com/science/article/abs/pii/S0047248412000577	PTD00014	Galán-Acedo et al. 2019	https://www.nature.com/articles/s41597-019-0059-9	not recorded in source input	not recorded in source input	not recorded in source input	not recorded in source input	not applicable: GroupName is unique	False	missing_or_nonpositive_MLS_and_body_mass
STR_Galagidae_Galagoides_orinus	STR	Galagidae	Galagoides_orinus	Galagoides_orinus		years		0.09	kg	90	not_in_tree_exactly	PTD00065	"VanShaik et al. 2012/Isler	 K; van Schaik	 C P (2012)/AnAge DB"	https://www.zora.uzh.ch/id/eprint/71056/ / https://www.sciencedirect.com/science/article/abs/pii/S0047248412000577	PTD00014	Galán-Acedo et al. 2019	https://www.nature.com/articles/s41597-019-0059-9	not recorded in source input	not recorded in source input	not recorded in source input	not recorded in source input	not applicable: GroupName is unique	False	missing_or_nonpositive_MLS
STR_Galagidae_Galagoides_rondoensis	STR	Galagidae	Galagoides_rondoensis	Galagoides_rondoensis		years		0.675	kg	675	not_in_tree_exactly	PTD00065	"VanShaik et al. 2012/Isler	 K; van Schaik	 C P (2012)/AnAge DB"	https://www.zora.uzh.ch/id/eprint/71056/ / https://www.sciencedirect.com/science/article/abs/pii/S0047248412000577	PTD00014	Galán-Acedo et al. 2019	https://www.nature.com/articles/s41597-019-0059-9	not recorded in source input	not recorded in source input	not recorded in source input	not recorded in source input	not applicable: GroupName is unique	False	missing_or_nonpositive_MLS
STR_Galagidae_Galagoides_thomasi	STR	Galagidae	Galagoides_thomasi	Galagoides_thomasi		years		0.12	kg	120	not_in_tree_exactly	PTD00065	"VanShaik et al. 2012/Isler	 K; van Schaik	 C P (2012)/AnAge DB"	https://www.zora.uzh.ch/id/eprint/71056/ / https://www.sciencedirect.com/science/article/abs/pii/S0047248412000577	PTD00014	Galán-Acedo et al. 2019	https://www.nature.com/articles/s41597-019-0059-9	not recorded in source input	not recorded in source input	not recorded in source input	not recorded in source input	not applicable: GroupName is unique	False	missing_or_nonpositive_MLS
STR_Galagidae_Galagoides_zanzibaricus	STR	Galagidae	Galagoides_zanzibaricus	Galagoides_zanzibaricus	12.2	years	12.2	0.14	kg	140	not_in_tree_exactly	PTD00065	"VanShaik et al. 2012/Isler	 K; van Schaik	 C P (2012)/AnAge DB"	https://www.zora.uzh.ch/id/eprint/71056/ / https://www.sciencedirect.com/science/article/abs/pii/S0047248412000577	PTD00014	Galán-Acedo et al. 2019	https://www.nature.com/articles/s41597-019-0059-9	not recorded in source input	not recorded in source input	not recorded in source input	not recorded in source input	not applicable: GroupName is unique	True	
STR_Galagidae_Otolemur_crassicaudatus	STR	Galagidae	Otolemur_crassicaudatus	Otolemur_crassicaudatus	19.6	years	19.6	1.15	kg	1150	exact_tree_tip_match	PTD00065	"VanShaik et al. 2012/Isler	 K; van Schaik	 C P (2012)/AnAge DB"	https://www.zora.uzh.ch/id/eprint/71056/ / https://www.sciencedirect.com/science/article/abs/pii/S0047248412000577	PTD00014	Galán-Acedo et al. 2019	https://www.nature.com/articles/s41597-019-0059-9	not recorded in source input	not recorded in source input	not recorded in source input	not recorded in source input	not applicable: GroupName is unique	True	
STR_Galagidae_Otolemur_garnettii	STR	Galagidae	Otolemur_garnettii	Otolemur_garnettii	18.3	years	18.3	0.76	kg	760	exact_tree_tip_match	PTD00065	"VanShaik et al. 2012/Isler	 K; van Schaik	 C P (2012)/AnAge DB"	https://www.zora.uzh.ch/id/eprint/71056/ / https://www.sciencedirect.com/science/article/abs/pii/S0047248412000577	PTD00014	Galán-Acedo et al. 2019	https://www.nature.com/articles/s41597-019-0059-9	not recorded in source input	not recorded in source input	not recorded in source input	not recorded in source input	not applicable: GroupName is unique	True	
STR_Galagidae_Paragalago _granti	STR	Galagidae	Paragalago _granti	Paragalago _granti		years			kg		not_in_tree_exactly	PTD00065	"VanShaik et al. 2012/Isler	 K; van Schaik	 C P (2012)/AnAge DB"	https://www.zora.uzh.ch/id/eprint/71056/ / https://www.sciencedirect.com/science/article/abs/pii/S0047248412000577	PTD00014	Galán-Acedo et al. 2019	https://www.nature.com/articles/s41597-019-0059-9	not recorded in source input	not recorded in source input	not recorded in source input	not recorded in source input	not applicable: GroupName is unique	False	missing_or_nonpositive_MLS_and_body_mass
STR_Galagidae_Paragalago_cocos	STR	Galagidae	Paragalago_cocos	Paragalago_cocos		years			kg		not_in_tree_exactly	PTD00065	"VanShaik et al. 2012/Isler	 K; van Schaik	 C P (2012)/AnAge DB"	https://www.zora.uzh.ch/id/eprint/71056/ / https://www.sciencedirect.com/science/article/abs/pii/S0047248412000577	PTD00014	Galán-Acedo et al. 2019	https://www.nature.com/articles/s41597-019-0059-9	not recorded in source input	not recorded in source input	not recorded in source input	not recorded in source input	not applicable: GroupName is unique	False	missing_or_nonpositive_MLS_and_body_mass
STR_Galagidae_Paragalago_orinus	STR	Galagidae	Paragalago_orinus	Paragalago_orinus		years			kg		not_in_tree_exactly	PTD00065	"VanShaik et al. 2012/Isler	 K; van Schaik	 C P (2012)/AnAge DB"	https://www.zora.uzh.ch/id/eprint/71056/ / https://www.sciencedirect.com/science/article/abs/pii/S0047248412000577	PTD00014	Galán-Acedo et al. 2019	https://www.nature.com/articles/s41597-019-0059-9	not recorded in source input	not recorded in source input	not recorded in source input	not recorded in source input	not applicable: GroupName is unique	False	missing_or_nonpositive_MLS_and_body_mass
STR_Galagidae_Paragalago_rondoensis	STR	Galagidae	Paragalago_rondoensis	Paragalago_rondoensis		years			kg		not_in_tree_exactly	PTD00065	"VanShaik et al. 2012/Isler	 K; van Schaik	 C P (2012)/AnAge DB"	https://www.zora.uzh.ch/id/eprint/71056/ / https://www.sciencedirect.com/science/article/abs/pii/S0047248412000577	PTD00014	Galán-Acedo et al. 2019	https://www.nature.com/articles/s41597-019-0059-9	not recorded in source input	not recorded in source input	not recorded in source input	not recorded in source input	not applicable: GroupName is unique	False	missing_or_nonpositive_MLS_and_body_mass
STR_Galagidae_Paragalago_zanzibaricus	STR	Galagidae	Paragalago_zanzibaricus	Paragalago_zanzibaricus		years			kg		not_in_tree_exactly	PTD00065	"VanShaik et al. 2012/Isler	 K; van Schaik	 C P (2012)/AnAge DB"	https://www.zora.uzh.ch/id/eprint/71056/ / https://www.sciencedirect.com/science/article/abs/pii/S0047248412000577	PTD00014	Galán-Acedo et al. 2019	https://www.nature.com/articles/s41597-019-0059-9	not recorded in source input	not recorded in source input	not recorded in source input	not recorded in source input	not applicable: GroupName is unique	False	missing_or_nonpositive_MLS_and_body_mass
STR_Galagidae_Sciurocheirus_alleni	STR	Galagidae	Sciurocheirus_alleni	Sciurocheirus_alleni		years		0.27	kg	270	not_in_tree_exactly	PTD00065	"VanShaik et al. 2012/Isler	 K; van Schaik	 C P (2012)/AnAge DB"	https://www.zora.uzh.ch/id/eprint/71056/ / https://www.sciencedirect.com/science/article/abs/pii/S0047248412000577	PTD00014	Galán-Acedo et al. 2019	https://www.nature.com/articles/s41597-019-0059-9	not recorded in source input	not recorded in source input	not recorded in source input	not recorded in source input	not applicable: GroupName is unique	False	missing_or_nonpositive_MLS
STR_Galagidae_Sciurocheirus_cameronensis	STR	Galagidae	Sciurocheirus_cameronensis	Sciurocheirus_cameronensis		years		0.27	kg	270	not_in_tree_exactly	PTD00065	"VanShaik et al. 2012/Isler	 K; van Schaik	 C P (2012)/AnAge DB"	https://www.zora.uzh.ch/id/eprint/71056/ / https://www.sciencedirect.com/science/article/abs/pii/S0047248412000577	PTD00014	Galán-Acedo et al. 2019	https://www.nature.com/articles/s41597-019-0059-9	not recorded in source input	not recorded in source input	not recorded in source input	not recorded in source input	not applicable: GroupName is unique	False	missing_or_nonpositive_MLS
STR_Galagidae_Sciurocheirus_gabonensis	STR	Galagidae	Sciurocheirus_gabonensis	Sciurocheirus_gabonensis		years		0.26	kg	260	not_in_tree_exactly	PTD00065	"VanShaik et al. 2012/Isler	 K; van Schaik	 C P (2012)/AnAge DB"	https://www.zora.uzh.ch/id/eprint/71056/ / https://www.sciencedirect.com/science/article/abs/pii/S0047248412000577	PTD00014	Galán-Acedo et al. 2019	https://www.nature.com/articles/s41597-019-0059-9	not recorded in source input	not recorded in source input	not recorded in source input	not recorded in source input	not applicable: GroupName is unique	False	missing_or_nonpositive_MLS
STR_Galagidae_Sciurocheirus_makandensis	STR	Galagidae	Sciurocheirus_makandensis	Sciurocheirus_makandensis		years			kg		not_in_tree_exactly	PTD00065	"VanShaik et al. 2012/Isler	 K; van Schaik	 C P (2012)/AnAge DB"	https://www.zora.uzh.ch/id/eprint/71056/ / https://www.sciencedirect.com/science/article/abs/pii/S0047248412000577	PTD00014	Galán-Acedo et al. 2019	https://www.nature.com/articles/s41597-019-0059-9	not recorded in source input	not recorded in source input	not recorded in source input	not recorded in source input	not applicable: GroupName is unique	False	missing_or_nonpositive_MLS_and_body_mass
STR_Indriidae_Avahi_betsileo	STR	Indriidae	Avahi_betsileo	Avahi_betsileo		years		1	kg	1000	not_in_tree_exactly	PTD00065	"VanShaik et al. 2012/Isler	 K; van Schaik	 C P (2012)/AnAge DB"	https://www.zora.uzh.ch/id/eprint/71056/ / https://www.sciencedirect.com/science/article/abs/pii/S0047248412000577	PTD00014	Galán-Acedo et al. 2019	https://www.nature.com/articles/s41597-019-0059-9	not recorded in source input	not recorded in source input	not recorded in source input	not recorded in source input	not applicable: GroupName is unique	False	missing_or_nonpositive_MLS
STR_Indriidae_Avahi_cleesei	STR	Indriidae	Avahi_cleesei	Avahi_cleesei		years		0.99	kg	990	not_in_tree_exactly	PTD00065	"VanShaik et al. 2012/Isler	 K; van Schaik	 C P (2012)/AnAge DB"	https://www.zora.uzh.ch/id/eprint/71056/ / https://www.sciencedirect.com/science/article/abs/pii/S0047248412000577	PTD00014	Galán-Acedo et al. 2019	https://www.nature.com/articles/s41597-019-0059-9	not recorded in source input	not recorded in source input	not recorded in source input	not recorded in source input	not applicable: GroupName is unique	False	missing_or_nonpositive_MLS
STR_Indriidae_Avahi_laniger	STR	Indriidae	Avahi_laniger	Avahi_laniger		years		1.175	kg	1175	exact_tree_tip_match	PTD00065	"VanShaik et al. 2012/Isler	 K; van Schaik	 C P (2012)/AnAge DB"	https://www.zora.uzh.ch/id/eprint/71056/ / https://www.sciencedirect.com/science/article/abs/pii/S0047248412000577	PTD00014	Galán-Acedo et al. 2019	https://www.nature.com/articles/s41597-019-0059-9	not recorded in source input	not recorded in source input	not recorded in source input	not recorded in source input	not applicable: GroupName is unique	False	missing_or_nonpositive_MLS
STR_Indriidae_Avahi_meridionalis	STR	Indriidae	Avahi_meridionalis	Avahi_meridionalis		years		1.18	kg	1180	not_in_tree_exactly	PTD00065	"VanShaik et al. 2012/Isler	 K; van Schaik	 C P (2012)/AnAge DB"	https://www.zora.uzh.ch/id/eprint/71056/ / https://www.sciencedirect.com/science/article/abs/pii/S0047248412000577	PTD00014	Galán-Acedo et al. 2019	https://www.nature.com/articles/s41597-019-0059-9	not recorded in source input	not recorded in source input	not recorded in source input	not recorded in source input	not applicable: GroupName is unique	False	missing_or_nonpositive_MLS
STR_Indriidae_Avahi_mooreorum	STR	Indriidae	Avahi_mooreorum	Avahi_mooreorum		years		0.92	kg	920	not_in_tree_exactly	PTD00065	"VanShaik et al. 2012/Isler	 K; van Schaik	 C P (2012)/AnAge DB"	https://www.zora.uzh.ch/id/eprint/71056/ / https://www.sciencedirect.com/science/article/abs/pii/S0047248412000577	PTD00014	Galán-Acedo et al. 2019	https://www.nature.com/articles/s41597-019-0059-9	not recorded in source input	not recorded in source input	not recorded in source input	not recorded in source input	not applicable: GroupName is unique	False	missing_or_nonpositive_MLS
STR_Indriidae_Avahi_occidentalis	STR	Indriidae	Avahi_occidentalis	Avahi_occidentalis		years		0.8	kg	800	not_in_tree_exactly	PTD00065	"VanShaik et al. 2012/Isler	 K; van Schaik	 C P (2012)/AnAge DB"	https://www.zora.uzh.ch/id/eprint/71056/ / https://www.sciencedirect.com/science/article/abs/pii/S0047248412000577	PTD00014	Galán-Acedo et al. 2019	https://www.nature.com/articles/s41597-019-0059-9	not recorded in source input	not recorded in source input	not recorded in source input	not recorded in source input	not applicable: GroupName is unique	False	missing_or_nonpositive_MLS
STR_Indriidae_Avahi_peyrierasi	STR	Indriidae	Avahi_peyrierasi	Avahi_peyrierasi		years		1.055	kg	1055	exact_tree_tip_match	PTD00065	"VanShaik et al. 2012/Isler	 K; van Schaik	 C P (2012)/AnAge DB"	https://www.zora.uzh.ch/id/eprint/71056/ / https://www.sciencedirect.com/science/article/abs/pii/S0047248412000577	PTD00014	Galán-Acedo et al. 2019	https://www.nature.com/articles/s41597-019-0059-9	not recorded in source input	not recorded in source input	not recorded in source input	not recorded in source input	not applicable: GroupName is unique	False	missing_or_nonpositive_MLS
STR_Indriidae_Avahi_ramanantsoavanai	STR	Indriidae	Avahi_ramanantsoavanai	Avahi_ramanantsoavanai		years		0.97	kg	970	not_in_tree_exactly	PTD00065	"VanShaik et al. 2012/Isler	 K; van Schaik	 C P (2012)/AnAge DB"	https://www.zora.uzh.ch/id/eprint/71056/ / https://www.sciencedirect.com/science/article/abs/pii/S0047248412000577	PTD00014	Galán-Acedo et al. 2019	https://www.nature.com/articles/s41597-019-0059-9	not recorded in source input	not recorded in source input	not recorded in source input	not recorded in source input	not applicable: GroupName is unique	False	missing_or_nonpositive_MLS
STR_Indriidae_Avahi_unicolor	STR	Indriidae	Avahi_unicolor	Avahi_unicolor		years		0.85	kg	850	not_in_tree_exactly	PTD00065	"VanShaik et al. 2012/Isler	 K; van Schaik	 C P (2012)/AnAge DB"	https://www.zora.uzh.ch/id/eprint/71056/ / https://www.sciencedirect.com/science/article/abs/pii/S0047248412000577	PTD00014	Galán-Acedo et al. 2019	https://www.nature.com/articles/s41597-019-0059-9	not recorded in source input	not recorded in source input	not recorded in source input	not recorded in source input	not applicable: GroupName is unique	False	missing_or_nonpositive_MLS
STR_Indriidae_Indri_indri	STR	Indriidae	Indri_indri	Indri_indri		years		6.465	kg	6465	exact_tree_tip_match	PTD00065	"VanShaik et al. 2012/Isler	 K; van Schaik	 C P (2012)/AnAge DB"	https://www.zora.uzh.ch/id/eprint/71056/ / https://www.sciencedirect.com/science/article/abs/pii/S0047248412000577	PTD00014	Galán-Acedo et al. 2019	https://www.nature.com/articles/s41597-019-0059-9	not recorded in source input	not recorded in source input	not recorded in source input	not recorded in source input	not applicable: GroupName is unique	False	missing_or_nonpositive_MLS
STR_Indriidae_Propithecus_candidus	STR	Indriidae	Propithecus_candidus	Propithecus_candidus		years		5.685	kg	5685	not_in_tree_exactly	PTD00065	"VanShaik et al. 2012/Isler	 K; van Schaik	 C P (2012)/AnAge DB"	https://www.zora.uzh.ch/id/eprint/71056/ / https://www.sciencedirect.com/science/article/abs/pii/S0047248412000577	PTD00014	Galán-Acedo et al. 2019	https://www.nature.com/articles/s41597-019-0059-9	not recorded in source input	not recorded in source input	not recorded in source input	not recorded in source input	not applicable: GroupName is unique	False	missing_or_nonpositive_MLS
STR_Indriidae_Propithecus_coquereli	STR	Indriidae	Propithecus_coquereli	Propithecus_coquereli		years		3.785	kg	3785	exact_tree_tip_match	PTD00065	"VanShaik et al. 2012/Isler	 K; van Schaik	 C P (2012)/AnAge DB"	https://www.zora.uzh.ch/id/eprint/71056/ / https://www.sciencedirect.com/science/article/abs/pii/S0047248412000577	PTD00014	Galán-Acedo et al. 2019	https://www.nature.com/articles/s41597-019-0059-9	not recorded in source input	not recorded in source input	not recorded in source input	not recorded in source input	not applicable: GroupName is unique	False	missing_or_nonpositive_MLS
STR_Indriidae_Propithecus_coronatus	STR	Indriidae	Propithecus_coronatus	Propithecus_coronatus		years		3.9	kg	3900	exact_tree_tip_match	PTD00065	"VanShaik et al. 2012/Isler	 K; van Schaik	 C P (2012)/AnAge DB"	https://www.zora.uzh.ch/id/eprint/71056/ / https://www.sciencedirect.com/science/article/abs/pii/S0047248412000577	PTD00014	Galán-Acedo et al. 2019	https://www.nature.com/articles/s41597-019-0059-9	not recorded in source input	not recorded in source input	not recorded in source input	not recorded in source input	not applicable: GroupName is unique	False	missing_or_nonpositive_MLS
STR_Indriidae_Propithecus_deckenii	STR	Indriidae	Propithecus_deckenii	Propithecus_deckenii		years		2.78	kg	2780	not_in_tree_exactly	PTD00065	"VanShaik et al. 2012/Isler	 K; van Schaik	 C P (2012)/AnAge DB"	https://www.zora.uzh.ch/id/eprint/71056/ / https://www.sciencedirect.com/science/article/abs/pii/S0047248412000577	PTD00014	Galán-Acedo et al. 2019	https://www.nature.com/articles/s41597-019-0059-9	not recorded in source input	not recorded in source input	not recorded in source input	not recorded in source input	not applicable: GroupName is unique	False	missing_or_nonpositive_MLS
STR_Indriidae_Propithecus_diadema	STR	Indriidae	Propithecus_diadema	Propithecus_diadema	21	years	21	6.105	kg	6105	exact_tree_tip_match	PTD00065	"VanShaik et al. 2012/Isler	 K; van Schaik	 C P (2012)/AnAge DB"	https://www.zora.uzh.ch/id/eprint/71056/ / https://www.sciencedirect.com/science/article/abs/pii/S0047248412000577	PTD00014	Galán-Acedo et al. 2019	https://www.nature.com/articles/s41597-019-0059-9	not recorded in source input	not recorded in source input	not recorded in source input	not recorded in source input	not applicable: GroupName is unique	True	
STR_Indriidae_Propithecus_edwardsi	STR	Indriidae	Propithecus_edwardsi	Propithecus_edwardsi		years		5.74	kg	5740	exact_tree_tip_match	PTD00065	"VanShaik et al. 2012/Isler	 K; van Schaik	 C P (2012)/AnAge DB"	https://www.zora.uzh.ch/id/eprint/71056/ / https://www.sciencedirect.com/science/article/abs/pii/S0047248412000577	PTD00014	Galán-Acedo et al. 2019	https://www.nature.com/articles/s41597-019-0059-9	not recorded in source input	not recorded in source input	not recorded in source input	not recorded in source input	not applicable: GroupName is unique	False	missing_or_nonpositive_MLS
STR_Indriidae_Propithecus_perrieri	STR	Indriidae	Propithecus_perrieri	Propithecus_perrieri		years		4.41	kg	4410	exact_tree_tip_match	PTD00065	"VanShaik et al. 2012/Isler	 K; van Schaik	 C P (2012)/AnAge DB"	https://www.zora.uzh.ch/id/eprint/71056/ / https://www.sciencedirect.com/science/article/abs/pii/S0047248412000577	PTD00014	Galán-Acedo et al. 2019	https://www.nature.com/articles/s41597-019-0059-9	not recorded in source input	not recorded in source input	not recorded in source input	not recorded in source input	not applicable: GroupName is unique	False	missing_or_nonpositive_MLS
STR_Indriidae_Propithecus_tattersalli	STR	Indriidae	Propithecus_tattersalli	Propithecus_tattersalli	20	years	20	3.5	kg	3500	exact_tree_tip_match	PTD00065	"VanShaik et al. 2012/Isler	 K; van Schaik	 C P (2012)/AnAge DB"	https://www.zora.uzh.ch/id/eprint/71056/ / https://www.sciencedirect.com/science/article/abs/pii/S0047248412000577	PTD00014	Galán-Acedo et al. 2019	https://www.nature.com/articles/s41597-019-0059-9	not recorded in source input	not recorded in source input	not recorded in source input	not recorded in source input	not applicable: GroupName is unique	True	
STR_Indriidae_Propithecus_verreauxi	STR	Indriidae	Propithecus_verreauxi	Propithecus_verreauxi	30.5	years	30.5	2.91	kg	2910	exact_tree_tip_match	PTD00065	"VanShaik et al. 2012/Isler	 K; van Schaik	 C P (2012)/AnAge DB"	https://www.zora.uzh.ch/id/eprint/71056/ / https://www.sciencedirect.com/science/article/abs/pii/S0047248412000577	PTD00014	Galán-Acedo et al. 2019	https://www.nature.com/articles/s41597-019-0059-9	not recorded in source input	not recorded in source input	not recorded in source input	not recorded in source input	not applicable: GroupName is unique	True	
STR_Lemuridae_Eulemur_albifrons	STR	Lemuridae	Eulemur_albifrons	Eulemur_albifrons		years		2.04	kg	2040	exact_tree_tip_match	PTD00065	"VanShaik et al. 2012/Isler	 K; van Schaik	 C P (2012)/AnAge DB"	https://www.zora.uzh.ch/id/eprint/71056/ / https://www.sciencedirect.com/science/article/abs/pii/S0047248412000577	PTD00014	Galán-Acedo et al. 2019	https://www.nature.com/articles/s41597-019-0059-9	not recorded in source input	not recorded in source input	not recorded in source input	not recorded in source input	not applicable: GroupName is unique	False	missing_or_nonpositive_MLS
STR_Lemuridae_Eulemur_cinereiceps	STR	Lemuridae	Eulemur_cinereiceps	Eulemur_cinereiceps		years		2.16	kg	2160	not_in_tree_exactly	PTD00065	"VanShaik et al. 2012/Isler	 K; van Schaik	 C P (2012)/AnAge DB"	https://www.zora.uzh.ch/id/eprint/71056/ / https://www.sciencedirect.com/science/article/abs/pii/S0047248412000577	PTD00014	Galán-Acedo et al. 2019	https://www.nature.com/articles/s41597-019-0059-9	not recorded in source input	not recorded in source input	not recorded in source input	not recorded in source input	not applicable: GroupName is unique	False	missing_or_nonpositive_MLS
STR_Lemuridae_Eulemur_collaris	STR	Lemuridae	Eulemur_collaris	Eulemur_collaris		years		2.16	kg	2160	exact_tree_tip_match	PTD00065	"VanShaik et al. 2012/Isler	 K; van Schaik	 C P (2012)/AnAge DB"	https://www.zora.uzh.ch/id/eprint/71056/ / https://www.sciencedirect.com/science/article/abs/pii/S0047248412000577	PTD00014	Galán-Acedo et al. 2019	https://www.nature.com/articles/s41597-019-0059-9	not recorded in source input	not recorded in source input	not recorded in source input	not recorded in source input	not applicable: GroupName is unique	False	missing_or_nonpositive_MLS
STR_Lemuridae_Eulemur_coronatus	STR	Lemuridae	Eulemur_coronatus	Eulemur_coronatus	27	years	27	1.47	kg	1470	exact_tree_tip_match	PTD00065	"VanShaik et al. 2012/Isler	 K; van Schaik	 C P (2012)/AnAge DB"	https://www.zora.uzh.ch/id/eprint/71056/ / https://www.sciencedirect.com/science/article/abs/pii/S0047248412000577	PTD00014	Galán-Acedo et al. 2019	https://www.nature.com/articles/s41597-019-0059-9	not recorded in source input	not recorded in source input	not recorded in source input	not recorded in source input	not applicable: GroupName is unique	True	
STR_Lemuridae_Eulemur_flavifrons	STR	Lemuridae	Eulemur_flavifrons	Eulemur_flavifrons		years		1.83	kg	1830	exact_tree_tip_match	PTD00065	"VanShaik et al. 2012/Isler	 K; van Schaik	 C P (2012)/AnAge DB"	https://www.zora.uzh.ch/id/eprint/71056/ / https://www.sciencedirect.com/science/article/abs/pii/S0047248412000577	PTD00014	Galán-Acedo et al. 2019	https://www.nature.com/articles/s41597-019-0059-9	not recorded in source input	not recorded in source input	not recorded in source input	not recorded in source input	not applicable: GroupName is unique	False	missing_or_nonpositive_MLS
STR_Lemuridae_Eulemur_fulvus	STR	Lemuridae	Eulemur_fulvus	Eulemur_fulvus	35.5	years	35.5	1.84	kg	1840	exact_tree_tip_match	PTD00065	"VanShaik et al. 2012/Isler	 K; van Schaik	 C P (2012)/AnAge DB"	https://www.zora.uzh.ch/id/eprint/71056/ / https://www.sciencedirect.com/science/article/abs/pii/S0047248412000577	PTD00014	Galán-Acedo et al. 2019	https://www.nature.com/articles/s41597-019-0059-9	not recorded in source input	not recorded in source input	not recorded in source input	not recorded in source input	not applicable: GroupName is unique	True	
STR_Lemuridae_Eulemur_macaco	STR	Lemuridae	Eulemur_macaco	Eulemur_macaco	36.2	years	36.2	2.063	kg	2063	exact_tree_tip_match	PTD00065	"VanShaik et al. 2012/Isler	 K; van Schaik	 C P (2012)/AnAge DB"	https://www.zora.uzh.ch/id/eprint/71056/ / https://www.sciencedirect.com/science/article/abs/pii/S0047248412000577	PTD00014	Galán-Acedo et al. 2019	https://www.nature.com/articles/s41597-019-0059-9	not recorded in source input	not recorded in source input	not recorded in source input	not recorded in source input	not applicable: GroupName is unique	True	
STR_Lemuridae_Eulemur_mongoz	STR	Lemuridae	Eulemur_mongoz	Eulemur_mongoz	36.2	years	36.2	1.375	kg	1375	exact_tree_tip_match	PTD00065	"VanShaik et al. 2012/Isler	 K; van Schaik	 C P (2012)/AnAge DB"	https://www.zora.uzh.ch/id/eprint/71056/ / https://www.sciencedirect.com/science/article/abs/pii/S0047248412000577	PTD00014	Galán-Acedo et al. 2019	https://www.nature.com/articles/s41597-019-0059-9	not recorded in source input	not recorded in source input	not recorded in source input	not recorded in source input	not applicable: GroupName is unique	True	
STR_Lemuridae_Eulemur_rubriventer	STR	Lemuridae	Eulemur_rubriventer	Eulemur_rubriventer	20	years	20	1.9975	kg	1997.5	exact_tree_tip_match	PTD00065	"VanShaik et al. 2012/Isler	 K; van Schaik	 C P (2012)/AnAge DB"	https://www.zora.uzh.ch/id/eprint/71056/ / https://www.sciencedirect.com/science/article/abs/pii/S0047248412000577	PTD00014	Galán-Acedo et al. 2019	https://www.nature.com/articles/s41597-019-0059-9	not recorded in source input	not recorded in source input	not recorded in source input	not recorded in source input	not applicable: GroupName is unique	True	
STR_Lemuridae_Eulemur_rufifrons	STR	Lemuridae	Eulemur_rufifrons	Eulemur_rufifrons		years		2.18	kg	2180	not_in_tree_exactly	PTD00065	"VanShaik et al. 2012/Isler	 K; van Schaik	 C P (2012)/AnAge DB"	https://www.zora.uzh.ch/id/eprint/71056/ / https://www.sciencedirect.com/science/article/abs/pii/S0047248412000577	PTD00014	Galán-Acedo et al. 2019	https://www.nature.com/articles/s41597-019-0059-9	not recorded in source input	not recorded in source input	not recorded in source input	not recorded in source input	not applicable: GroupName is unique	False	missing_or_nonpositive_MLS
STR_Lemuridae_Eulemur_rufus	STR	Lemuridae	Eulemur_rufus	Eulemur_rufus		years		2.01	kg	2010	exact_tree_tip_match	PTD00065	"VanShaik et al. 2012/Isler	 K; van Schaik	 C P (2012)/AnAge DB"	https://www.zora.uzh.ch/id/eprint/71056/ / https://www.sciencedirect.com/science/article/abs/pii/S0047248412000577	PTD00014	Galán-Acedo et al. 2019	https://www.nature.com/articles/s41597-019-0059-9	not recorded in source input	not recorded in source input	not recorded in source input	not recorded in source input	not applicable: GroupName is unique	False	missing_or_nonpositive_MLS
STR_Lemuridae_Eulemur_sanfordi	STR	Lemuridae	Eulemur_sanfordi	Eulemur_sanfordi		years		1.87	kg	1870	exact_tree_tip_match	PTD00065	"VanShaik et al. 2012/Isler	 K; van Schaik	 C P (2012)/AnAge DB"	https://www.zora.uzh.ch/id/eprint/71056/ / https://www.sciencedirect.com/science/article/abs/pii/S0047248412000577	PTD00014	Galán-Acedo et al. 2019	https://www.nature.com/articles/s41597-019-0059-9	not recorded in source input	not recorded in source input	not recorded in source input	not recorded in source input	not applicable: GroupName is unique	False	missing_or_nonpositive_MLS
STR_Lemuridae_Hapalemur_alaotrensis	STR	Lemuridae	Hapalemur_alaotrensis	Hapalemur_alaotrensis		years		1.24	kg	1240	exact_tree_tip_match	PTD00065	"VanShaik et al. 2012/Isler	 K; van Schaik	 C P (2012)/AnAge DB"	https://www.zora.uzh.ch/id/eprint/71056/ / https://www.sciencedirect.com/science/article/abs/pii/S0047248412000577	PTD00014	Galán-Acedo et al. 2019	https://www.nature.com/articles/s41597-019-0059-9	not recorded in source input	not recorded in source input	not recorded in source input	not recorded in source input	not applicable: GroupName is unique	False	missing_or_nonpositive_MLS
STR_Lemuridae_Hapalemur_aureus	STR	Lemuridae	Hapalemur_aureus	Hapalemur_aureus		years		1.515	kg	1515	not_in_tree_exactly	PTD00065	"VanShaik et al. 2012/Isler	 K; van Schaik	 C P (2012)/AnAge DB"	https://www.zora.uzh.ch/id/eprint/71056/ / https://www.sciencedirect.com/science/article/abs/pii/S0047248412000577	PTD00014	Galán-Acedo et al. 2019	https://www.nature.com/articles/s41597-019-0059-9	not recorded in source input	not recorded in source input	not recorded in source input	not recorded in source input	not applicable: GroupName is unique	False	missing_or_nonpositive_MLS
STR_Lemuridae_Hapalemur_griseus	STR	Lemuridae	Hapalemur_griseus	Hapalemur_griseus	23.3	years	23.3	0.823	kg	823	exact_tree_tip_match	PTD00065	"VanShaik et al. 2012/Isler	 K; van Schaik	 C P (2012)/AnAge DB"	https://www.zora.uzh.ch/id/eprint/71056/ / https://www.sciencedirect.com/science/article/abs/pii/S0047248412000577	PTD00014	Galán-Acedo et al. 2019	https://www.nature.com/articles/s41597-019-0059-9	not recorded in source input	not recorded in source input	not recorded in source input	not recorded in source input	not applicable: GroupName is unique	True	
STR_Lemuridae_Hapalemur_meridionalis	STR	Lemuridae	Hapalemur_meridionalis	Hapalemur_meridionalis		years		0.96	kg	960	exact_tree_tip_match	PTD00065	"VanShaik et al. 2012/Isler	 K; van Schaik	 C P (2012)/AnAge DB"	https://www.zora.uzh.ch/id/eprint/71056/ / https://www.sciencedirect.com/science/article/abs/pii/S0047248412000577	PTD00014	Galán-Acedo et al. 2019	https://www.nature.com/articles/s41597-019-0059-9	not recorded in source input	not recorded in source input	not recorded in source input	not recorded in source input	not applicable: GroupName is unique	False	missing_or_nonpositive_MLS
STR_Lemuridae_Hapalemur_occidentalis	STR	Lemuridae	Hapalemur_occidentalis	Hapalemur_occidentalis		years		0.9315	kg	931.5	exact_tree_tip_match	PTD00065	"VanShaik et al. 2012/Isler	 K; van Schaik	 C P (2012)/AnAge DB"	https://www.zora.uzh.ch/id/eprint/71056/ / https://www.sciencedirect.com/science/article/abs/pii/S0047248412000577	PTD00014	Galán-Acedo et al. 2019	https://www.nature.com/articles/s41597-019-0059-9	not recorded in source input	not recorded in source input	not recorded in source input	not recorded in source input	not applicable: GroupName is unique	False	missing_or_nonpositive_MLS
STR_Lemuridae_Lemur_catta	STR	Lemuridae	Lemur_catta	Lemur_catta	37.3	years	37.3	2.21	kg	2210	exact_tree_tip_match	PTD00065	"VanShaik et al. 2012/Isler	 K; van Schaik	 C P (2012)/AnAge DB"	https://www.zora.uzh.ch/id/eprint/71056/ / https://www.sciencedirect.com/science/article/abs/pii/S0047248412000577	PTD00014	Galán-Acedo et al. 2019	https://www.nature.com/articles/s41597-019-0059-9	not recorded in source input	not recorded in source input	not recorded in source input	not recorded in source input	not applicable: GroupName is unique	True	
STR_Lemuridae_Prolemur_simus	STR	Lemuridae	Prolemur_simus	Prolemur_simus	17.6	years	17.6	1.98	kg	1980	exact_tree_tip_match	PTD00065	"VanShaik et al. 2012/Isler	 K; van Schaik	 C P (2012)/AnAge DB"	https://www.zora.uzh.ch/id/eprint/71056/ / https://www.sciencedirect.com/science/article/abs/pii/S0047248412000577	PTD00014	Galán-Acedo et al. 2019	https://www.nature.com/articles/s41597-019-0059-9	not recorded in source input	not recorded in source input	not recorded in source input	not recorded in source input	not applicable: GroupName is unique	True	
STR_Lemuridae_Varecia_rubra	STR	Lemuridae	Varecia_rubra	Varecia_rubra	37.5	years	37.5	3.265	kg	3265	exact_tree_tip_match	PTD00065	"VanShaik et al. 2012/Isler	 K; van Schaik	 C P (2012)/AnAge DB"	https://www.zora.uzh.ch/id/eprint/71056/ / https://www.sciencedirect.com/science/article/abs/pii/S0047248412000577	PTD00014	Galán-Acedo et al. 2019	https://www.nature.com/articles/s41597-019-0059-9	not recorded in source input	not recorded in source input	not recorded in source input	not recorded in source input	not applicable: GroupName is unique	True	
STR_Lemuridae_Varecia_variegata	STR	Lemuridae	Varecia_variegata	Varecia_variegata	36	years	36	3.55	kg	3550	exact_tree_tip_match	PTD00065	"VanShaik et al. 2012/Isler	 K; van Schaik	 C P (2012)/AnAge DB"	https://www.zora.uzh.ch/id/eprint/71056/ / https://www.sciencedirect.com/science/article/abs/pii/S0047248412000577	PTD00014	Galán-Acedo et al. 2019	https://www.nature.com/articles/s41597-019-0059-9	not recorded in source input	not recorded in source input	not recorded in source input	not recorded in source input	not applicable: GroupName is unique	True	
STR_Lepilemuridae_Lepilemur_aeeclis	STR	Lepilemuridae	Lepilemur_aeeclis	Lepilemur_aeeclis		years		0.86	kg	860	not_in_tree_exactly	PTD00065	"VanShaik et al. 2012/Isler	 K; van Schaik	 C P (2012)/AnAge DB"	https://www.zora.uzh.ch/id/eprint/71056/ / https://www.sciencedirect.com/science/article/abs/pii/S0047248412000577	PTD00014	Galán-Acedo et al. 2019	https://www.nature.com/articles/s41597-019-0059-9	not recorded in source input	not recorded in source input	not recorded in source input	not recorded in source input	not applicable: GroupName is unique	False	missing_or_nonpositive_MLS
STR_Lepilemuridae_Lepilemur_ahmansonorum	STR	Lepilemuridae	Lepilemur_ahmansonorum	Lepilemur_ahmansonorum		years		0.595	kg	595	not_in_tree_exactly	PTD00065	"VanShaik et al. 2012/Isler	 K; van Schaik	 C P (2012)/AnAge DB"	https://www.zora.uzh.ch/id/eprint/71056/ / https://www.sciencedirect.com/science/article/abs/pii/S0047248412000577	PTD00014	Galán-Acedo et al. 2019	https://www.nature.com/articles/s41597-019-0059-9	not recorded in source input	not recorded in source input	not recorded in source input	not recorded in source input	not applicable: GroupName is unique	False	missing_or_nonpositive_MLS
STR_Lepilemuridae_Lepilemur_ankaranensis	STR	Lepilemuridae	Lepilemur_ankaranensis	Lepilemur_ankaranensis		years		0.76	kg	760	exact_tree_tip_match	PTD00065	"VanShaik et al. 2012/Isler	 K; van Schaik	 C P (2012)/AnAge DB"	https://www.zora.uzh.ch/id/eprint/71056/ / https://www.sciencedirect.com/science/article/abs/pii/S0047248412000577	PTD00014	Galán-Acedo et al. 2019	https://www.nature.com/articles/s41597-019-0059-9	not recorded in source input	not recorded in source input	not recorded in source input	not recorded in source input	not applicable: GroupName is unique	False	missing_or_nonpositive_MLS
STR_Lepilemuridae_Lepilemur_betsileo	STR	Lepilemuridae	Lepilemur_betsileo	Lepilemur_betsileo		years		1.14	kg	1140	not_in_tree_exactly	PTD00065	"VanShaik et al. 2012/Isler	 K; van Schaik	 C P (2012)/AnAge DB"	https://www.zora.uzh.ch/id/eprint/71056/ / https://www.sciencedirect.com/science/article/abs/pii/S0047248412000577	PTD00014	Galán-Acedo et al. 2019	https://www.nature.com/articles/s41597-019-0059-9	not recorded in source input	not recorded in source input	not recorded in source input	not recorded in source input	not applicable: GroupName is unique	False	missing_or_nonpositive_MLS
STR_Lepilemuridae_Lepilemur_dorsalis	STR	Lepilemuridae	Lepilemur_dorsalis	Lepilemur_dorsalis		years		0.795	kg	795	exact_tree_tip_match	PTD00065	"VanShaik et al. 2012/Isler	 K; van Schaik	 C P (2012)/AnAge DB"	https://www.zora.uzh.ch/id/eprint/71056/ / https://www.sciencedirect.com/science/article/abs/pii/S0047248412000577	PTD00014	Galán-Acedo et al. 2019	https://www.nature.com/articles/s41597-019-0059-9	not recorded in source input	not recorded in source input	not recorded in source input	not recorded in source input	not applicable: GroupName is unique	False	missing_or_nonpositive_MLS
STR_Lepilemuridae_Lepilemur_edwardsi	STR	Lepilemuridae	Lepilemur_edwardsi	Lepilemur_edwardsi		years		0.975	kg	975	not_in_tree_exactly	PTD00065	"VanShaik et al. 2012/Isler	 K; van Schaik	 C P (2012)/AnAge DB"	https://www.zora.uzh.ch/id/eprint/71056/ / https://www.sciencedirect.com/science/article/abs/pii/S0047248412000577	PTD00014	Galán-Acedo et al. 2019	https://www.nature.com/articles/s41597-019-0059-9	not recorded in source input	not recorded in source input	not recorded in source input	not recorded in source input	not applicable: GroupName is unique	False	missing_or_nonpositive_MLS
STR_Lepilemuridae_Lepilemur_fleuretae	STR	Lepilemuridae	Lepilemur_fleuretae	Lepilemur_fleuretae		years		0.89	kg	890	not_in_tree_exactly	PTD00065	"VanShaik et al. 2012/Isler	 K; van Schaik	 C P (2012)/AnAge DB"	https://www.zora.uzh.ch/id/eprint/71056/ / https://www.sciencedirect.com/science/article/abs/pii/S0047248412000577	PTD00014	Galán-Acedo et al. 2019	https://www.nature.com/articles/s41597-019-0059-9	not recorded in source input	not recorded in source input	not recorded in source input	not recorded in source input	not applicable: GroupName is unique	False	missing_or_nonpositive_MLS
STR_Lepilemuridae_Lepilemur_grewcockorum	STR	Lepilemuridae	Lepilemur_grewcockorum	Lepilemur_grewcockorum		years		0.82	kg	820	not_in_tree_exactly	PTD00065	"VanShaik et al. 2012/Isler	 K; van Schaik	 C P (2012)/AnAge DB"	https://www.zora.uzh.ch/id/eprint/71056/ / https://www.sciencedirect.com/science/article/abs/pii/S0047248412000577	PTD00014	Galán-Acedo et al. 2019	https://www.nature.com/articles/s41597-019-0059-9	not recorded in source input	not recorded in source input	not recorded in source input	not recorded in source input	not applicable: GroupName is unique	False	missing_or_nonpositive_MLS
STR_Lepilemuridae_Lepilemur_hollandorum	STR	Lepilemuridae	Lepilemur_hollandorum	Lepilemur_hollandorum		years		1	kg	1000	not_in_tree_exactly	PTD00065	"VanShaik et al. 2012/Isler	 K; van Schaik	 C P (2012)/AnAge DB"	https://www.zora.uzh.ch/id/eprint/71056/ / https://www.sciencedirect.com/science/article/abs/pii/S0047248412000577	PTD00014	Galán-Acedo et al. 2019	https://www.nature.com/articles/s41597-019-0059-9	not recorded in source input	not recorded in source input	not recorded in source input	not recorded in source input	not applicable: GroupName is unique	False	missing_or_nonpositive_MLS
STR_Lepilemuridae_Lepilemur_hubbardi	STR	Lepilemuridae	Lepilemur_hubbardi	Lepilemur_hubbardi		years		0.99	kg	990	not_in_tree_exactly	PTD00065	"VanShaik et al. 2012/Isler	 K; van Schaik	 C P (2012)/AnAge DB"	https://www.zora.uzh.ch/id/eprint/71056/ / https://www.sciencedirect.com/science/article/abs/pii/S0047248412000577	PTD00014	Galán-Acedo et al. 2019	https://www.nature.com/articles/s41597-019-0059-9	not recorded in source input	not recorded in source input	not recorded in source input	not recorded in source input	not applicable: GroupName is unique	False	missing_or_nonpositive_MLS
STR_Lepilemuridae_Lepilemur_jamesorum	STR	Lepilemuridae	Lepilemur_jamesorum	Lepilemur_jamesorum		years		0.825	kg	825	not_in_tree_exactly	PTD00065	"VanShaik et al. 2012/Isler	 K; van Schaik	 C P (2012)/AnAge DB"	https://www.zora.uzh.ch/id/eprint/71056/ / https://www.sciencedirect.com/science/article/abs/pii/S0047248412000577	PTD00014	Galán-Acedo et al. 2019	https://www.nature.com/articles/s41597-019-0059-9	not recorded in source input	not recorded in source input	not recorded in source input	not recorded in source input	not applicable: GroupName is unique	False	missing_or_nonpositive_MLS
STR_Lepilemuridae_Lepilemur_leucopus	STR	Lepilemuridae	Lepilemur_leucopus	Lepilemur_leucopus		years		0.585	kg	585	not_in_tree_exactly	PTD00065	"VanShaik et al. 2012/Isler	 K; van Schaik	 C P (2012)/AnAge DB"	https://www.zora.uzh.ch/id/eprint/71056/ / https://www.sciencedirect.com/science/article/abs/pii/S0047248412000577	PTD00014	Galán-Acedo et al. 2019	https://www.nature.com/articles/s41597-019-0059-9	not recorded in source input	not recorded in source input	not recorded in source input	not recorded in source input	not applicable: GroupName is unique	False	missing_or_nonpositive_MLS
STR_Lepilemuridae_Lepilemur_microdon	STR	Lepilemuridae	Lepilemur_microdon	Lepilemur_microdon		years		1.035	kg	1035	not_in_tree_exactly	PTD00065	"VanShaik et al. 2012/Isler	 K; van Schaik	 C P (2012)/AnAge DB"	https://www.zora.uzh.ch/id/eprint/71056/ / https://www.sciencedirect.com/science/article/abs/pii/S0047248412000577	PTD00014	Galán-Acedo et al. 2019	https://www.nature.com/articles/s41597-019-0059-9	not recorded in source input	not recorded in source input	not recorded in source input	not recorded in source input	not applicable: GroupName is unique	False	missing_or_nonpositive_MLS
STR_Lepilemuridae_Lepilemur_milanoii	STR	Lepilemuridae	Lepilemur_milanoii	Lepilemur_milanoii		years		0.715	kg	715	not_in_tree_exactly	PTD00065	"VanShaik et al. 2012/Isler	 K; van Schaik	 C P (2012)/AnAge DB"	https://www.zora.uzh.ch/id/eprint/71056/ / https://www.sciencedirect.com/science/article/abs/pii/S0047248412000577	PTD00014	Galán-Acedo et al. 2019	https://www.nature.com/articles/s41597-019-0059-9	not recorded in source input	not recorded in source input	not recorded in source input	not recorded in source input	not applicable: GroupName is unique	False	missing_or_nonpositive_MLS
STR_Lepilemuridae_Lepilemur_mittermeieri	STR	Lepilemuridae	Lepilemur_mittermeieri	Lepilemur_mittermeieri		years		0.86	kg	860	not_in_tree_exactly	PTD00065	"VanShaik et al. 2012/Isler	 K; van Schaik	 C P (2012)/AnAge DB"	https://www.zora.uzh.ch/id/eprint/71056/ / https://www.sciencedirect.com/science/article/abs/pii/S0047248412000577	PTD00014	Galán-Acedo et al. 2019	https://www.nature.com/articles/s41597-019-0059-9	not recorded in source input	not recorded in source input	not recorded in source input	not recorded in source input	not applicable: GroupName is unique	False	missing_or_nonpositive_MLS
STR_Lepilemuridae_Lepilemur_mustelinus	STR	Lepilemuridae	Lepilemur_mustelinus	Lepilemur_mustelinus	12	years	12	0.98	kg	980	not_in_tree_exactly	PTD00065	"VanShaik et al. 2012/Isler	 K; van Schaik	 C P (2012)/AnAge DB"	https://www.zora.uzh.ch/id/eprint/71056/ / https://www.sciencedirect.com/science/article/abs/pii/S0047248412000577	PTD00014	Galán-Acedo et al. 2019	https://www.nature.com/articles/s41597-019-0059-9	not recorded in source input	not recorded in source input	not recorded in source input	not recorded in source input	not applicable: GroupName is unique	True	
STR_Lepilemuridae_Lepilemur_otto	STR	Lepilemuridae	Lepilemur_otto	Lepilemur_otto		years		0.939	kg	939	not_in_tree_exactly	PTD00065	"VanShaik et al. 2012/Isler	 K; van Schaik	 C P (2012)/AnAge DB"	https://www.zora.uzh.ch/id/eprint/71056/ / https://www.sciencedirect.com/science/article/abs/pii/S0047248412000577	PTD00014	Galán-Acedo et al. 2019	https://www.nature.com/articles/s41597-019-0059-9	not recorded in source input	not recorded in source input	not recorded in source input	not recorded in source input	not applicable: GroupName is unique	False	missing_or_nonpositive_MLS
STR_Lepilemuridae_Lepilemur_petteri	STR	Lepilemuridae	Lepilemur_petteri	Lepilemur_petteri		years		0.62	kg	620	not_in_tree_exactly	PTD00065	"VanShaik et al. 2012/Isler	 K; van Schaik	 C P (2012)/AnAge DB"	https://www.zora.uzh.ch/id/eprint/71056/ / https://www.sciencedirect.com/science/article/abs/pii/S0047248412000577	PTD00014	Galán-Acedo et al. 2019	https://www.nature.com/articles/s41597-019-0059-9	not recorded in source input	not recorded in source input	not recorded in source input	not recorded in source input	not applicable: GroupName is unique	False	missing_or_nonpositive_MLS
STR_Lepilemuridae_Lepilemur_randrianasoloi	STR	Lepilemuridae	Lepilemur_randrianasoloi	Lepilemur_randrianasoloi		years		0.855	kg	855	not_in_tree_exactly	PTD00065	"VanShaik et al. 2012/Isler	 K; van Schaik	 C P (2012)/AnAge DB"	https://www.zora.uzh.ch/id/eprint/71056/ / https://www.sciencedirect.com/science/article/abs/pii/S0047248412000577	PTD00014	Galán-Acedo et al. 2019	https://www.nature.com/articles/s41597-019-0059-9	not recorded in source input	not recorded in source input	not recorded in source input	not recorded in source input	not applicable: GroupName is unique	False	missing_or_nonpositive_MLS
STR_Lepilemuridae_Lepilemur_ruficaudatus	STR	Lepilemuridae	Lepilemur_ruficaudatus	Lepilemur_ruficaudatus		years		0.78	kg	780	exact_tree_tip_match	PTD00065	"VanShaik et al. 2012/Isler	 K; van Schaik	 C P (2012)/AnAge DB"	https://www.zora.uzh.ch/id/eprint/71056/ / https://www.sciencedirect.com/science/article/abs/pii/S0047248412000577	PTD00014	Galán-Acedo et al. 2019	https://www.nature.com/articles/s41597-019-0059-9	not recorded in source input	not recorded in source input	not recorded in source input	not recorded in source input	not applicable: GroupName is unique	False	missing_or_nonpositive_MLS
STR_Lepilemuridae_Lepilemur_sahamalazensis	STR	Lepilemuridae	Lepilemur_sahamalazensis	Lepilemur_sahamalazensis		years		0.69	kg	690	not_in_tree_exactly	PTD00065	"VanShaik et al. 2012/Isler	 K; van Schaik	 C P (2012)/AnAge DB"	https://www.zora.uzh.ch/id/eprint/71056/ / https://www.sciencedirect.com/science/article/abs/pii/S0047248412000577	PTD00014	Galán-Acedo et al. 2019	https://www.nature.com/articles/s41597-019-0059-9	not recorded in source input	not recorded in source input	not recorded in source input	not recorded in source input	not applicable: GroupName is unique	False	missing_or_nonpositive_MLS
STR_Lepilemuridae_Lepilemur_scottorum	STR	Lepilemuridae	Lepilemur_scottorum	Lepilemur_scottorum		years		0.88	kg	880	not_in_tree_exactly	PTD00065	"VanShaik et al. 2012/Isler	 K; van Schaik	 C P (2012)/AnAge DB"	https://www.zora.uzh.ch/id/eprint/71056/ / https://www.sciencedirect.com/science/article/abs/pii/S0047248412000577	PTD00014	Galán-Acedo et al. 2019	https://www.nature.com/articles/s41597-019-0059-9	not recorded in source input	not recorded in source input	not recorded in source input	not recorded in source input	not applicable: GroupName is unique	False	missing_or_nonpositive_MLS
STR_Lepilemuridae_Lepilemur_seali	STR	Lepilemuridae	Lepilemur_seali	Lepilemur_seali		years		0.95	kg	950	not_in_tree_exactly	PTD00065	"VanShaik et al. 2012/Isler	 K; van Schaik	 C P (2012)/AnAge DB"	https://www.zora.uzh.ch/id/eprint/71056/ / https://www.sciencedirect.com/science/article/abs/pii/S0047248412000577	PTD00014	Galán-Acedo et al. 2019	https://www.nature.com/articles/s41597-019-0059-9	not recorded in source input	not recorded in source input	not recorded in source input	not recorded in source input	not applicable: GroupName is unique	False	missing_or_nonpositive_MLS
STR_Lepilemuridae_Lepilemur_septentrionalis	STR	Lepilemuridae	Lepilemur_septentrionalis	Lepilemur_septentrionalis		years		0.6275	kg	627.5	exact_tree_tip_match	PTD00065	"VanShaik et al. 2012/Isler	 K; van Schaik	 C P (2012)/AnAge DB"	https://www.zora.uzh.ch/id/eprint/71056/ / https://www.sciencedirect.com/science/article/abs/pii/S0047248412000577	PTD00014	Galán-Acedo et al. 2019	https://www.nature.com/articles/s41597-019-0059-9	not recorded in source input	not recorded in source input	not recorded in source input	not recorded in source input	not applicable: GroupName is unique	False	missing_or_nonpositive_MLS
STR_Lepilemuridae_Lepilemur_tymerlachsoni	STR	Lepilemuridae	Lepilemur_tymerlachsoni	Lepilemur_tymerlachsoni		years		0.88	kg	880	not_in_tree_exactly	PTD00065	"VanShaik et al. 2012/Isler	 K; van Schaik	 C P (2012)/AnAge DB"	https://www.zora.uzh.ch/id/eprint/71056/ / https://www.sciencedirect.com/science/article/abs/pii/S0047248412000577	PTD00014	Galán-Acedo et al. 2019	https://www.nature.com/articles/s41597-019-0059-9	not recorded in source input	not recorded in source input	not recorded in source input	not recorded in source input	not applicable: GroupName is unique	False	missing_or_nonpositive_MLS
STR_Lepilemuridae_Lepilemur_wrightae	STR	Lepilemuridae	Lepilemur_wrightae	Lepilemur_wrightae		years		1.435	kg	1435	not_in_tree_exactly	PTD00065	"VanShaik et al. 2012/Isler	 K; van Schaik	 C P (2012)/AnAge DB"	https://www.zora.uzh.ch/id/eprint/71056/ / https://www.sciencedirect.com/science/article/abs/pii/S0047248412000577	PTD00014	Galán-Acedo et al. 2019	https://www.nature.com/articles/s41597-019-0059-9	not recorded in source input	not recorded in source input	not recorded in source input	not recorded in source input	not applicable: GroupName is unique	False	missing_or_nonpositive_MLS
STR_Lorisidae_Arctocebus_aureus	STR	Lorisidae	Arctocebus_aureus	Arctocebus_aureus		years		0.21	kg	210	not_in_tree_exactly	PTD00065	"VanShaik et al. 2012/Isler	 K; van Schaik	 C P (2012)/AnAge DB"	https://www.zora.uzh.ch/id/eprint/71056/ / https://www.sciencedirect.com/science/article/abs/pii/S0047248412000577	PTD00014	Galán-Acedo et al. 2019	https://www.nature.com/articles/s41597-019-0059-9	not recorded in source input	not recorded in source input	not recorded in source input	not recorded in source input	not applicable: GroupName is unique	False	missing_or_nonpositive_MLS
STR_Lorisidae_Arctocebus_calabarensis	STR	Lorisidae	Arctocebus_calabarensis	Arctocebus_calabarensis	13	years	13	0.31	kg	310	exact_tree_tip_match	PTD00065	"VanShaik et al. 2012/Isler	 K; van Schaik	 C P (2012)/AnAge DB"	https://www.zora.uzh.ch/id/eprint/71056/ / https://www.sciencedirect.com/science/article/abs/pii/S0047248412000577	PTD00014	Galán-Acedo et al. 2019	https://www.nature.com/articles/s41597-019-0059-9	not recorded in source input	not recorded in source input	not recorded in source input	not recorded in source input	not applicable: GroupName is unique	True	
STR_Lorisidae_Loris_lydekkerianus	STR	Lorisidae	Loris_lydekkerianus	Loris_lydekkerianus	18.7	years	18.7	0.27	kg	270	exact_tree_tip_match	PTD00065	"VanShaik et al. 2012/Isler	 K; van Schaik	 C P (2012)/AnAge DB"	https://www.zora.uzh.ch/id/eprint/71056/ / https://www.sciencedirect.com/science/article/abs/pii/S0047248412000577	PTD00014	Galán-Acedo et al. 2019	https://www.nature.com/articles/s41597-019-0059-9	not recorded in source input	not recorded in source input	not recorded in source input	not recorded in source input	not applicable: GroupName is unique	True	
STR_Lorisidae_Loris_tardigradus	STR	Lorisidae	Loris_tardigradus	Loris_tardigradus	19.3	years	19.3	0.19	kg	190	exact_tree_tip_match	PTD00065	"VanShaik et al. 2012/Isler	 K; van Schaik	 C P (2012)/AnAge DB"	https://www.zora.uzh.ch/id/eprint/71056/ / https://www.sciencedirect.com/science/article/abs/pii/S0047248412000577	PTD00014	Galán-Acedo et al. 2019	https://www.nature.com/articles/s41597-019-0059-9	not recorded in source input	not recorded in source input	not recorded in source input	not recorded in source input	not applicable: GroupName is unique	True	
STR_Lorisidae_Nycticebus_bancanus	STR	Lorisidae	Nycticebus_bancanus	Nycticebus_bancanus		years			kg		not_in_tree_exactly	PTD00065	"VanShaik et al. 2012/Isler	 K; van Schaik	 C P (2012)/AnAge DB"	https://www.zora.uzh.ch/id/eprint/71056/ / https://www.sciencedirect.com/science/article/abs/pii/S0047248412000577	PTD00014	Galán-Acedo et al. 2019	https://www.nature.com/articles/s41597-019-0059-9	not recorded in source input	not recorded in source input	not recorded in source input	not recorded in source input	not applicable: GroupName is unique	False	missing_or_nonpositive_MLS_and_body_mass
STR_Lorisidae_Nycticebus_bengalensis	STR	Lorisidae	Nycticebus_bengalensis	Nycticebus_bengalensis	25.5	years	25.5	1.26	kg	1260	exact_tree_tip_match	PTD00065	"VanShaik et al. 2012/Isler	 K; van Schaik	 C P (2012)/AnAge DB"	https://www.zora.uzh.ch/id/eprint/71056/ / https://www.sciencedirect.com/science/article/abs/pii/S0047248412000577	PTD00014	Galán-Acedo et al. 2019	https://www.nature.com/articles/s41597-019-0059-9	not recorded in source input	not recorded in source input	not recorded in source input	not recorded in source input	not applicable: GroupName is unique	True	
STR_Lorisidae_Nycticebus_borneanus	STR	Lorisidae	Nycticebus_borneanus	Nycticebus_borneanus		years		0.47	kg	470	not_in_tree_exactly	PTD00065	"VanShaik et al. 2012/Isler	 K; van Schaik	 C P (2012)/AnAge DB"	https://www.zora.uzh.ch/id/eprint/71056/ / https://www.sciencedirect.com/science/article/abs/pii/S0047248412000577	PTD00014	Galán-Acedo et al. 2019	https://www.nature.com/articles/s41597-019-0059-9	not recorded in source input	not recorded in source input	not recorded in source input	not recorded in source input	not applicable: GroupName is unique	False	missing_or_nonpositive_MLS
STR_Lorisidae_Nycticebus_coucang	STR	Lorisidae	Nycticebus_coucang	Nycticebus_coucang	25.8	years	25.8	0.65	kg	650	exact_tree_tip_match	PTD00065	"VanShaik et al. 2012/Isler	 K; van Schaik	 C P (2012)/AnAge DB"	https://www.zora.uzh.ch/id/eprint/71056/ / https://www.sciencedirect.com/science/article/abs/pii/S0047248412000577	PTD00014	Galán-Acedo et al. 2019	https://www.nature.com/articles/s41597-019-0059-9	not recorded in source input	not recorded in source input	not recorded in source input	not recorded in source input	not applicable: GroupName is unique	True	
STR_Lorisidae_Nycticebus_javanicus	STR	Lorisidae	Nycticebus_javanicus	Nycticebus_javanicus		years		0.73	kg	730	not_in_tree_exactly	PTD00065	"VanShaik et al. 2012/Isler	 K; van Schaik	 C P (2012)/AnAge DB"	https://www.zora.uzh.ch/id/eprint/71056/ / https://www.sciencedirect.com/science/article/abs/pii/S0047248412000577	PTD00014	Galán-Acedo et al. 2019	https://www.nature.com/articles/s41597-019-0059-9	not recorded in source input	not recorded in source input	not recorded in source input	not recorded in source input	not applicable: GroupName is unique	False	missing_or_nonpositive_MLS
STR_Lorisidae_Nycticebus_kayan	STR	Lorisidae	Nycticebus_kayan	Nycticebus_kayan		years		0.6	kg	600	not_in_tree_exactly	PTD00065	"VanShaik et al. 2012/Isler	 K; van Schaik	 C P (2012)/AnAge DB"	https://www.zora.uzh.ch/id/eprint/71056/ / https://www.sciencedirect.com/science/article/abs/pii/S0047248412000577	PTD00014	Galán-Acedo et al. 2019	https://www.nature.com/articles/s41597-019-0059-9	not recorded in source input	not recorded in source input	not recorded in source input	not recorded in source input	not applicable: GroupName is unique	False	missing_or_nonpositive_MLS
STR_Lorisidae_Nycticebus_menagensis	STR	Lorisidae	Nycticebus_menagensis	Nycticebus_menagensis		years		0.285	kg	285	not_in_tree_exactly	PTD00065	"VanShaik et al. 2012/Isler	 K; van Schaik	 C P (2012)/AnAge DB"	https://www.zora.uzh.ch/id/eprint/71056/ / https://www.sciencedirect.com/science/article/abs/pii/S0047248412000577	PTD00014	Galán-Acedo et al. 2019	https://www.nature.com/articles/s41597-019-0059-9	not recorded in source input	not recorded in source input	not recorded in source input	not recorded in source input	not applicable: GroupName is unique	False	missing_or_nonpositive_MLS
STR_Lorisidae_Nycticebus_pygmaeus	STR	Lorisidae	Nycticebus_pygmaeus	Nycticebus_pygmaeus	19.3	years	19.3	0.42	kg	420	exact_tree_tip_match	PTD00065	"VanShaik et al. 2012/Isler	 K; van Schaik	 C P (2012)/AnAge DB"	https://www.zora.uzh.ch/id/eprint/71056/ / https://www.sciencedirect.com/science/article/abs/pii/S0047248412000577	PTD00014	Galán-Acedo et al. 2019	https://www.nature.com/articles/s41597-019-0059-9	not recorded in source input	not recorded in source input	not recorded in source input	not recorded in source input	not applicable: GroupName is unique	True	
STR_Lorisidae_Perodicticus_edwardsi	STR	Lorisidae	Perodicticus_edwardsi	Perodicticus_edwardsi		years		1.19	kg	1190	not_in_tree_exactly	PTD00065	"VanShaik et al. 2012/Isler	 K; van Schaik	 C P (2012)/AnAge DB"	https://www.zora.uzh.ch/id/eprint/71056/ / https://www.sciencedirect.com/science/article/abs/pii/S0047248412000577	PTD00014	Galán-Acedo et al. 2019	https://www.nature.com/articles/s41597-019-0059-9	not recorded in source input	not recorded in source input	not recorded in source input	not recorded in source input	not applicable: GroupName is unique	False	missing_or_nonpositive_MLS
STR_Lorisidae_Perodicticus_ibeanus	STR	Lorisidae	Perodicticus_ibeanus	Perodicticus_ibeanus		years		0.861	kg	861	exact_tree_tip_match	PTD00065	"VanShaik et al. 2012/Isler	 K; van Schaik	 C P (2012)/AnAge DB"	https://www.zora.uzh.ch/id/eprint/71056/ / https://www.sciencedirect.com/science/article/abs/pii/S0047248412000577	PTD00014	Galán-Acedo et al. 2019	https://www.nature.com/articles/s41597-019-0059-9	not recorded in source input	not recorded in source input	not recorded in source input	not recorded in source input	not applicable: GroupName is unique	False	missing_or_nonpositive_MLS
STR_Lorisidae_Perodicticus_potto	STR	Lorisidae	Perodicticus_potto	Perodicticus_potto	26.3	years	26.3	0.83	kg	830	exact_tree_tip_match	PTD00065	"VanShaik et al. 2012/Isler	 K; van Schaik	 C P (2012)/AnAge DB"	https://www.zora.uzh.ch/id/eprint/71056/ / https://www.sciencedirect.com/science/article/abs/pii/S0047248412000577	PTD00014	Galán-Acedo et al. 2019	https://www.nature.com/articles/s41597-019-0059-9	not recorded in source input	not recorded in source input	not recorded in source input	not recorded in source input	not applicable: GroupName is unique	True	
TAR_Tarsiidae_Carlito_syrichta	TAR	Tarsiidae	Carlito_syrichta	Carlito_syrichta	16	years	16	0.13	kg	130	exact_tree_tip_match	PTD00065	"VanShaik et al. 2012/Isler	 K; van Schaik	 C P (2012)/AnAge DB"	https://www.zora.uzh.ch/id/eprint/71056/ / https://www.sciencedirect.com/science/article/abs/pii/S0047248412000577	PTD00014	Galán-Acedo et al. 2019	https://www.nature.com/articles/s41597-019-0059-9	not recorded in source input	not recorded in source input	not recorded in source input	not recorded in source input	not applicable: GroupName is unique	True	
TAR_Tarsiidae_Tarsius_bancanus	TAR	Tarsiidae	Tarsius_bancanus	Tarsius_bancanus	16.3	years	16.3	0.12	kg	120	not_in_tree_exactly	PTD00065	"VanShaik et al. 2012/Isler	 K; van Schaik	 C P (2012)/AnAge DB"	https://www.zora.uzh.ch/id/eprint/71056/ / https://www.sciencedirect.com/science/article/abs/pii/S0047248412000577	PTD00014	Galán-Acedo et al. 2019	https://www.nature.com/articles/s41597-019-0059-9	not recorded in source input	not recorded in source input	not recorded in source input	not recorded in source input	not applicable: GroupName is unique	True	
TAR_Tarsiidae_Tarsius_dentatus	TAR	Tarsiidae	Tarsius_dentatus	Tarsius_dentatus		years		0.112	kg	112	not_in_tree_exactly	PTD00065	"VanShaik et al. 2012/Isler	 K; van Schaik	 C P (2012)/AnAge DB"	https://www.zora.uzh.ch/id/eprint/71056/ / https://www.sciencedirect.com/science/article/abs/pii/S0047248412000577	PTD00014	Galán-Acedo et al. 2019	https://www.nature.com/articles/s41597-019-0059-9	not recorded in source input	not recorded in source input	not recorded in source input	not recorded in source input	not applicable: GroupName is unique	False	missing_or_nonpositive_MLS
TAR_Tarsiidae_Tarsius_fuscus	TAR	Tarsiidae	Tarsius_fuscus	Tarsius_fuscus		years		0.12	kg	120	not_in_tree_exactly	PTD00065	"VanShaik et al. 2012/Isler	 K; van Schaik	 C P (2012)/AnAge DB"	https://www.zora.uzh.ch/id/eprint/71056/ / https://www.sciencedirect.com/science/article/abs/pii/S0047248412000577	PTD00014	Galán-Acedo et al. 2019	https://www.nature.com/articles/s41597-019-0059-9	not recorded in source input	not recorded in source input	not recorded in source input	not recorded in source input	not applicable: GroupName is unique	False	missing_or_nonpositive_MLS
TAR_Tarsiidae_Tarsius_lariang	TAR	Tarsiidae	Tarsius_lariang	Tarsius_lariang		years		0.11	kg	110	exact_tree_tip_match	PTD00065	"VanShaik et al. 2012/Isler	 K; van Schaik	 C P (2012)/AnAge DB"	https://www.zora.uzh.ch/id/eprint/71056/ / https://www.sciencedirect.com/science/article/abs/pii/S0047248412000577	PTD00014	Galán-Acedo et al. 2019	https://www.nature.com/articles/s41597-019-0059-9	not recorded in source input	not recorded in source input	not recorded in source input	not recorded in source input	not applicable: GroupName is unique	False	missing_or_nonpositive_MLS
TAR_Tarsiidae_Tarsius_pelengensis	TAR	Tarsiidae	Tarsius_pelengensis	Tarsius_pelengensis		years		0.16	kg	160	not_in_tree_exactly	PTD00065	"VanShaik et al. 2012/Isler	 K; van Schaik	 C P (2012)/AnAge DB"	https://www.zora.uzh.ch/id/eprint/71056/ / https://www.sciencedirect.com/science/article/abs/pii/S0047248412000577	PTD00014	Galán-Acedo et al. 2019	https://www.nature.com/articles/s41597-019-0059-9	not recorded in source input	not recorded in source input	not recorded in source input	not recorded in source input	not applicable: GroupName is unique	False	missing_or_nonpositive_MLS
TAR_Tarsiidae_Tarsius_pumilus	TAR	Tarsiidae	Tarsius_pumilus	Tarsius_pumilus		years		0.051	kg	51	not_in_tree_exactly	PTD00065	"VanShaik et al. 2012/Isler	 K; van Schaik	 C P (2012)/AnAge DB"	https://www.zora.uzh.ch/id/eprint/71056/ / https://www.sciencedirect.com/science/article/abs/pii/S0047248412000577	PTD00014	Galán-Acedo et al. 2019	https://www.nature.com/articles/s41597-019-0059-9	not recorded in source input	not recorded in source input	not recorded in source input	not recorded in source input	not applicable: GroupName is unique	False	missing_or_nonpositive_MLS
TAR_Tarsiidae_Tarsius_sangirensis	TAR	Tarsiidae	Tarsius_sangirensis	Tarsius_sangirensis		years		0.143	kg	143	not_in_tree_exactly	PTD00065	"VanShaik et al. 2012/Isler	 K; van Schaik	 C P (2012)/AnAge DB"	https://www.zora.uzh.ch/id/eprint/71056/ / https://www.sciencedirect.com/science/article/abs/pii/S0047248412000577	PTD00014	Galán-Acedo et al. 2019	https://www.nature.com/articles/s41597-019-0059-9	not recorded in source input	not recorded in source input	not recorded in source input	not recorded in source input	not applicable: GroupName is unique	False	missing_or_nonpositive_MLS
TAR_Tarsiidae_Tarsius_spectrumgurskyae	TAR	Tarsiidae	Tarsius_spectrumgurskyae	Tarsius_spectrumgurskyae		years			kg		not_in_tree_exactly	PTD00065	"VanShaik et al. 2012/Isler	 K; van Schaik	 C P (2012)/AnAge DB"	https://www.zora.uzh.ch/id/eprint/71056/ / https://www.sciencedirect.com/science/article/abs/pii/S0047248412000577	PTD00014	Galán-Acedo et al. 2019	https://www.nature.com/articles/s41597-019-0059-9	not recorded in source input	not recorded in source input	not recorded in source input	not recorded in source input	not applicable: GroupName is unique	False	missing_or_nonpositive_MLS_and_body_mass
TAR_Tarsiidae_Tarsius_supriatnai	TAR	Tarsiidae	Tarsius_supriatnai	Tarsius_supriatnai		years			kg		not_in_tree_exactly	PTD00065	"VanShaik et al. 2012/Isler	 K; van Schaik	 C P (2012)/AnAge DB"	https://www.zora.uzh.ch/id/eprint/71056/ / https://www.sciencedirect.com/science/article/abs/pii/S0047248412000577	PTD00014	Galán-Acedo et al. 2019	https://www.nature.com/articles/s41597-019-0059-9	not recorded in source input	not recorded in source input	not recorded in source input	not recorded in source input	not applicable: GroupName is unique	False	missing_or_nonpositive_MLS_and_body_mass
TAR_Tarsiidae_Tarsius_tarsier	TAR	Tarsiidae	Tarsius_tarsier	Tarsius_tarsier	16	years	16	0.122	kg	122	not_in_tree_exactly	PTD00065	"VanShaik et al. 2012/Isler	 K; van Schaik	 C P (2012)/AnAge DB"	https://www.zora.uzh.ch/id/eprint/71056/ / https://www.sciencedirect.com/science/article/abs/pii/S0047248412000577	PTD00014	Galán-Acedo et al. 2019	https://www.nature.com/articles/s41597-019-0059-9	not recorded in source input	not recorded in source input	not recorded in source input	not recorded in source input	not applicable: GroupName is unique	True	
TAR_Tarsiidae_Tarsius_tumpara	TAR	Tarsiidae	Tarsius_tumpara	Tarsius_tumpara		years		0.1	kg	100	not_in_tree_exactly	PTD00065	"VanShaik et al. 2012/Isler	 K; van Schaik	 C P (2012)/AnAge DB"	https://www.zora.uzh.ch/id/eprint/71056/ / https://www.sciencedirect.com/science/article/abs/pii/S0047248412000577	PTD00014	Galán-Acedo et al. 2019	https://www.nature.com/articles/s41597-019-0059-9	not recorded in source input	not recorded in source input	not recorded in source input	not recorded in source input	not applicable: GroupName is unique	False	missing_or_nonpositive_MLS
TAR_Tarsiidae_Tarsius_wallacei	TAR	Tarsiidae	Tarsius_wallacei	Tarsius_wallacei		years		0.107	kg	107	exact_tree_tip_match	PTD00065	"VanShaik et al. 2012/Isler	 K; van Schaik	 C P (2012)/AnAge DB"	https://www.zora.uzh.ch/id/eprint/71056/ / https://www.sciencedirect.com/science/article/abs/pii/S0047248412000577	PTD00014	Galán-Acedo et al. 2019	https://www.nature.com/articles/s41597-019-0059-9	not recorded in source input	not recorded in source input	not recorded in source input	not recorded in source input	not applicable: GroupName is unique	False	missing_or_nonpositive_MLS
