SpeciesBROAD,GroupName,PTD00023,PTD00001,PTD00002,PTD00003,PTD00004,PTD00005,PTD00006,PTD00007,PTD00008,PTD00009,PTD00010,PTD00011,PTD00012,PTD00013,PTD00014,PTD00015,PTD00016,PTD00017,PTD00018,PTD00019,PTD00020,PTD00021,PTD00022,PTD00024,PTD00025,PTD00026,PTD00027,PTD00028,PTD00029,PTD00030,PTD00031,PTD00032,PTD00033,PTD00034,PTD00035,PTD00036,PTD00037,PTD00038,PTD00039,PTD00040,PTD00041,PTD00042,PTD00043,PTD00044,PTD00045,PTD00046,PTD00047,PTD00048,PTD00049,PTD00050,PTD00051,PTD00052,PTD00053,PTD00054,PTD00055,PTD00056,PTD00057,PTD00058,PTD00059,PTD00060,PTD00061,PTD00062,PTD00063,PTD00064,PTD00065,PTD00066,PTD00067,PTD00068,PTD00069,PTD00070,PTD00071,PTD00072,PTD00073,PTD00074,PTD00075,PTD00076,PTD00077,PTD00078,PTD00079,PTD00080,PTD00081,PTD00082,PTD00083,PTD00084,PTD00085,PTD00086,PTD00087,PTD00088,PTD00089,PTD00090,PTD00091,PTD00092,PTD00093,PTD00094,PTD00095,PTD00096,PTD00097,PTD00098,PTD00099,PTD00100,PTD00101,PTD00102,PTD00103,PTD00104,PTD00105,PTD00106,PTD00107,PTD00108,PTD00109,PTD00110,PTD00111,PTD00112,PTD00113,PTD00114,PTD00115,PTD00116,PTD00117,PTD00118,PTD00119,PTD00120,PTD00121,PTD00122,PTD00123,PTD00124,PTD00125,PTD00126,PTD00127,PTD00128,PTD00129,PTD00130,PTD00131,PTD00132,PTD00133,PTD00134,PTD00135,PTD00136,PTD00137,PTD00138,PTD00139,PTD00140,PTD00141,PTD00142,PTD00143,PTD00144,PTD00145,PTD00146,PTD00147,PTD00148,PTD00149,PTD00150,PTD00151,PTD00152,PTD00153,PTD00154,PTD00155,PTD00156,PTD00157,PTD00158,PTD00159,PTD00160,PTD00161,PTD00162,PTD00163,PTD00164,PTD00165,PTD00166,PTD00167,PTD00168,PTD00169,PTD00170,PTD00171,PTD00172,PTD00173,PTD00174,PTD00175,PTD00176,PTD00177,PTD00178,PTD00179,PTD00180,PTD00181,PTD00182,PTD00183,PTD00184,PTD00185,PTD00186,PTD00187,PTD00188,PTD00189,PTD00190,PTD00191,PTD00192,PTD00193,PTD00194,PTD00195,PTD00196,PTD00197,PTD00198,PTD00199,PTD00200,PTD00201,PTD00202,PTD00203,PTD00204,PTD00205,PTD00206,PTD00207,PTD00208,PTD00209,PTD00210,PTD00211,PTD00212,PTD00213,PTD00214,PTD00215,PTD00216,PTD00217,PTD00218,PTD00219,PTD00220,PTD00221,PTD00222,PTD00223,PTD00224,PTD00225,PTD00226,PTD00227,PTD00228,PTD00229,PTD00230,PTD00231,PTD00232,PTD00233,PTD00234,PTD00235,PTD00236,PTD00237,PTD00238,PTD00239,PTD00240,PTD00241,PTD00242,PTD00243,PTD00244,PTD00245,PTD00246,PTD00247,PTD00248,PTD00249,PTD00250,PTD00251,PTD00252,PTD00253,PTD00254,PTD00255,PTD00256,PTD00257,PTD00258,PTD00259,PTD00260,PTD00261,PTD00262,PTD00263
Allocebus_trichotis,STR_Cheirogaleidae_Allocebus_trichotis,1,,,Monochromatic,Solitary,,Absent,,,Monogamous,,,,,0.08,0.092,0.084,N,Omnivore,AR,3,1,Forest,,,92,84,1.095,1,1,1,,,,,,-16.59,1902.3,20.3,1388.2,1653.7,,,,,,,,,,,,,Pair,Bisexual,No,,,,,,,,,,,,,,,,,,,,,,,,,,,,,,,,,,,,,,,,,,,,,,,,,,,,,,,,,,,,,,,,,,,,,,,,,,,,,,,,,,,,,,,,,,,,,,,,,,,,,,,,,,,,,,,,,,,,,,,,,,,,,,,,,,,,,,,,,,,,,,,,,,,,,,,,,,,,,,,,,,,,,,,,,,,,,,,,,,,,,,,,,,,,,,,,,,,,,,,,,,,,,,,
Aotus_azarae,PLA_Aotidae_Aotus_azarae,1,7.094234846,3.028683374,Monochromatic,Pair,0.69,Present,Discrete,Low,Monogamous,,,,Yes,1.21,1.18,1.23,CA,Omnivore,AR,1,1,Forest/Savanna,20.67,20.69,1180,1230,0.959,3.1,1,1,1,365,,229.69,360,-17.05,1010.9,24.6,1186.2,1410.8,0.95,,,45,41,,,,,,,Monogamy,Pair,Bisexual,No,1230,20.7,,,365,126.5,229.7,5,21.2,,,,,,,,,,,,,,,,,,,,,,,,,,,,,,,,,,,,,,,,,,,,,,,,,,,,,,,,,,,,,,,,,,,,,,,,,,,,,,,,47,85,1186,0,,,,,,,,,,,,,,,,,,,,,,,,,,,,,,,,,,,,,,,,,,,,,,,,,,,,,,,,,,,,,,,,,,,,,,,,,,,,,,,,,,,,,,,,,,,,,,,,,,,,,,,,,,,,,,,,,,,
Aotus_griseimembra,PLA_Aotidae_Aotus_griseimembra,,,,Monochromatic,Pair,,Present,Discrete,Low,Monogamous,133,75,0.36,No,0.51,0.1,0.923,N,,AR,3,1,Forest,,,,,,,,,,,,,,,,,,,,,,,,,,,,,,,,Bisexual,No,,,,,,,,,,,,,,,,,,,,,,,,,,,,,,,,,,,,,,,,,,,,,,,,,,,,,,,,,,,,,,,,,,,,,,,,,,,,,,,,,,,,,,,,,,,,,,,,,,,,,,,,,,,,,,,,,,,,,,,,,,,,,,,,,,,,,,,,,,,,,,,,,,,,,,,,,,,,,,,,,,,,,,,,,,,,,,,,,,,,,,,,,,,,,,,,,,,,,,,,,,,,,,,
Aotus_nancymaae,PLA_Aotidae_Aotus_nancymaae,1.02,6.668228248,2.884241898,Monochromatic,Pair,0.57,Present,Discrete,Low,Monogamous,131,75,0.36,No,0.79,0.795,0.78,N,Frugivore,AR,3,,Forest,,,794,780,1.018,3.9,1,1,1,,,,,-4.59,2280.4,26.1,1531.3,1533.1,,,,,,,,,,,,,Pair,Bisexual,No,,,,,,,,,,,,,,,,,,,,,,,,,,,,,,,,,,,,,,,,,,,,,,,,,,,,,,,,,,,,,,,,,,,,,,,,,,,,,,,,,,,,,,,,,28.5,58.5,1531,0,,,,,,,,,,,,,,,,,,,,,,,,,,,,,,,,,,,,,,,,,,,,,,,,,,,,,,,,,,,,,,,,,,,,,,,,,,,,,,,,,,,,,,,,,,,,,,,,,,,,,,,,,,,,,,,,,,,
Aotus_trivirgatus,PLA_Aotidae_Aotus_trivirgatus,1.06,6.896694332,2.824350657,Monochromatic,Pair,0.43,Present,Discrete,Low,Monogamous,133,75,0.36,No,0.77,0.813,0.736,N,Frugivore,AR,1,,Forest,16.85,16.13,1044.4,933.3,1.119,2.9,1,1,1,271,142,76.21,303.6,4.15,1786,24.8,1488.1,1676.3,0.02,0.66,4.1359,45.5,10,15,1.11,,,,,Monogamy,Pair,Bisexual,No,933,15.7,90.2,1.01,341,133,76,4,30.1,0.235,Monogamous,No,1,1,2.9,813,736,1.105,5.34,4.81,1.11,813,1.2,1020,882,0,0,0,0,0,0,0,0,0,0,0,0,0,455.5,52.4,,,,,,,,,,,,,,,,,,,,,,,,,,,,,,,,,,,,,,,,,,,,,,,,,,,,,,,,,,,,,,,,,,2,19.2,10,5,16681.48,675.3,1818.33,409,1098,12128,56,0.22,394,83.3,862,862,243,539,9453.33,5230,,,,,,,,874,36,203,201,1.72,2.48,1.74,,,,,3.829411765,1.315088235,0.5597072059,812.0294118,,,,0.5263636364,19.88235294,,27.91470588,8.8,,93.51515152,,0.7382352941,,,,3,,,,277.1818182,,,,,,,,,,,,,,5.205882353,,4.408823529,,182.1515152,79.72727273,,6.829411765,,,,,16.21875,,0.2043478261,,,,,,,,,,,,
Avahi_laniger,STR_Indriidae_Avahi_laniger,1.01,7.095893221,2.288486169,Dichromatic,Pair,4.54,Absent,Discrete,Low,Monogamous,136.15,150,0.52,Yes,1.175,1.03,1.32,N,Folivore,AR,3,1,Forest,9.86,10.1,1106,1307,0.846,3,1,1,1,365,136.15,149.15,,-19.63,1769,19.7,1334.1,1600.1,0.01,0.46,4.0766,,,,0.942,,,,,Monogamy,Pair,Bisexual,,1106,9.9,,,,135,153,2.58,,,Monogamous,No,,1,2.5,1030,1320,0.78,3.58,3.79,0.945,1030,2.09,1300,1120,0,0,0,0,0,0,0,0,0,0,0,0,0,,,,,,,,,,,,,,,,,,,,,,,,,,,,,,,,,,,,,,,,,,,,,,,,,,,23,34.3,1334,2,,,,,,,,,,,,,,,,,,9751.61,553.35,1489,343,862,6550,89.2,3.01,284,69.7,524,524,241,526,4813,,,,,,,,,475,27.4,,,1.76,2.14,1.48,26,36,14,76,,,,,,,,,,,,,,,,,,,,,,,,,,,,,,,,,,,,,,,,,,,,,,,,,,,,,,,,,,,,,,,,
Avahi_occidentalis,STR_Indriidae_Avahi_occidentalis,1.02,6.685860947,2.073171929,Dichromatic,Pair,,Absent,Discrete,Low,Monogamous,,,,Yes,0.8,0.814,0.777,N,Folivore,AR,4,1,Forest,7.95,,836.3,766.5,1.091,3.5,1,1,1,,,,,-17.38,1184.4,24.9,981.5,1557.8,0.01,,,,,,,,,,,Monogamy,Pair,Bisexual,,,,,,,,,,,,,,,,,,,,,,,,,,,,,,,,,,,,,,,,,,,,,,,,,,,,,,,,,,,,,,,,,,,,,,,,,,,,,,,,,,,,,,,,,,,,,,,,,,,,,,,,,,,,,,,9222.71,508.46,1383,345,861,6026,70.1,2.55,265,69.3,478,478,222,476,4443,,6.52,489,137,80.5,74.5,5.94,38.3,450,27.2,,,1.64,1.62,1.24,,,,,,,,,,,,,,,,,,,,,,,,,,,,,,,,,,,,,,,,,,,,,,,,,,,,,,,,,,,,,,,,,,,,
Cebuella_pygmaea,PLA_Callitrichidae_Cebuella_pygmaea,1.93,4.753590191,1.458615023,Polymorphic,Unimale,0.35,Present,Discrete,Low,Monogamous,137,90,0.4,No,0.12,0.11,0.122,D,Omnivore,AR,3,1,Forest,4.17,4.33,110,122,0.902,2,1.5,1,0.67,182.5,125,90.73,181.2,-5.96,2085.3,25.6,1483.2,1526.1,0.002,0.29,5.5846,,,,1.034,,,,,Polyandry,Pair,Bisexual,No,116,4.2,16.3,2.06,213,142,91,1.9,18.6,0.675,Monogamous,No,,1.4,5.5,110,122,0.902,3.08,2.98,1.034,110,0.33,130,117,0,0,0,0,0,0,0,0,0,0,0,0,0,88.6,10.1,,,,,,,,,,,,,,,,,,,,,,,,,,,,,,,,,,,,,,,,,,,,,,,,,31.5,63.5,1483,2,163,141.05,4.4,0.86,1.86,1.91,13.49,6.96,0.76,6.2,0.18,25.26,21.95,,,,,4149.86,185,468,192,342,3099,12.3,0.39,133,29.2,174,174,81.8,133,2535,,3.68,190,69.2,27.7,25.8,1.95,23.8,363,,,,0.56,0.54,0.56,6,14,2,22,4.85,,0.7678845,170.2666667,,3.694444444,,0.2,17.30555556,0.1212934524,45.60916667,9.102777778,117,,300.3333333,0.6583333333,5.266666667,445.4333333,,,155.8055556,40.01388889,13.43055556,,,49.52777778,3730.555556,,21.30555556,63.63888889,33.83333333,3.833333333,393.1111111,,,38.55555556,3819.444444,5.216666667,,,6.294722222,50.22222222,13.5,,6.716666667,,,8.680555556,,,,,,,,,,,,156.6666667,7.297222222,,,
Cheirogaleus_crossleyi,STR_Cheirogaleidae_Cheirogaleus_crossleyi,,,,Dichromatic,Solitary,,Absent,,,Monogamous,70,45,0.39,,0.29,,,N,Omnivore,AR,,1,Forest,,,,,,,,,,,,,,,,,,,,,,,,,,,,,,,,,No,,,,,,,,,,,,,,,,,,,,,,,,,,,,,,,,,,,,,,,,,,,,,,,,,,,,,,,,,,,,,,,,,,,,,,,,,,,,,,,,,,,,,,,,,,,,,,,,,,,,,,,,,,,,,,,,,,,,,,,,,,,,,,,,,,,,,,,,,,,,,,,,,,,,,,,,,,,,,,,,,,,,,,,,,,,,,,,,,,,,,,,,,,,,,,,,,,,,,,,,,,,,,,,
Cheirogaleus_major,STR_Cheirogaleidae_Cheirogaleus_major,2.26,5.991464547,1.759580571,Dichromatic,Solitary,4.55,Absent,,Low,Monogamous,71,70,0.5,Yes,0.505,0.574,0.443,N,Folivore_frugivore,AR,3,1,Forest,5.81,5.63,438,362,1.21,1,1,1,,,65,47.14,180,-18.76,1676.3,20.3,1320.2,1592.7,0.02,,,,,,,,,,,Spatial Polygyny,Solitary,Bisexual,No,400,5.6,18.1,2.25,365,70,70,1,13.4,0.754,,,,,,,,,,,,,,,,,,,,,,,,,,,,,,,,,,,,,,,,,,,,,,,,,,,,,,,,,,,,,,,,,,,,,,,,,,,,,,,35.8,60,1320,0,,,,,,,,,,,,,,1.5,12.6,,4,6441.17,381.62,947,241,489,4313,158,4.04,332,58.9,327,327,149,347,2938,,4.83,271,101,33.8,31.6,2.27,18,433,21.5,233,99.4,1.04,1.56,1.84,,,,,,,,,,,,,,,,,,,,,,,,,,,,,,,,,,,,,,,,,,,,,,,,,,,,,,,,,,,,,,,,,,,,
Eulemur_mongoz,STR_Lemuridae_Eulemur_mongoz,1.11,7.100027167,3.004196352,Dichromatic,Pair/Multimale,16.67,Absent,Discrete,High,Monogamous,129,152,0.54,Yes,1.375,1.41,1.56,CA,Folivore_frugivore,AR,5,1,Forest,20.17,19.69,1143.3,1281.5,0.892,2.93,1,1,1,365,128,151.13,360,-16.11,1258.8,26.2,932.2,1603.7,0.042,0.712,3.0789,63.3,19.3,0,1.197,9,9.5,69.1,4,Monogamy,Pair,Bisexual,No,1212,17.9,58.2,1.21,365,128,152,2.51,36.2,0.318,Monogamous,No,1,1,3.5,1630,1610,1.012,9.63,8.06,1.195,1680,12.25,1660,1657,0,0,1,0,0,0,0,0,0,0,1,1,4,,,1.075,1.024390244,1,0.975609756,1,2,127,Seasonal,12,4,1.764383562,2.901369863,23.58082192,19.67123288,1549.38599,1301.034091,1892.5,1522.885153,1301.034091,1818.192308,1579.542115,1377.653846,1892.5,60.20882353,40.3,77.5,59.06666667,40.3,77.5,1494.072066,1250,1741.25,1482.000859,1250,1700.5,1507.071828,1264,1741.25,36.2739726,36.2739726,32.15068493,24.46831544,27.02731211,21.34511225,0.238095238,0.186046512,0.275,1,,,,,,,,,,,,,,,,,,2.3,15.5,,4,22240,,,,,,,,,,,,,,12030,8200,,,,,,,,1060,50,,,,,,,,,,5.2324,4.46573,0.8094166667,356.033,2299.386364,0.08833333333,4.601666667,0.1982666667,18.339,1.497522345,18.62916667,10.04793333,104.8646667,83.51086957,1303.532197,1.023541667,2.737,181.2943333,8.685,1.371266667,129.245,44.4744,13.8697,559,17.07575758,45.249,2529.203667,2.005555556,16.0566,51.1948,31.58973333,3.156,188.1493333,0.04,4.4,50.24722222,2681.333667,5.003066667,299.1875,4.7876,8.719916667,25.88266667,48.12133333,146.6646667,6.631266667,30.3015873,0.03333333333,5.610066667,,,,,,,,,,,,,,,,
Eulemur_rubriventer,STR_Lemuridae_Eulemur_rubriventer,1.01,7.580699752,3.266903794,Dichromatic,Pair,8.33,Absent,Discrete,Low,Monogamous,,,,Yes,1.9975,2.07,1.96,CA,Folivore_frugivore,AR,3,1,Forest,26.23,26.93,1980,1940,1.021,3,1,1,1,,130,151.22,240,-18.45,1781.1,19.4,1344,1575.5,0.2,0.444,0.8799,81,15,,1.051,16,21,60,2,Monogamy,Pair,Bisexual,,1960,26.2,,,,123,135,1.55,20,,Monogamous,No,,1,3.2,1980,1940,1.021,10.49,9.98,1.051,1980,1.76,2512,2157,0,0,1,0,0,0,0,0,0,0,1,1,4,,,1.444444444,1.047619048,1,0.952380952,1,2,120,Seasonal,12,4,1.775342466,3.695890411,13.15068493,14.29863014,2190.292421,1770,2464.259259,2058.995414,1770,2278.636364,2338.001555,2225.404598,2464.259259,78.4,70.1,89,74.86666667,70.1,84,2004.266865,1750,2220,1958.170635,1750,2214.5,2050.363095,1880,2220,33.83561644,32.85205479,33.83561644,16.7656316,14.77573538,20.55690139,0.363636364,0.384615385,0.333333333,,23,57,1344,0,,,,,,,,,,,,,,,,,,,,,,,,,,,,,,,,,,,,,,,,,,,,,,,,,,,,5.837666667,3.412566667,0.768625,300.8483333,2759.316667,0.225,18.475,0.3605833333,22.6875,2.039954437,24.50583333,10.51066667,102.2191667,120.7066667,695.3880952,0.9894166667,3.215,250.595,6.688333333,1.835083333,125.8716667,47.422,15.61433333,1386.75,21.975,46.92,3448.923333,2.359259259,17.7265,54.03483333,32.90833333,1.901666667,157.5083333,0,0,48.88833333,3805.098333,6.041,396.5,5.307833333,8.822416667,31.0375,68.50666667,145.0933333,7.801083333,82.00833333,0,8.094,,,21.5,,,,,,,,,,,,,
Hapalemur_aureus,STR_Lemuridae_Hapalemur_aureus,1.01,,,Dichromatic,Pair/Unimale,,Absent,Discrete,Low,Monogamous,138,140,0.5,Yes,1.515,1.52,1.39,D,Folivore,AR,5,1,Forest/Wetlands,,,,,,3,,,,365,142.5,135,,-21.66,1654.5,18.5,1321.4,1516.9,0.21,0.4,0.7736,,,,,,,,,,Pair,Bisexual,No,,,,,365,142,135,,,,,,,,,,,,,,,,,,,,,,,,,,,,,,,,,,,,,,,,,,,,,,,,,,,,,,,,,,,,,,,,,,,,,,,,,,,,,,,,,,,,,,,,,,,,,,,,,,,,,,,,,,,,,,,,,,,,,,,,,,,,,,,,,,,,,,,,,,,,,,,,,,,,,,,,,,,,,,,,,,,,,,,,,,,,,,,,,,,,,,,,,,,,,,,,,,,,,,,,
Hoolock_hoolock,APE_Hylobatidae_Hoolock_hoolock,1.01,,,Trichromatic,Pair,,Absent,Discrete,Low,Monogamous,,700,,No,6.88,6.87,6.88,D,Frugivore,AR,4,1,Forest,110.68,105.78,7106.5,6350,1.119,,,,,1080,232.5,635.13,492,23.44,1536,17.5,1095.2,1318.7,0.413,1.26,1.7376,79,10.3,2,1.03,,,,,Monogamy,Pair,Bisexual,,,,,,1080,,709,,41,,,,,,,,,,,,,,,,,,,,,,,,,,,,,,,,,,,,,,,,,,,,,,,,,,,,,,,,,,,,,,,,,,,,,,,,,,,,,,,,,,,,,,,,,,,,,,,,,,,,,,,,,,,,,,,,,,,,,,,,,,,,,,,,,,,,,,,,,,,,,,,,,,,,,,,,,,,,,,,,,,,,,,,,,,,,,,,,,,,,,,,,,,,,,,,,,,,,,,
Hylobates_agilis,APE_Hylobatidae_Hylobates_agilis,1.02,8.67419694,4.512616204,Trichromatic,Pair,4.17,Absent,Discrete,Low,Monogamous,,,,No,6,5.71,6.3,D,Frugivore,AR,4,1,Forest,91.16,90.93,5880,5820,1.01,,1,1,1,1138,,724,528,0.16,2398,25.4,1743.6,1792,0.29,1.3,2.1394,58,39,1,,,,,,Monogamy,Pair,Bisexual,Yes,,,,,1138,,724,,49,,,,,,,,,,,,,,,,,,,,,,,,,,,,,,,,,,,,,,,,,,,,,,,,,,,,,,,,,,,,,,,,,,,,,,,,,,,,,,,,,,,,,,,,,,,,,,,,,,,,,,,,,,,,,,,,,,,,,,,,,,,,,,,,,,,,,,,,,,,,,,,,,,,,,,,,,,,,,,,,,,,,,,,,,,,,,,,,,,,,,,,,,,,,,,,,,,,,,,
Hylobates_klossii,APE_Hylobatidae_Hylobates_klossii,1,8.664750756,4.477223172,Trichromatic,Pair/Multimale,,Absent,Discrete,Low,Monogamous,210,330,0.61,No,5.8,5.67,5.92,D,Frugivore,AR,4,1,Forest,87.99,90.55,5670,5920,0.958,,0.9,1,1.11,,213,335,444,,,,,,0.32,1.5,2.35,72,2,26,0.966,,,,,Monogamy,Pair,Bisexual,Yes,,,,,,213,335,,37,,Monogamous,No,1,,4.3,5670,5920,0.958,16.06,16.62,0.966,5670,,,5670,0,0,0,0,0,0,0,0,0,0,0,0,0,,,,,,,,,,,,,,,,,,,,,,,,,,,,,,,,,,,,,,,,,,,,,,,,,,,,,,,,,,,,,,,,,,,,,,,,,,,,,,,,,,,,,,,,,,,,,,,,,,,,,,,,,,,,,,,,,,,,,,,,,,,,,,,,,,,,,,,,,,,,,,,,,,,,,,,,,,,,,,,,,,,,,,,,,
Hylobates_lar,APE_Hylobatidae_Hylobates_lar,1.01,8.629628621,4.623697491,Trichromatic,Pair,8.93,Absent,Discrete,Low,Monogamous,205,548,0.73,No,5.64,5.92,5.36,D,Frugivore,AR,4,1,Forest,101.87,100.49,5809.2,5380.9,1.08,3.3,1,1,1,983.67,217,725.86,480,13.68,1727.4,23,1278.1,1612.3,0.32,1.6,2.5066,64,24.7,9.7,1.16,33.87,23.33,33.1,7.57,Monogamy,Pair,Bisexual,Yes,5595,101.5,406,1,1251,210,745,10,52,0.071,Monogamous,No,1,1,4.4,5900,5340,1.105,18.32,15.79,1.16,5900,5.5,5500,5767,0,0,0,0,0,0,0,0,0,0,0,0,0,1071,123.4,,,,,,,,,,,,,,,,,,,,,,,,,,,,,,,,,,,,,,,,,,,,,,,,,21.8,18,1278,2,,,,,,,,,,,,,,2.6,17.7,,6,93644.16,2249.16,11792.31,1459,5716,76001,43.9,,1264,302,3902,4784,1136,2141.5,61802.5,40944,31.2,3226,629,777,715,61.6,302,4293.5,160.67,,407,3.92,4.12,4.88,234,262,80,578,,,,,,,,,,,,,,,,,,,,,,,,,,,,,,,,,,,,,,,,,,,,,,,,,,,,,,,,,,,,,,,,
Hylobates_moloch,APE_Hylobatidae_Hylobates_moloch,1,,,Trichromatic,Pair,,Absent,Discrete,Low,Monogamous,,,,No,6.42,6.58,6.25,D,Frugivore,AR,4,1,Forest,,,6580,6250,1.053,,,,,730,243,724,540,-7,2119.1,23.8,1601.1,1755.4,0.12,1.4,3.5816,61,38,0,,,,,,Monogamy,Pair,Bisexual,Yes,,,,,730,243,724,,45,,,,,,,,,,,,,,,,,,,,,,,,,,,,,,,,,,,,,,,,,,,,,,,,,,,,,,,,,,,,,,,,,,,,,,,,,,,,,,,,,,,,,,,,,,,,,,,,,2.6,19.9,,6,,,,,,,,,,,,,,,,,,,,,,,,,,,,,,,,,,,,,,,,,,,,,,,,,,,,,,,,,,,,,,,,,,,,,,,,,,,,,,,,,,,,,,,,,,,,,,,,,,
Hylobates_muelleri,APE_Hylobatidae_Hylobates_muelleri,1.02,8.669227347,4.4441795,Trichromatic,Pair,,Absent,Discrete,Low,Monogamous,195,,,No,5.35,5.44,5.27,D,Frugivore,AR,4,1,Forest,85.13,86.95,5632.3,6010.3,0.937,,,,,1095,206.7,,684,1.13,2665.3,24,1679.4,1707.8,0.26,0.9,1.5642,62,32,2,,,,,4,Monogamy,Pair,Bisexual,Yes,,,,,1080,207,,,60,,Monogamous,No,,,3.4,,,1.067,19.6,18.6,1.054,5710,,,5710,0,0,1,0,0,0,0,0,0,0,1,1,2,,,,,,,,,,,,,,,,,,,,,,,,,,,,,,,,,,,,,,,,,,,,,,,,,,,43.8,37.3,1679,2,,,,,,,,,,,,,,,,,,98262.77,,,,,,,,,,,,,,,,,,,,,,,,,,512,,,,222,572,284,1078,,,,,,,,,,,,,,,,,,,,,,,,,,,,,,,,,,,,,,,,,,,,,,,,,,,,,,,,,,,,,,,,
Hylobates_pileatus,APE_Hylobatidae_Hylobates_pileatus,1,8.607033895,4.438997531,Trichromatic,Pair,,Absent,Discrete,Low,Monogamous,,,,No,5.47,5.5,5.44,D,Frugivore,AR,4,1,Forest,84.69,83.83,5500,5440,1.011,,1,1,1,,228,635.13,432,12.92,1576,26,1202.4,1711.5,0.23,1.3,2.4023,67.5,20,11,0.993,,,,,Monogamy,Pair,Bisexual,Yes,,,,,,228,,,38,,Monogamous,No,,,4,5500,5440,1.011,16.75,16.87,0.993,5500,,,5500,0,0,1,0,0,0,1,0,0,2,3,4,11.5,,,,,,,,,,,,,,,,,,,,,,,,,,,,,,,,,,,,,,,,,,,,,,,,,,,,,,,,,,,,,,,,,,,,,,,,,,,,,,,,,,,,,,,,,,,,,,,,,,,,,,,,,,,,,,,,,,,,,,,,,,,,,,,,,,,,,,,,,,,,,,,,,,,,,,,,,,,,,,,,,,,,,,,,,
Indri_indri,STR_Indriidae_Indri_indri,1.01,8.753845093,3.549904702,Polymorphic,Pair,,Absent,Discrete,Low,Monogamous,159,363,0.7,Yes,6.465,5.83,6.84,D,Folivore,AR,5,1,Forest,34.81,34.14,5830,6840,0.852,3.2,1,1,1,912.5,136.5,331.34,,-17.23,1871.1,20,1342.6,1594.8,0.12,0.25,0.6396,43,57,,0.996,42,3,50,1.5,Monogamy,Pair,Bisexual,,6335,34.8,,,,135,365,7,,,,,,,,,,,,,,,,,,,,,,,,,,,,,,,,,,,,,,,,,,,,,,,,,,,,,,,,,,,,,,,,,,,,,,,,,,,,,,,,,12.5,12,1343,2,,,,,,,,,,,,,,,,,,35978.67,1342.01,5504,978,2911,25551,168,2.32,838,205,1855,1855,848,1520,20114,,,,,,,,,1648,99.6,,,3.44,4.9,3.68,100,170,66,334,,,,,,,,,,,,,,,,,,,,,,,,,,,,,,,,,,,,,,,,,,,,,,,,,,,,,,,,,,,,,,,,
Leontopithecus_chrysopygus,PLA_Callitrichidae_Leontopithecus_chrysopygus,,,,Polymorphic,Pair/Multimale,,Present,,Low,Monogamous,,,,,0.615,,,D,Frugivore,AR,4,1,Forest,,,,,,3.6,,,,,,,214.8,-21.99,1272.6,21.9,1229.4,1390.2,0.83,,,,,,,35.8,33,14.4,,,Pair,Bisexual,,,,,,,,,,17.9,,,,,,,,,,,,,,,,,,,,,,,,,,,,,,,,,,,,,,,,,,,,,,,,,,,,,,,,,,,,,,,,,,,,,,,,,,,,,,,,,,,,,,,,,,,,,,,,,,,,,,,,,,,,,,,,,,,,,,,,,,,,,,,,,,,,,,,,,,,,,,,,,,,,,,,,,,,,,,,,,,,,,,,,,,,,,,,,,,,,,,,,,,,,,,,,,,,,,,
Lepilemur_edwardsi,STR_Lepilemuridae_Lepilemur_edwardsi,,6.836259277,1.981001469,Dichromatic,Pair,1.56,Absent,Discrete,High,Monogamous,,,,Yes,0.975,0.928,0.934,N,Folivore,AR,4,1,Forest,7.25,8,928,934,0.994,2,,,,,,,,-17.31,1142,25.5,963.2,1571.2,0.08,,,,,,,,,,,,Solitary,Bisexual,No,,,,,,,,,,,,,,,,,,,,,,,,,,,,,,,,,,,,,,,,,,,,,,,,,,,,,,,,,,,,,,,,,,,,,,,,,,,,,,,,,,,,,,,,,,,,,,,,,,,,,,,,,,,,,,,,,,,,,,,,,,,,,,,,,,,,,,,,,,,,,,,,,,,,,,,,,,,,,,,,,,,,,,,,,,,,,,,,,,,,,,,,,,,,,,,,,,,,,,,,,,,,,,,
Lepilemur_ruficaudatus,STR_Lepilemuridae_Lepilemur_ruficaudatus,1.02,6.690842277,2.1102132,Dichromatic,Pair,,Absent,Discrete,Low,Monogamous,150,119,0.44,Yes,0.78,0.729,0.7185,N,Folivore,AR,5,1,Forest,8.25,7,806,803,1.004,1,1,1,,,135.92,119.32,,-21.58,578.9,23.9,789.1,1602.6,0.008,,,,,,1.179,,,,,Spatial Polygyny,Solitary,Bisexual,No,,,,,,136,122,,,,,,,,,,,,,,,,,,,,,,,,,,,,,,,,,27.6,,,,,,,,,,,,,,,,,,,,,,,,,,,,,,,,,,,,,,,,,,,,,,,,,,,,,,,,,,,,,,,,,,,,,,7234.11,449.28,1165,260,593,4708,113,2.72,302,56.7,366,366,194,392,3282,,4.89,337,114,58.1,55.2,2.91,20.7,326,15.6,170,133,1.38,1.82,2.3,,,,,,,,,,,,,,,,,,,,,,,,,,,,,,,,,,,,,,,,,,,,,,,,,,,,,,,,,,,,,,,,,,,,
Nomascus_concolor,APE_Hylobatidae_Nomascus_concolor,1.01,,,Trichromatic,Pair/Unimale,0.36,Absent,Discrete,Low,Monogamous,,,,No,7.69,7.77,7.62,D,Folivore_frugivore,AR,5,1,Forest,,,7790,7620,1.022,,,,,821.25,207,635.13,529.2,22.7,1196.2,17.3,1062.3,1242.1,0.87,1.3,1.2352,22.5,63,7,1.125,,,,,Monogamy,Pair,Bisexual,,,,,,821,207,724,,46.1,,Monogamous,No,1,,4,7790,7620,1.022,19.11,16.98,1.125,7790,,,7790,0,0,0,0,0,0,1,0,0,0,0,1,4,,,,,,,,,,,,,,,,,,,,,,,,,,,,,,,,,,,,,,,,,,,,,,,,,,,51.8,51.8,1062,2,6550,6475.67,137.79,58.19,135.64,35.21,293,344.53,94.1,250.43,25.45,892.02,74.33,,,,,115800,,,,,,,,,,3988,,,1900,,,,,,,,,,,,,637,,,,,,,,,,,,,,,,,,,,,,,,,,,,,,,,,,,,,,,,,,,,,,,,,,,,,,,,,,,,,,,,,,,,,,,
Nomascus_gabriellae,APE_Hylobatidae_Nomascus_gabriellae,,8.904494329,4.782311683,Trichromatic,Pair,0.59,Absent,Discrete,,Monogamous,,,,No,5.2,,5.2,D,Folivore_frugivore,AR,4,1,Forest,119.38,117.25,7410,7320,1.012,,,,,,,,,,,,,,,,,,,,,,,,,,Pair,Bisexual,,,,,,,,,,,,,,,,,,,,,,,,,,,,,,,,,,,,,,,,,,,,,,,,,,,,,,,,,,,,,,,,,,,,,,,,,,,,,,,,,,,,,,,,,,,,,,,,,,,,,,,,,,,,,,,,,,,,,,,,,,,,,,,,,,,,,,,,,,,,,,,,,,,,,,,,,,,,,,,,,,,,,,,,,,,,,,,,,,,,,,,,,,,,,,,,,,,,,,,,,,,,,,,,
Nomascus_leucogenys,APE_Hylobatidae_Nomascus_leucogenys,,8.782629655,4.803775113,Trichromatic,Pair,0.59,Absent,Discrete,Low,Monogamous,202,,,No,6.5,6.4,6.6,D,Folivore_frugivore,AR,5,1,Forest,,,,,,,,,,,,,,20.91,1234.1,19.1,1050.9,1289.1,,1.3,,39,53,4,,,,,,,Pair,Bisexual,,,,,,,,,,44.1,,,,,,,,,,,,,,,,,,,,,,,,,,,,,,,,,,,,,,,,,,,,,,,,,,,,,,,,,,,,,,,,,,,,,,,,,,,,,,,,,,,,,,,,,,,,,,,,,,,,,,,,,,,,,,,,,,,,,,,,,,,,,,,,,,,,,,,4.35034632,,0.6767,186.5,,0,0,0.25,8,8.285329004,6.932,9.75,107.625,,305,1.15,1,80,,,164.5,47.5,15.2,,,33,2598,,24,75.5,32,3,238,0,0,63,4984,2.6,,4.35,6.3,20.5,26,150.5,6.65,,,7.9,,,,,,,,,,,,150,6.85,,,
Plecturocebus_donacophilus,PLA_Pitheciidae_Plecturocebus_donacophilus,1.02,,,Polymorphic,Pair,,,,,Monogamous,,,,,0.95,0.991,0.909,D,Frugivore,AR,1,1,Forest/Savanna/Wetlands,,,991,909,1.09,,,,,,,,300,-15.87,1089.3,24.4,1238.2,1469.1,,,,,,,,,,,,,Pair,Bisexual,,,,,,,,,,25,,,,,,,,,,,,,,,,,,,,,,,,,,,,,,,,,,,,,,,,,,,,,,,,,,,,,,,,,,,,,,,,,,,,,,,,,,,,,,,,,,,,,,,,,,,,,,,,,,,,,,,,,,,,,,,,,,,,,,,,,,,,,,,,,,,,,,,,,,,,,,,,,,,,,,,,,,,,,,,,,,,,,,,,,,,,,,,,,,,,,,,,,,,,,,,,,,,,,,
Plecturocebus_moloch,PLA_Pitheciidae_Plecturocebus_moloch,1.01,6.774223886,2.863913699,Polymorphic,Pair,3.85,,,,Monogamous,164,60,0.27,Yes,0.99,1.02,0.956,D,Omnivore,AR,1,,Forest,,,1020,956,1.067,3.3,1,1,1,365,163,58.85,303.6,-7.7,1740.3,24.6,1330.5,1530.3,0.07,0.55,1.8423,53.7,33,9,1.079,,,,,Monogamy,Pair,Bisexual,Yes,,,,,365,163,244,,26.2,,Monogamous,No,1,1,3.5,1020,956,1.063,4.36,4.04,1.079,1020,,,1020,0,0,0,0,0,0,0,0,0,0,0,0,0,,,,,,,,,,,,,,,,,,,,,,,,,,,,,,,,,,,,,,,,,,,,,,,,,,,36.5,61.5,1330,0,,,,,,,,,,,,,,1.9,13.1,,4,16071.8,786.82,1287,469,,,,,,,721,721,,,8016.5,5120,,,,,,,,1020.5,30,,,2,2.36,1.96,,,,,,,,,,,,,,,,,,,,,,,,,,,,,,,,,,,,,,,,,,,,,,,,,,,,,,,,,,,,,,,,,,,,
Saguinus_midas,PLA_Callitrichidae_Saguinus_midas,2.02,6.333279628,2.280339484,Polymorphic,Unimale/Multimale,2,Present,Overlap,Low,Monogamous,127,70,0.36,,0.56,0.535,0.591,D,Omnivore,AR,1,2,Forest/Savanna,9.78,9.98,535,591,0.905,,,,,206.83,127,69.6,184.8,-0.17,1606.8,25.3,1441.5,1667,0.05,,,,,,0.991,,,,,Polyandry,Pair,Bisexual,No,425,9.8,40,1.8,240,154,70,2,21,0.572,Polyandrous,No,,,5.8,515,575,0.897,5.37,5.42,0.991,520,1.83,570,535,0,0,0,0,0,0,0,0,0,0,0,0,0,,,,,,,,,,,,,,,,,,,,,,,,,,,,,,,,,,,,,,,,,,,,,,,,,,,20,16.5,1441,2,,,,,,,,,,,,,,,,,,9643.83,428.47,1061,332,692,7055,17.3,0.29,243,40.9,471,471,120,280,5883,,,,,,,,,841,36.8,,,1.04,1.26,1.12,,,,,,,,,,,,,,,,,,,,,,,,,,,,,,,,,,,,,,,,,,,,,,,,,,,,,,,,,,,,,,,,,,,,
Symphalangus_syndactylus,APE_Hylobatidae_Symphalangus_syndactylus,1.02,9.332115429,4.816241156,Trichromatic,Pair/Multimale,,Present,Discrete,Low,Monogamous,232,639,0.73,No,11.3,11.9,10.7,D,Folivore_frugivore,AR,4,1,Forest,123.5,122.45,11880,10710,1.109,4,1,1,1,1003.75,231,635.38,456,0.14,2267.2,24.2,1676.5,1761,0.313,0.75,1.189,44.2,42.4,9.4,1.189,35.6,16.8,35.3,5.3,Monogamy,Pair,Bisexual,No,11295,123.5,553.4,1,986,232,639,9,43,0.085,Monogamous,No,1,,3.6,11900,10700,1.112,21.45,18.04,1.189,11900,11.95,12270,12023,0,0,0,0,0,0,0,0,0,1,1,1,3.5,,,,,,,,,,,,,,,,,,,,,,,,,,,,,,,,,,,,,,,,,,,,,,,,,,,,,,,8500,7913.4,142.97,51.45,115.79,43.72,293.72,406.85,138.46,268.39,22.71,934.24,586.6,,,,,133890,,,,,,,,,,,,,,,,,,,,,,,5400,,,,,,,396,294,142,832,,,,,,,,,,,,,,,,,,,,,,,,,,,,,,,,,,,,,,,,,,,,,,,,,,,,,,,,,,,,,,,,
Alouatta_arctoidea,PLA_Atelidae_Alouatta_arctoidea,,,,Trichromatic,,,,,,,,,,,6.37,7,5.75,D,Folivore,AR,1,,Forest/Savanna,,,,,,,,,,,,,,,,,,,,,,,,,,,,,,,,,,,,,,,,,,,,,,,,,,,,,,,,,,,,,,,,,,,,,,,,,,,,,,,,,,,,,,,,,,,,,,,,,,,,,,,,,,,,,,,,,,,,,,,,,,,,,,,,,,,,,,,,,,,,,,,,,,,,,,,,,,,,,,,,,,,,,,,,,,,,,,,,,,,,,,,,,,,,,,,,,,,,,,,,,,,,,,,,,,,,,,,,,,,,,,,,,,,,,,,,,,,,,,,,
Alouatta_belzebul,PLA_Atelidae_Alouatta_belzebul,,8.763271714,3.96726848,Trichromatic,Unimale/Multimale,4,,,,,,,,,6.4,7.27,5.52,D,Folivore_frugivore,AR,3,1,Forest,52.84,51.19,7270,5520,1.317,7,1,1,1,,,,,-6.8,1643.5,24.9,1286.6,1549.8,,,,57.3,19.1,0,1.811,13.75,18.75,57.3,10,,,,,,,,,,,,,,,,,,,,,,,,,,,,,,,,,,,,,,,,,,,,,,,,,,,,,,,,,,,,,,,,,,,,,,,,,,,,,,,,,,,,,,,,,,,,,,,,,,,,,,,,,,,,,,,,,,,,,,,,,,,,,,,,,,,,,,,,,,,,,,,,,,,,,,,,,,,,,,,,,,,,,,,,,,,,,,,,,,,,,,,,,,,,,,,,,,,,,,,,,,,,,,,,,,,
Alouatta_discolor,PLA_Atelidae_Alouatta_discolor,,,,Trichromatic,,,,,,,,,,,6.37,7.25,5.5,D,Folivore_frugivore,AR,3,1,Forest,,,,,,,,,,,,,,,,,,,,,,,,,,,,,,,,,,,,,,,,,,,,,,,,,,,,,,,,,,,,,,,,,,,,,,,,,,,,,,,,,,,,,,,,,,,,,,,,,,,,,,,,,,,,,,,,,,,,,,,,,,,,,,,,,,,,,,,,,,,,,,,,,,,,,,,,,,,,,,,,,,,,,,,,,,,,,,,,,,,,,,,,,,,,,,,,,,,,,,,,,,,,,,,,,,,,,,,,,,,,,,,,,,,,,,,,,,,,,,,,
Alouatta_guariba,PLA_Atelidae_Alouatta_guariba,,8.551594618,3.945457782,Trichromatic,Pair/Unimale/Multimale,0.31,,,,,,,,,5.54,6.73,4.35,D,Folivore_frugivore,AR,1,1,Forest,51.7,49.08,5800,4550,1.275,6.53,1.37,2.2,1.61,,,,,-21.13,1332.3,19.6,1225.7,1332.2,0.03,,,5.2,73,0,1.783,18.33,14.33,64.37,3,,Polygyny,,,4550,49.1,,,,,,,,,Polygynous,Yes,,,6.5,6730,4350,1.547,13.98,5.78,2.419,6730,8.85,6700,6720,0,0,1,0,0,0,1,0,0,0,1,2,4.5,,,,,,,,,,,,,,,,,,,,,,,,,,,,,,,,,,,,,,,,,,,,,,,,,,,,,,,,,,,,,,,,,,,,,,,,,,,,,,,,,,,,,,,,,,,,,,,,,,,,,,,,,,,,,,,,,,,,,,,,,,,,,,,,,,,,,,,,,,,,,,,,,,,,,,,,,,,,,,,,,,,,,,,,,
Alouatta_macconnelli,PLA_Atelidae_Alouatta_macconnelli,,,,Trichromatic,Unimale/Multimale,,,,,,,,,,6.37,7.2,5.55,D,Folivore,AR,1,,Forest/Savanna,,,,,,,,,,,,,,,,,,,,,,,,,,,,,,,,,,,,,,,,,,,,,,,,,,,,,,,,,,,,,,,,,,,,,,,,,,,,,,,,,,,,,,,,,,,,,,,,,,,,,,,,,,,,,,,,,,,,,,,,,,,,,,,,,,,,,,,,,,,,,,,,,,,,,,,,,,,,,,,,,,,,,,,,,,,,,,,,,,,,,,,,,,,,,,,,,,,,,,,,,,,,,,,,,,,,,,,,,,,,,,,,,,,,,,,,,,,,,,,,
Alouatta_nigerrima,PLA_Atelidae_Alouatta_nigerrima,,,,Trichromatic,Unimale,,,,,,,,,,6.45,,,D,Folivore_frugivore,AR,1,,Forest/Savanna,,,,,,,,,,,,,,,,,,,,,,,,,,,,,,,,,,,,,,,,,,,,,,,,,,,,,,,,,,,,,,,,,,,,,,,,,,,,,,,,,,,,,,,,,,,,,,,,,,,,,,,,,,,,,,,,,,,,,,,,,,,,,,,,,,,,,,,,,,,,,,,,,,,,,,,,,,,,,,,,,,,,,,,,,,,,,,,,,,,,,,,,,,,,,,,,,,,,,,,,,,,,,,,,,,,,,,,,,,,,,,,,,,,,,,,,,,,,,,,,
Alouatta_ululata,PLA_Atelidae_Alouatta_ululata,,,,Trichromatic,,,,,,,,,,,4.7,,,D,Folivore_frugivore,AR,4,1,Forest,,,,,,,,,,,,,,,,,,,,,,,,,,,,,,,,,,,,,,,,,,,,,,,,,,,,,,,,,,,,,,,,,,,,,,,,,,,,,,,,,,,,,,,,,,,,,,,,,,,,,,,,,,,,,,,,,,,,,,,,,,,,,,,,,,,,,,,,,,,,,,,,,,,,,,,,,,,,,,,,,,,,,,,,,,,,,,,,,,,,,,,,,,,,,,,,,,,,,,,,,,,,,,,,,,,,,,,,,,,,,,,,,,,,,,,,,,,,,,,,
Aotus_brumbacki,PLA_Aotidae_Aotus_brumbacki,,,,Monochromatic,,,,,,,,,,,0.67,,,N,Omnivore,AR,3,1,Forest/Savanna,,,,,,3,1,1,1,,,,,,,,,,,,,,,,,,,,,,,,,,,,,,,,,,,,,,,,,,,,,,,,,,,,,,,,,,,,,,,,,,,,,,,,,,,,,,,,,,,,,,,,,,,,,,,,,,,,,,,,,,,,,,,,,,,,,,,,,,,,,,,,,,,,,,,,,,,,,,,,,,,,,,,,,,,,,,,,,,,,,,,,,,,,,,,,,,,,,,,,,,,,,,,,,,,,,,,,,,,,,,,,,,,,,,,,,,,,,,,,,,,,,,,
Aotus_jorgehernandezi,PLA_Aotidae_Aotus_jorgehernandezi,,,,Monochromatic,,,,,,,,,,,,,,N,,AR,,,Forest,,,,,,,,,,,,,,,,,,,,,,,,,,,,,,,,,,,,,,,,,,,,,,,,,,,,,,,,,,,,,,,,,,,,,,,,,,,,,,,,,,,,,,,,,,,,,,,,,,,,,,,,,,,,,,,,,,,,,,,,,,,,,,,,,,,,,,,,,,,,,,,,,,,,,,,,,,,,,,,,,,,,,,,,,,,,,,,,,,,,,,,,,,,,,,,,,,,,,,,,,,,,,,,,,,,,,,,,,,,,,,,,,,,,,,,,,,,,,,,,
Aotus_lemurinus,PLA_Aotidae_Aotus_lemurinus,1,6.598509029,2.791165108,Monochromatic,Pair,,,,,,,,,,0.89,0.921,0.859,N,Omnivore,AR,3,1,Forest,16.3,16.25,752.8,716.1,1.051,,,,,,135,76,405.6,,,,,,,,,,,,1.171,,,,,Monogamy,Pair,,,716,16.3,,,365,133,75,,33.8,,,,,,,,,,,,,,,,,,,,,,,,,,,,,,,,,,,,,,,,,,,,,,,,,,,,,,,,,,,,,,,,,,,,,,,,,,,,,,,,18.8,48.8,1490,0,,,,,,,,,,,,,,,,,,,,,,,,,,,,,,,,,,,,,,,,,,,,,,,,,,,,,,,,,,,,,,,,,,,,,,,,,,,,,,,,,,,,,,,,,,,,,,,,,,,,,,,,,,,,,,,,,,,
Aotus_miconax,PLA_Aotidae_Aotus_miconax,,,,Monochromatic,,,,,,,,,,,0.8,,,N,Omnivore,AR,3,1,Forest,,,,,,,,,,,,,,,,,,,,,,,,,,,,,,,,,,,,,,,,,,,,,,,,,,,,,,,,,,,,,,,,,,,,,,,,,,,,,,,,,,,,,,,,,,,,,,,,,,,,,,,,,,,,,,,,,,,,,,,,,,37,78.5,1334,0,,,,,,,,,,,,,,,,,,,,,,,,,,,,,,,,,,,,,,,,,,,,,,,,,,,,,,,,,,,,,,,,,,,,,,,,,,,,,,,,,,,,,,,,,,,,,,,,,,,,,,,,,,,,,,,,,,,
Aotus_nigriceps,PLA_Aotidae_Aotus_nigriceps,,,,Monochromatic,Pair,,,,,,,,,,0.96,0.875,1.04,N,Frugivore,AR,1,,Forest,,,875,1040,0.841,4.1,1,1,1,,,,,-7.72,1807.1,25.2,1432.2,1570.5,0.105,0.708,1.9363,60,,,,,,,,,,,,,,,,,,,,,,,,,,,,,,,,,,,,,,,,,,,,,,,,,,,,,,,,,,,,,,,,,,,,,,,,,,,,,,,,,,,,,,,,,,,,,,,,,,,,30.5,53,1432,0,,,,,,,,,,,,,,,,,,,,,,,,,,,,,,,,,,,,,,,,,,,,,,,,,,,,,,,,,,,,,,,,,,,,,,,,,,,,,,,,,,,,,,,,,,,,,,,,,,,,,,,,,,,,,,,,,,,
Aotus_vociferans,PLA_Aotidae_Aotus_vociferans,1.02,,,Monochromatic,Pair,0.68,,,,,,,,,0.7,0.708,0.698,N,Frugivore,AR,1,1,Forest,,,708,698,1.014,3.3,1,1,1,,,,265.2,1.06,2174.4,25.3,1476.4,1511.6,,,,,,,,,,,,,,,,,,,,,,,,22.1,,,,,,,,,,,,,,,,,,,,,,,,,,,,,,,,,,,,,,,,,,,,,,,,,,,,,,,,,,,,,,,,,,,,,,,,,,,,,,,,,,,,,,,,,,,,,,,,,,,,,,,,,,,,,,,,,,,,,,,,,,,,,,,,,,,,,,,,,,,,,,,,,,,,,,,,,,,,,,,,,,,,,,,,,,,,,,,,,,,,,,,,,,,,,,,,,,,,,,
Aotus_zonalis,PLA_Aotidae_Aotus_zonalis,,,,Monochromatic,,,,,,,,,,,0.9,0.889,0.916,N,Frugivore,AR,,,Forest,,,,,,,,,,,,,,,,,,,,,,,,,,,,,,,,,,,,,,,,,,,,,,,,,,,,,,,,,,,,,,,,,,,,,,,,,,,,,,,,,,,,,,,,,,,,,,,,,,,,,,,,,,,,,,,,,,,,,,,,,,,,,,,,,,,,,,,,,,,,,,,,,,,,,,,,,,,,,,,,,,,,,,,,,,,,,,,,,,,,,,,,,,,,,,,,,,,,,,,,,,,,,,,,,,,,,,,,,,,,,,,,,,,,,,,,,,,,,,,,
Ateles_chamek,PLA_Atelidae_Ateles_chamek,,,,Polymorphic,Multimale,,,,,,,,,,9.37,9.41,9.33,D,Frugivore,AR,4,1,Forest,,,,,,,,,,,,,,,,,,,,,,,,,,,,,,,,,,,,,,,,,,42.8,,,,,,,,,,,,,,,,,,,,,,,,,,,,,,,,,,,,,,,,,,,,,,,,,,,,,,,,,,,,,,,,,,,,,,,,,,,,,,,,,,,,,,,,,,,,,,,,,,,,,,,,,,,,,,,,,,,,,,,,,,,,,,,,,,,,,,,,,,,,,,,,,,,,,,,,,,,,,,,,,,,,,,,,,,,,,,,,,,,,,,,,,,,,,,,,,,,,,,
Ateles_hybridus,PLA_Atelidae_Ateles_hybridus,,8.969796306,4.635214307,Polymorphic,Multimale,,,,,,,,,,8.6,8.25,9,D,Folivore_frugivore,AR,5,1,Forest,,,,,,,,,,,,,,,,,,,,,,,,,,,,,,,,,,,,,,,,,,,,,,,,,,,,,,,,,,,,,,,,,,,,,,,,,,,,,,,,,,,,,,,,,,,,,,,,,,,,,,,,,,,,,,,,,,,,,,,,,,,,,,,,,,,,,,,,,,,,,,,,,,,,,,,,,,,,,,,,,,,,,,,,,,,,,,,,,,,,,,,,,,,,,,,,,,,,,,,,,,,,,,,,,,,,,,,,,,,,,,,,,,,,,,,,,,,,,,,,
Ateles_marginatus,PLA_Atelidae_Ateles_marginatus,,,,Polymorphic,Multimale,,,,,,,,,,6.96,10.4,5.8,D,Frugivore,AR,4,1,Forest,,,,,,,,,,,,,,,,,,,,,,,,,,,,,,,,,,,,,,,,,,44,,,,,,,,,,,,,,,,,,,,,,,,,,,,,,,,,,,,,,,,,,,,,,,,,,,,,,,,,,,,,,,,,,,,,,,,,,,,,,,,,,,,,,,,,,,,,,,,,,,,,,,,,,,,,,,,,,,,,,,,,,,,,,,,,,,,,,,,,,,,,,,,,,,,,,,,,,,,,,,,,,,,,,,,,,,,,,,,,,,,,,,,,,,,,,,,,,,,,,
Avahi_betsileo,STR_Indriidae_Avahi_betsileo,,,,Dichromatic,Pair,,,,,,,,,,1,0.8,1.05,N,,AR,4,1,Forest,,,,,,,,,,,,,,,,,,,,,,,,,,,,,,,,,,,,,,,,,,,,,,,,,,,,,,,,,,,,,,,,,,,,,,,,,,,,,,,,,,,,,,,,,,,,,,,,,,,,,,,,,,,,,,,,,,,,,,,,,,,,,,,,,,,,,,,,,,,,,,,,,,,,,,,,,,,,,,,,,,,,,,,,,,,,,,,,,,,,,,,,,,,,,,,,,,,,,,,,,,,,,,,,,,,,,,,,,,,,,,,,,,,,,,,,,,,,,,,,
Avahi_cleesei,STR_Indriidae_Avahi_cleesei,,,,Dichromatic,Pair,,,,,,,,,,0.99,1,1.058,N,Folivore,AR,4,1,Forest,,,,,,,,,,,,,,,,,,,,,,,,,,,,,,,,,,,,,,,,,,,,,,,,,,,,,,,,,,,,,,,,,,,,,,,,,,,,,,,,,,,,,,,,,,,,,,,,,,,,,,,,,,,,,,,,,,,,,,,,,,,,,,,,,,,,,,,,,,,,,,,,,,,,,,,,,,,,,,,,,,,,,,,,,,,,,,,,,,,,,,,,,,,,,,,,,,,,,,,,,,,,,,,,,,,,,,,,,,,,,,,,,,,,,,,,,,,,,,,,
Avahi_meridionalis,STR_Indriidae_Avahi_meridionalis,,,,Dichromatic,Pair,,,,,,,,,,1.18,1.1,1.2,N,Folivore,AR,4,1,Forest,,,,,,,,,,,,,,,,,,,,,,,,,,,,,,,,,,,,,,,,,,,,,,,,,,,,,,,,,,,,,,,,,,,,,,,,,,,,,,,,,,,,,,,,,,,,,,,,,,,,,,,,,,,,,,,,,,,,,,,,,,,,,,,,,,,,,,,,,,,,,,,,,,,,,,,,,,,,,,,,,,,,,,,,,,,,,,,,,,,,,,,,,,,,,,,,,,,,,,,,,,,,,,,,,,,,,,,,,,,,,,,,,,,,,,,,,,,,,,,,
Avahi_mooreorum,STR_Indriidae_Avahi_mooreorum,,,,,,,,,,,,,,,0.92,,,N,Folivore,AR,4,1,Forest,,,,,,,,,,,,,,,,,,,,,,,,,,,,,,,,,,,,,,,,,,,,,,,,,,,,,,,,,,,,,,,,,,,,,,,,,,,,,,,,,,,,,,,,,,,,,,,,,,,,,,,,,,,,,,,,,,,,,,,,,,,,,,,,,,,,,,,,,,,,,,,,,,,,,,,,,,,,,,,,,,,,,,,,,,,,,,,,,,,,,,,,,,,,,,,,,,,,,,,,,,,,,,,,,,,,,,,,,,,,,,,,,,,,,,,,,,,,,,,,
Avahi_peyrierasi,STR_Indriidae_Avahi_peyrierasi,,,,Dichromatic,Pair,,,,,,,,,,1.055,,,N,Folivore,AR,3,1,Forest,,,,,,,,,,,,,,,,,,,,,,,,,,,,,,,,,,,,,,,,,,,,,,,,,,,,,,,,,,,,,,,,,,,,,,,,,,,,,,,,,,,,,,,,,,,,,,,,,,,,,,,,,,,,,,,,,,,,,,,,,,,,,,,,,,,,,,,,,,,,,,,,,,,,,,,,,,,,,,,,,,,,,,,,,,,,,,,,,,,,,,,,,,,,,,,,,,,,,,,,,,,,,,,,,,,,,,,,,,,,,,,,,,,,,,,,,,,,,,,,
Avahi_ramanantsoavanai,STR_Indriidae_Avahi_ramanantsoavanai,,,,Dichromatic,Pair,,,,,,,,,,0.97,0.896,1.019,N,,AR,3,1,Forest,,,,,,,,,,,,,,,,,,,,,,,,,,,,,,,,,,,,,,,,,,,,,,,,,,,,,,,,,,,,,,,,,,,,,,,,,,,,,,,,,,,,,,,,,,,,,,,,,,,,,,,,,,,,,,,,,,,,,,,,,,,,,,,,,,,,,,,,,,,,,,,,,,,,,,,,,,,,,,,,,,,,,,,,,,,,,,,,,,,,,,,,,,,,,,,,,,,,,,,,,,,,,,,,,,,,,,,,,,,,,,,,,,,,,,,,,,,,,,,,
Avahi_unicolor,STR_Indriidae_Avahi_unicolor,,,,Dichromatic,Pair,,,,,,,,,,0.85,,,N,Folivore,AR,4,1,Forest,,,,,,,,,,,,,,,,,,,,,,,,,,,,,,,,,,,,,,,,,,,,,,,,,,,,,,,,,,,,,,,,,,,,,,,,,,,,,,,,,,,,,,,,,,,,,,,,,,,,,,,,,,,,,,,,,,,,,,,,,,,,,,,,,,,,,,,,,,,,,,,,,,,,,,,,,,,,,,,,,,,,,,,,,,,,,,,,,,,,,,,,,,,,,,,,,,,,,,,,,,,,,,,,,,,,,,,,,,,,,,,,,,,,,,,,,,,,,,,,
Brachyteles_hypoxanthus,PLA_Atelidae_Brachyteles_hypoxanthus,,,,Polymorphic,Multimale,6.67,,,,,,,,,9,9.6,8.4,D,Folivore_frugivore,AR,5,1,Forest,,,,,,,,,,,,,,,,,,,,,,,,,,,,,,,,,,,,,,,,,,,,,,,,,,,,,,,,,,,,,,,,,,,,,,,,,,,,,,,,,,,,,,,,,,,,,,,,,,,,,,,,,,,,,,,,,,,,,,,,,,,,,,,,,,,,,,,,,,,,,,,,,,,,,,,,,,,,,,,,,,,,,,,,,,,,,,,,,,,,,,,,,,,,,,,,,,,,,,,,,,,,,,,,,,,,,,,,,,,,,,,,,,,,,,,,,,,,,,,,
Cacajao_ayresi,PLA_Pitheciidae_Cacajao_ayresi,,,,Polymorphic,Multimale,,,,,,,,,,,,,,,,1,1,,,,,,,,,,,,,,,,,,,,,,,,,,,,,,,,,,,,,,,,,,,,,,,,,,,,,,,,,,,,,,,,,,,,,,,,,,,,,,,,,,,,,,,,,,,,,,,,,,,,,,,,,,,,,,,,,,,,,,,,,,,,,,,,,,,,,,,,,,,,,,,,,,,,,,,,,,,,,,,,,,,,,,,,,,,,,,,,,,,,,,,,,,,,,,,,,,,,,,,,,,,,,,,,,,,,,,,,,,,,,,,,,,,,,,,,,,,,,,,,,
Cacajao_calvus,PLA_Pitheciidae_Cacajao_calvus,1.01,8.059908335,4.33073334,Polymorphic,Multimale,,,,,,,,,,3.17,3.45,2.88,D,Frugivore,AR,3,1,Forest,76,74.3,3450,2880,1.198,48,16,16,1,775.62,182,339.29,324,-5.73,2118.6,25.5,1516,1535.6,5.25,3.75,1.4504,18.4,3.3,5.2,1.255,,,,,Harem Polygyny,Polygynandry,,,2880,74.3,,,,180,638,3.58,35.8,,Multimale,No,,,35.1,3450,2880,1.198,13.58,10.82,1.255,3450,5.8,3450,3450,1,0,0,0,0,0,0,0,0,0,1,1,2,,,,,,,,,,,,,,,,,,,,,,,,,,,,,,,,,,,,,,,,,,,,,,,,,,,39.3,38,1516,2,,,,,,,,,,,,,,2.3,19.2,,4,,,,,,,,,,,,,,,,,,,,,,,,,,,,,,,,,,,,,,,,,,,,,,,,,,,,,,,,,,,,,,,,,,,,,,,,,,,,,,,,,,,,,,,,,,,,,,,,,,
Cacajao_hosomi,PLA_Pitheciidae_Cacajao_hosomi,,,,Polymorphic,Multimale,,,,,,,,,,,,,,,,3,1,,,,,,,,,,,,,,,,,,,,,,,,,,,,,,,,,,,,,,,,,,,,,,,,,,,,,,,,,,,,,,,,,,,,,,,,,,,,,,,,,,,,,,,,,,,,,,,,,,,,,,,,,,,,,,,,,,,,,,,,,,,,,,,,,,,,,,,,,,,,,,,,,,,,,,,,,,,,,,,,,,,,,,,,,,,,,,,,,,,,,,,,,,,,,,,,,,,,,,,,,,,,,,,,,,,,,,,,,,,,,,,,,,,,,,,,,,,,,,,,,
Cacajao_melanocephalus,PLA_Pitheciidae_Cacajao_melanocephalus,1,7.984462732,4.230767603,Polymorphic,Multimale,,,,,,,,,,2.94,3.16,2.71,D,Frugivore,AR,1,2,Forest,68.77,64.93,3160,2710,1.166,,,,,,,,216,0.53,2310.2,25.1,1581,1597.1,,,,28.8,4,2,,,,,,,,,,2710,64.9,,,,,639,,,,,,,,,,,,,,,,,,,,,,,,,,,,,,,,,,,,,,,,,,,,,,,,,,,,,,,,,,,,,,,,,,,,,,,,,,,,,,,,,,29,20,1581,2,,,,,,,,,,,,,,,,,,,,,,,,,,,,,,,,,,,,,,,,,,,,,,,,,,,,,,,,,,,,,,,,,,,,,,,,,,,,,,,,,,,,,,,,,,,,,,,,,,,,,,,,,,,,,,,,,,,
Cacajao_ouakary,PLA_Pitheciidae_Cacajao_ouakary,,,,,,,,,,,,,,,3.075,,,D,Frugivore,AR,3,1,Forest/Shrubland,,,,,,,,,,,,,,,,,,,,,,,,,,,,,,,,,,,,,,,,,,,,,,,,,,,,,,,,,,,,,,,,,,,,,,,,,,,,,,,,,,,,,,,,,,,,,,,,,,,,,,,,,,,,,,,,,,,,,,,,,,,,,,,,,,,,,,,,,,,,,,,,,,,,,,,,,,,,,,,,,,,,,,,,,,,,,,,,,,,,,,,,,,,,,,,,,,,,,,,,,,,,,,,,,,,,,,,,,,,,,,,,,,,,,,,,,,,,,,,,
Callibella_humilis,PLA_Callitrichidae_Callibella_humilis,,,,Polymorphic,,,,,,,,,,,0.12,,,D,Omnivore,AR,1,2,Forest,,,,,,,,,,,,,,,,,,,,,,,,,,,,,,,,,,,,,,,,,,,,,,,,,,,,,,,,,,,,,,,,,,,,,,,,,,,,,,,,,,,,,,,,,,,,,,,,,,,,,,,,,,,,,,,,,,,,,,,,,,,,,,,,,,,,,,,,,,,,,,,,,,,,,,,,,,,,,,,,,,,,,,,,,,,,,,,,,,,,,,,,,,,,,,,,,,,,,,,,,,,,,,,,,,,,,,,,,,,,,,,,,,,,,,,,,,,,,,,,
Callicebus_barbarabrownae,PLA_Pitheciidae_Callicebus_barbarabrownae,,,,Polymorphic,,,,,,,,,,,1.15,,,D,,AR,5,1,Savanna/Shrubland,,,,,,,,,,,,,,,,,,,,,,,,,,,,,,,,,,,,,,,,,,,,,,,,,,,,,,,,,,,,,,,,,,,,,,,,,,,,,,,,,,,,,,,,,,,,,,,,,,,,,,,,,,,,,,,,,,,,,,,,,,,,,,,,,,,,,,,,,,,,,,,,,,,,,,,,,,,,,,,,,,,,,,,,,,,,,,,,,,,,,,,,,,,,,,,,,,,,,,,,,,,,,,,,,,,,,,,,,,,,,,,,,,,,,,,,,,,,,,,,
Callicebus_coimbrai,PLA_Pitheciidae_Callicebus_coimbrai,,,,Polymorphic,Pair,,,,,,,,,,1.21,,1.165,D,Frugivore,AR,4,1,Forest/Savanna,,,,,,,,,,,,,,,,,,,,,,,,,,,,,,,,,,,,,,,,,,,,,,,,,,,,,,,,,,,,,,,,,,,,,,,,,,,,,,,,,,,,,,,,,,,,,,,,,,,,,,,,,,,,,,,,,,,,,,,,,,,,,,,,,,,,,,,,,,,,,,,,,,,,,,,,,,,,,,,,,,,,,,,,,,,,,,,,,,,,,,,,,,,,,,,,,,,,,,,,,,,,,,,,,,,,,,,,,,,,,,,,,,,,,,,,,,,,,,,,
Callicebus_melanochir,PLA_Pitheciidae_Callicebus_melanochir,,,,Polymorphic,,,,,,,,,,,1.37,,1.4,D,Frugivore,AR,3,1,Forest,,,,,,,,,,,,,,,,,,,,,,,,,,,,,,,,,,,,,,,,,,,,,,,,,,,,,,,,,,,,,,,,,,,,,,,,,,,,,,,,,,,,,,,,,,,,,,,,,,,,,,,,,,,,,,,,,,,,,,,,,,,,,,,,,,,,,,,,,,,,,,,,,,,,,,,,,,,,,,,,,,,,,,,,,,,,,,,,,,,,,,,,,,,,,,,,,,,,,,,,,,,,,,,,,,,,,,,,,,,,,,,,,,,,,,,,,,,,,,,,
Callicebus_nigrifrons,PLA_Pitheciidae_Callicebus_nigrifrons,,,,Polymorphic,Pair,,,,,,,,,,,,,D,Frugivore,AR,2,1,Forest,,,,,,,,,,,,,,,,,,,,,,,,,,,,,,,,,,,,,,,,,,,,,,,,,,,,,,,,,,,,,,,,,,,,,,,,,,,,,,,,,,,,,,,,,,,,,,,,,,,,,,,,,,,,,,,,,,,,,,,,,,,,,,,,,,,,,,,,,,,,,,,,,,,,,,,,,,,,,,,,,,,,,,,,,,,,,,,,,,,,,,,,,,,,,,,,,,,,,,,,,,,,,,,,,,,,,,,,,,,,,,,,,,,,,,,,,,,,,,,,
Callicebus_personatus,PLA_Pitheciidae_Callicebus_personatus,1.01,,,Polymorphic,Pair,,,,,,,,,,1.32,1.27,1.38,D,Frugivore,AR,3,1,Forest,,,1270,1380,0.92,4,1,1,1,,,,,-19.25,1073.9,21.2,1204.5,1458.5,0.047,0.69,2.8206,68,17.6,,,,,,,,,,,,,,,,,,,,,,,,,,,,,,,,,,,,,,,,,,,,,,,,,,,,,,,,,,,,,,,,,,,,,,,,,,,,,,,,,,,,,,,,,,,,,,,,,,,33,38,1205,0,,,,,,,,,,,,,,,,,,,,,,,,,,,,,,,,,,,,,,,,,,,,,,,,,,,,,,,,,,,,,,,,,,,,,,,,,,,,,,,,,,,,,,,,,,,,,,,,,,,,,,,,,,,,,,,,,,,
Callithrix_flaviceps,PLA_Callitrichidae_Callithrix_flaviceps,,,,Polymorphic,,,,,,,,,,,0.43,0.43,0.43,D,Gummivore,AR,4,1,Forest,,,,,,,,,,,,,,,,,,,,,,,,,,,,,,,,,,,,,,,,,,,,,,,,,,,,,,,,,,,,,,,,,,,,,,,,,,,,,,,,,,,,,,,,,,,,,,,,,,,,,,,,,,,,,,,,,,,,,,,,,,,,,,,,,,,,,,,,,,,,,,,,,,,,,,,,,,,,,,,,,,,,,,,,,,,,,,,,,,,,,,,,,,,,,,,,,,,,,,,,,,,,,,,,,,,,,,,,,,,,,,,,,,,,,,,,,,,,,,,,
Cebuella_niveiventris,PLA_Callitrichidae_Cebuella_niveiventris,,,,,,,,,,,,,,,,,,,,,3,2,,,,,,,,,,,,,,,,,,,,,,,,,,,,,,,,,,,,,,,,,,,,,,,,,,,,,,,,,,,,,,,,,,,,,,,,,,,,,,,,,,,,,,,,,,,,,,,,,,,,,,,,,,,,,,,,,,,,,,,,,,,,,,,,,,,,,,,,,,,,,,,,,,,,,,,,,,,,,,,,,,,,,,,,,,,,,,,,,,,,,,,,,,,,,,,,,,,,,,,,,,,,,,,,,,,,,,,,,,,,,,,,,,,,,,,,,,,,,,,,,
Cebus_aequatorialis,PLA_Cebidae_Cebus_aequatorialis,,,,,,,,,,,,,,,2.19,2.68,1.7,D,Omnivore,AR,5,1,Forest/Shrubland,,,,,,,,,,,,,,,,,,,,,,,,,,,,,,,,,,,,,,,,,,,,,,,,,,,,,,,,,,,,,,,,,,,,,,,,,,,,,,,,,,,,,,,,,,,,,,,,,,,,,,,,,,,,,,,,,,,,,,,,,,,,,,,,,,,,,,,,,,,,,,,,,,,,,,,,,,,,,,,,,,,,,,,,,,,,,,,,,,,,,,,,,,,,,,,,,,,,,,,,,,,,,,,,,,,,,,,,,,,,,,,,,,,,,,,,,,,,,,,,
Cebus_brunneus,PLA_Cebidae_Cebus_brunneus,,,,,,,,,,,,,,,,,,D,,AR,1,,Forest,,,,,,,,,,,,,,,,,,,,,,,,,,,,,,,,,,,,,,,,,,,,,,,,,,,,,,,,,,,,,,,,,,,,,,,,,,,,,,,,,,,,,,,,,,,,,,,,,,,,,,,,,,,,,,,,,,,,,,,,,,,,,,,,,,,,,,,,,,,,,,,,,,,,,,,,,,,,,,,,,,,,,,,,,,,,,,,,,,,,,,,,,,,,,,,,,,,,,,,,,,,,,,,,,,,,,,,,,,,,,,,,,,,,,,,,,,,,,,,,
Cebus_cesarae,PLA_Cebidae_Cebus_cesarae,,,,,,,,,,,,,,,,,,D,,AR,,1,Forest/Wetlands,,,,,,,,,,,,,,,,,,,,,,,,,,,,,,,,,,,,,,,,,,,,,,,,,,,,,,,,,,,,,,,,,,,,,,,,,,,,,,,,,,,,,,,,,,,,,,,,,,,,,,,,,,,,,,,,,,,,,,,,,,,,,,,,,,,,,,,,,,,,,,,,,,,,,,,,,,,,,,,,,,,,,,,,,,,,,,,,,,,,,,,,,,,,,,,,,,,,,,,,,,,,,,,,,,,,,,,,,,,,,,,,,,,,,,,,,,,,,,,,
Cebus_cuscinus,PLA_Cebidae_Cebus_cuscinus,,,,,,,,,,,,,,,2.875,2.8,2.9,D,Omnivore,AR,2,1,Forest/Wetlands,,,,,,,,,,,,,,,,,,,,,,,,,,,,,,,,,,,,,,,,,,,,,,,,,,,,,,,,,,,,,,,,,,,,,,,,,,,,,,,,,,,,,,,,,,,,,,,,,,,,,,,,,,,,,,,,,,,,,,,,,,,,,,,,,,,,,,,,,,,,,,,,,,,,,,,,,,,,,,,,,,,,,,,,,,,,,,,,,,,,,,,,,,,,,,,,,,,,,,,,,,,,,,,,,,,,,,,,,,,,,,,,,,,,,,,,,,,,,,,,
Cebus_imitator,PLA_Cebidae_Cebus_imitator,,,,,,,,,,,,,,,3.235,3.8,2.65,D,Omnivore,AR,1,1,Forest,,,,,,,,,,,,,,,,,,,,,,,,,,,,,,,,,,,,,,,,,,,,,,,,,,,,,,,,,,,,,,,,,,,,,,,,,,,,,,,,,,,,,,,,,,,,,,,,,,,,,,,,,,,,,,,,,,,,,,,,,,,,,,,,,,,,,,,,,,,,,,,,,,,,,,,,,,,,,,,,,,,,,,,,,,,,,,,,,,,,,,,,,,,,,,,,,,,,,,,,,,,,,,,,,,,,,,,,,,,,,,,,,,,,,,,,,,,,,,,,
Cebus_kaapori,PLA_Cebidae_Cebus_kaapori,,,,Polymorphic,Multimale,,,,,,,,,,2.425,3,2.4,D,Omnivore,AR,5,1,Forest,,,,,,,,,,,,,,,,,,,,,,,,,,,,,,,,,,,,,,,,,,,,,,,,,,,,,,,,,,,,,,,,,,,,,,,,,,,,,,,,,,,,,,,,,,,,,,,,,,,,,,,,,,,,,,,,,,,,,,,,,,,,,,,,,,,,,,,,,,,,,,,,,,,,,,,,,,,,,,,,,,,,,,,,,,,,,,,,,,,,,,,,,,,,,,,,,,,,,,,,,,,,,,,,,,,,,,,,,,,,,,,,,,,,,,,,,,,,,,,,
Cebus_leucocephalus,PLA_Cebidae_Cebus_leucocephalus,,,,,,,,,,,,,,,,,,D,,AR,,,Forest,,,,,,,,,,,,,,,,,,,,,,,,,,,,,,,,,,,,,,,,,,,,,,,,,,,,,,,,,,,,,,,,,,,,,,,,,,,,,,,,,,,,,,,,,,,,,,,,,,,,,,,,,,,,,,,,,,,,,,,,,,,,,,,,,,,,,,,,,,,,,,,,,,,,,,,,,,,,,,,,,,,,,,,,,,,,,,,,,,,,,,,,,,,,,,,,,,,,,,,,,,,,,,,,,,,,,,,,,,,,,,,,,,,,,,,,,,,,,,,,
Cebus_malitiosus,PLA_Cebidae_Cebus_malitiosus,,,,,,,,,,,,,,,,,,D,,AR,4,1,Forest,,,,,,,,,,,,,,,,,,,,,,,,,,,,,,,,,,,,,,,,,,,,,,,,,,,,,,,,,,,,,,,,,,,,,,,,,,,,,,,,,,,,,,,,,,,,,,,,,,,,,,,,,,,,,,,,,,,,,,,,,,,,,,,,,,,,,,,,,,,,,,,,,,,,,,,,,,,,,,,,,,,,,,,,,,,,,,,,,,,,,,,,,,,,,,,,,,,,,,,,,,,,,,,,,,,,,,,,,,,,,,,,,,,,,,,,,,,,,,,,
Cebus_olivaceus,PLA_Cebidae_Cebus_olivaceus,1.01,7.983098941,4.246206912,Polymorphic,Multimale,2.86,,,,,,,,,2.88,3.24,2.52,D,Omnivore,AR,1,,Forest,69.84,68.38,3229.2,2633.3,1.226,21,3.5,6.9,1.97,792.05,162,725.86,492,4.78,1555.2,24.9,1476.6,1703.1,1.7,2.3,1.5633,48,8,36,1.573,,,,1.7,Polygynandry,Polygynandry,,,2633,68.4,,,792,160,547,6,47,,Polygynous,Yes,,1,21,3290,2520,1.306,14.35,9.12,1.573,3290,,,3290,0,0,0,0,0,0,0,0,0,0,0,0,0,,,,,,,,,,,,,,,,,,,,,,,,,,,,,,,,,,,,,,,,,,,,,,,,,,,,,,,,,,,,,,,,,,,,,,,,,,,,,,,,,,,,,,,,,,,,,,,,,,,,,,,,,,,,,,,,,,,,,,,,,,,,,,,,,,,,,,,,,,,,,,,,,,,,,,,,,,,,,,,,,,,,,,,,,
Cebus_unicolor,PLA_Cebidae_Cebus_unicolor,,,,,,,,,,,,,,,2.74,,,D,,AR,3,,Forest/Wetlands,,,,,,,,,,,,,,,,,,,,,,,,,,,,,,,,,,,,,,,,,,,,,,,,,,,,,,,,,,,,,,,,,,,,,,,,,,,,,,,,,,,,,,,,,,,,,,,,,,,,,,,,,,,,,,,,,,,,,,,,,,,,,,,,,,,,,,,,,,,,,,,,,,,,,,,,,,,,,,,,,,,,,,,,,,,,,,,,,,,,,,,,,,,,,,,,,,,,,,,,,,,,,,,,,,,,,,,,,,,,,,,,,,,,,,,,,,,,,,,,
Cebus_versicolor,PLA_Cebidae_Cebus_versicolor,,,,,,,,,,,,,,,2.74,,,D,,AR,4,1,Forest/Wetlands,,,,,,,,,,,,,,,,,,,,,,,,,,,,,,,,,,,,,,,,,,,,,,,,,,,,,,,,,,,,,,,,,,,,,,,,,,,,,,,,,,,,,,,,,,,,,,,,,,,,,,,,,,,,,,,,,,,,,,,,,,,,,,,,,,,,,,,,,,,,,,,,,,,,,,,,,,,,,,,,,,,,,,,,,,,,,,,,,,,,,,,,,,,,,,,,,,,,,,,,,,,,,,,,,,,,,,,,,,,,,,,,,,,,,,,,,,,,,,,,
Cebus_yuracus,PLA_Cebidae_Cebus_yuracus,,,,,,,,,,,,,,,3.35,,,D,Omnivore,AR,,,Forest,,,,,,,,,,,,,,,,,,,,,,,,,,,,,,,,,,,,,,,,,,,,,,,,,,,,,,,,,,,,,,,,,,,,,,,,,,,,,,,,,,,,,,,,,,,,,,,,,,,,,,,,,,,,,,,,,,,,,,,,,,,,,,,,,,,,,,,,,,,,,,,,,,,,,,,,,,,,,,,,,,,,,,,,,,,,,,,,,,,,,,,,,,,,,,,,,,,,,,,,,,,,,,,,,,,,,,,,,,,,,,,,,,,,,,,,,,,,,,,,
Cercocebus_chrysogaster,OWM_Cercopithecidae_Cercocebus_chrysogaster,,,,Trichromatic,Multimale,,,,,,,,,,9.75,12,7,D,Frugivore,T,4,1,Forest,,,,,,,,,,,,,,,,,,,,,,,,,,,,,,,,,,,,,,,,,,,,,,,,,,,,,,,,,,,,,,,,,,,,,,,,,,,,,,,,,,,,,,,,,,,,,,,,,,,,,,,,,,,,,,,,,,,,,,,,,,,,,,,,,,,,,,,,,,,,,,,,,,,,,,,,,,,,,,,,,,,,,,,,,,,,,,,,,,,,,,,,,,,,,,,,,,,,,,,,,,,,,,,,,,,,,,,,,,,,,,,,,,,,,,,,,,,,,,,,
Cercocebus_lunulatus,OWM_Cercopithecidae_Cercocebus_lunulatus,,,,,,,,,,,,,,,7.28,9.45,5.1,D,Frugivore,T,4,1,Forest,,,,,,,,,,,,,,,,,,,,,,,,,,,,,,,,,,,,,,,,,,,,,,,,,,,,,,,,,,,,,,,,,,,,,,,,,,,,,,,,,,,,,,,,,,,,,,,,,,,,,,,,,,,,,,,,,,,,,,,,,,,,,,,,,,,,,,,,,,,,,,,,,,,,,,,,,,,,,,,,,,,,,,,,,,,,,,,,,,,,,,,,,,,,,,,,,,,,,,,,,,,,,,,,,,,,,,,,,,,,,,,,,,,,,,,,,,,,,,,,
Cercocebus_sanjei,OWM_Cercopithecidae_Cercocebus_sanjei,,,,Trichromatic,,,,,,,,,,,8.05,10.3,5.8,D,Frugivore,BOTH,4,1,Forest,,,,,,,,,,,,,,,,,,,,,,,,,,,,,,,,,,,,,,,,,,,,,,,,,,,,,,,,,,,,,,,,,,,,,,,,,,,,,,,,,,,,,,,,,,,,,,,,,,,,,,,,,,,,,,,,,,,,,,,,,,,,,,,,,,,,,,,,,,,,,,,,,,,,,,,,,,,,,,,,,,,,,,,,,,,,,,,,,,,,,,,,,,,,,,,,,,,,,,,,,,,,,,,,,,,,,,,,,,,,,,,,,,,,,,,,,,,,,,,,
Cercopithecus_albogularis,OWM_Cercopithecidae_Cercopithecus_albogularis,,,,,Unimale,,,,,,,,,,5.28,6.9,3.65,D,Folivore_frugivore,AR,,,Forest,70.1,66.16,6977.7,4261.9,1.637,,,,,,,,,,,,,,,,,,,,,,,,,,,,,,,,,,,,,,,,,,,,,,,,,,,,,,,,,,,,,,,,,,,,,,,,,,,,,,,,,,,,,,,,,,,,,,,,,,,,,,,,,,,,,,,,,,,,,,,,,,,,,,,,,,,,,,,,,,,,,,,,,,,,,,,,,,,,,,,,,,,,,,,,,,,,,,,,,,,,,,,,,,,,,,,,,,,,,,,,,,,,,,,,,,,,,,,,,,,,,,,,,,,,,,,,,,,
Cercopithecus_denti,OWM_Cercopithecidae_Cercopithecus_denti,,,,,,,,,,,,,,,3.54,4.25,2.83,D,Omnivore,AR,1,1,Forest,,,,,,,,,,,,,,,,,,,,,,,,,,,,,,,,,,,,,,,,,,,,,,,,,,,,,,,,,,,,,,,,,,,,,,,,,,,,,,,,,,,,,,,,,,,,,,,,,,,,,,,,,,,,,,,,,,,,,,,,,,,,,,,,,,,,,,,,,,,,,,,,,,,,,,,,,,,,,,,,,,,,,,,,,,,,,,,,,,,,,,,,,,,,,,,,,,,,,,,,,,,,,,,,,,,,,,,,,,,,,,,,,,,,,,,,,,,,,,,,
Cercopithecus_doggetti,OWM_Cercopithecidae_Cercopithecus_doggetti,,,,,,,,,,,,,,,,,,D,Omnivore,AR,1,1,Forest,,,,,,,,,,,,,,,,,,,,,,,,,,,,,,,,,,,,,,,,,,,,,,,,,,,,,,,,,,,,,,,,,,,,,,,,,,,,,,,,,,,,,,,,,,,,,,,,,,,,,,,,,,,,,,,,,,,,,,,,,,,,,,,,,,,,,,,,,,,,,,,,,,,,,,,,,,,,,,,,,,,,,,,,,,,,,,,,,,,,,,,,,,,,,,,,,,,,,,,,,,,,,,,,,,,,,,,,,,,,,,,,,,,,,,,,,,,,,,,,
Cercopithecus_dryas,OWM_Cercopithecidae_Cercopithecus_dryas,,,,Trichromatic,,,,,,,,,,,2.65,3,2.3,D,Frugivore,BOTH,5,,Forest,,,,,,,,,,,,,,,,,,,,,,,,,,,,,,,,,,,,,,,,,,,,,,,,,,,,,,,,,,,,,,,,,,,,,,,,,,,,,,,,,,,,,,,,,,,,,,,,,,,,,,,,,,,,,,,,,,,,,,,,,,,,,,,,,,,,,,,,,,,,,,,,,,,,,,,,,,,,,,,,,,,,,,,,,,,,,,,,,,,,,,,,,,,,,,,,,,,,,,,,,,,,,,,,,,,,,,,,,,,,,,,,,,,,,,,,,,,,,,,,
Cercopithecus_kandti,OWM_Cercopithecidae_Cercopithecus_kandti,,,,,,,,,,,,,,,6.2,9,3.4,D,Folivore,AR,4,1,Forest,,,,,,,,,,,,,,,,,,,,,,,,,,,,,,,,,,,,,,,,,,,,,,,,,,,,,,,,,,,,,,,,,,,,,,,,,,,,,,,,,,,,,,,,,,,,,,,,,,,,,,,,,,,,,,,,,,,,,,,,,,,,,,,,,,,,,,,,,,,,,,,,,,,,,,,,,,,,,,,,,,,,,,,,,,,,,,,,,,,,,,,,,,,,,,,,,,,,,,,,,,,,,,,,,,,,,,,,,,,,,,,,,,,,,,,,,,,,,,,,
Cercopithecus_lomamiensis,OWM_Cercopithecidae_Cercopithecus_lomamiensis,,,,,,,,,,,,,,,5,5.55,,D,Folivore_frugivore,BOTH,,,Forest,,,,,,,,,,,,,,,,,,,,,,,,,,,,,,,,,,,,,,,,,,,,,,,,,,,,,,,,,,,,,,,,,,,,,,,,,,,,,,,,,,,,,,,,,,,,,,,,,,,,,,,,,,,,,,,,,,,,,,,,,,,,,,,,,,,,,,,,,,,,,,,,,,,,,,,,,,,,,,,,,,,,,,,,,,,,,,,,,,,,,,,,,,,,,,,,,,,,,,,,,,,,,,,,,,,,,,,,,,,,,,,,,,,,,,,,,,,,,,,,
Cercopithecus_lowei,OWM_Cercopithecidae_Cercopithecus_lowei,,,,,,,,,,,,,,,3.9,5.2,2.6,D,Frugivore,AR,3,,Forest/Savanna,,,,,,,,,,,,,,,,,,,,,,,,,,,,,,,,Sexbiased,Yes,2097,51.2,,,,,,,30,,,,,,,,,,,,,,,,,,,,,,,,,,,,,,,,,,,,,,,,,,,,,,,,,,,,,,,,,,,,,,,,,,,,,,,,,,,,,,,,,,,,,,,,,,,,,,,,,,,,,,,,,,,,,,,,,,,,,,,,,,,,,,,,,,,,,,,,,,,,,,,,,,,,,,,,,,,,,,,,,,,,,,,,,,,,,,,,,,,,,,,,,,,,,,,,,,,,,,
Cercopithecus_pogonias,OWM_Cercopithecidae_Cercopithecus_pogonias,1.01,8.183118079,4.086984208,Trichromatic,Unimale,1.72,,,,,,,,,3.58,4.26,2.9,D,Frugivore,AR,2,1,Forest/Savanna,59.56,56.56,4260,2900,1.469,13,1,5,5,730,165,,289.2,1.53,1460.5,24.5,1269.6,1538.7,1.15,1.75,1.4462,74.5,4,11.5,1.652,,,,,Harem Polygyny,Polygyny,,,,,,,730,165,,,27,,Polygynous,Yes,,,11.7,4260,2900,1.469,16.22,9.28,1.748,4260,,,4260,0,0,0,0,0,0,0,0,0,0,0,0,0,,,,,,,,,,,,,,,,,,,,,,,,,,,,,,,,,,,,,,,,,,,,,,,,,,,21,38.8,1270,0,,,,,,,,,,,,,,,,,,,,,,,,,,,,,,,,,,,,,,,,,,,,,,,,,,,,,,,,,,,,,,,,,,,,,,,,,,,,,,,,,,,,,,,,,,,,,,,,,,,,,,,,,,,,,,,,,,,
Cercopithecus_roloway,OWM_Cercopithecidae_Cercopithecus_roloway,,,,,,,,,,,,,,,4.55,5.2,3.9,D,Omnivore,AR,5,1,Forest,,,,,,,,,,,,,,,,,,,,,,,,,,,,,,,,,,,,,,,,,,,,,,,,,,,,,,,,,,,,,,,,,,,,,,,,,,,,,,,,,,,,,,,,,,,,,,,,,,,,,,,,,,,,,,,,,,,,,,,,,,,,,,,,,,,,,,,,,,,,,,,,,,,,,,,,,,,,,,,,,,,,,,,,,,,,,,,,,,,,,,,,,,,,,,,,,,,,,,,,,,,,,,,,,,,,,,,,,,,,,,,,,,,,,,,,,,,,,,,,
Cercopithecus_sclateri,OWM_Cercopithecidae_Cercopithecus_sclateri,,,,Trichromatic,,,,,,,,,,,3.25,4,2.5,D,Frugivore,AR,3,1,Forest/Shrubland,,,,,,,,,,,,,,,,,,,,,,,,,,,,,,,,,,,,,,,,,,,,,,,,,,,,,,,,,,,,,,,,,,,,,,,,,,,,,,,,,,,,,,,,,,,,,,,,,,,,,,,,,,,,,,,,,,,,,,,,,,,,,,,,,,,,,,,,,,,,,,,,,,,,,,,,,,,,,,,,,,,,,,,,,,,,,,,,,,,,,,,,,,,,,,,,,,,,,,,,,,,,,,,,,,,,,,,,,,,,,,,,,,,,,,,,,,,,,,,,
Cheirogaleus_andysabini,STR_Cheirogaleidae_Cheirogaleus_andysabini,,,,,,,,,,,,,,,,,,N,,,,,,,,,,,,,,,,,,,,,,,,,,,,,,,,,,,,,,,,,,,,,,,,,,,,,,,,,,,,,,,,,,,,,,,,,,,,,,,,,,,,,,,,,,,,,,,,,,,,,,,,,,,,,,,,,,,,,,,,,,,,,,,,,,,,,,,,,,,,,,,,,,,,,,,,,,,,,,,,,,,,,,,,,,,,,,,,,,,,,,,,,,,,,,,,,,,,,,,,,,,,,,,,,,,,,,,,,,,,,,,,,,,,,,,,,,,,,,,,,,,,,
Cheirogaleus_lavasoensis,STR_Cheirogaleidae_Cheirogaleus_lavasoensis,,,,,,,,,,,,,,,,,,N,,,,,,,,,,,,,,,,,,,,,,,,,,,,,,,,,,,,,,,,,,,,,,,,,,,,,,,,,,,,,,,,,,,,,,,,,,,,,,,,,,,,,,,,,,,,,,,,,,,,,,,,,,,,,,,,,,,,,,,,,,,,,,,,,,,,,,,,,,,,,,,,,,,,,,,,,,,,,,,,,,,,,,,,,,,,,,,,,,,,,,,,,,,,,,,,,,,,,,,,,,,,,,,,,,,,,,,,,,,,,,,,,,,,,,,,,,,,,,,,,,,,,
Cheirogaleus_minusculus,STR_Cheirogaleidae_Cheirogaleus_minusculus,,,,,,,,,,,,,,,0.3,,0.302,N,,AR,,1,Forest,,,,,,,,,,,,,,,,,,,,,,,,,,,,,,,,,,,,,,,,,,,,,,,,,,,,,,,,,,,,,,,,,,,,,,,,,,,,,,,,,,,,,,,,,,,,,,,,,,,,,,,,,,,,,,,,,,,,,,,,,,,,,,,,,,,,,,,,,,,,,,,,,,,,,,,,,,,,,,,,,,,,,,,,,,,,,,,,,,,,,,,,,,,,,,,,,,,,,,,,,,,,,,,,,,,,,,,,,,,,,,,,,,,,,,,,,,,,,,,,
Cheirogaleus_shethi,STR_Cheirogaleidae_Cheirogaleus_shethi,,,,,,,,,,,,,,,,,,,,,,,,,,,,,,,,,,,,,,,,,,,,,,,,,,,,,,,,,,,,,,,,,,,,,,,,,,,,,,,,,,,,,,,,,,,,,,,,,,,,,,,,,,,,,,,,,,,,,,,,,,,,,,,,,,,,,,,,,,,,,,,,,,,,,,,,,,,,,,,,,,,,,,,,,,,,,,,,,,,,,,,,,,,,,,,,,,,,,,,,,,,,,,,,,,,,,,,,,,,,,,,,,,,,,,,,,,,,,,,,,,,,,,,,,,,,,,,,,,,,,,,
Cheirogaleus_sibreei,STR_Cheirogaleidae_Cheirogaleus_sibreei,,,,,Solitary,,,,,,,,,,0.27,,,N,,AR,5,1,Forest,,,,,,,,,,,,,,,,,,,,,,,,,,,,,,,,,,,,,,,,,,,,,,,,,,,,,,,,,,,,,,,,,,,,,,,,,,,,,,,,,,,,,,,,,,,,,,,,,,,,,,,,,,,,,,,,,,,,,,,,,,,,,,,,,,,,,,,,,,,,,,,,,,,,,,,,,,,,,,,,,,,,,,,,,,,,,,,,,,,,,,,,,,,,,,,,,,,,,,,,,,,,,,,,,,,,,,,,,,,,,,,,,,,,,,,,,,,,,,,,
Cheirogaleus_thomasi,STR_Cheirogaleidae_Cheirogaleus_thomasi,,,,,,,,,,,,,,,,,,N,,,,,,,,,,,,,,,,,,,,,,,,,,,,,,,,,,,,,,,,,,,,,,,,,,,,,,,,,,,,,,,,,,,,,,,,,,,,,,,,,,,,,,,,,,,,,,,,,,,,,,,,,,,,,,,,,,,,,,,,,,,,,,,,,,,,,,,,,,,,,,,,,,,,,,,,,,,,,,,,,,,,,,,,,,,,,,,,,,,,,,,,,,,,,,,,,,,,,,,,,,,,,,,,,,,,,,,,,,,,,,,,,,,,,,,,,,,,,,,,,,,,,
Cheracebus_lucifer,PLA_Pitheciidae_Cheracebus_lucifer,,,,Polymorphic,,,,,,,,,,,1.5,1.5,,D,Frugivore,AR,1,,Forest/Wetlands,,,,,,,,,,,,,,,,,,,,,,,,,,,,,,,,,,,,,,,,,,,,,,,,,,,,,,,,,,,,,,,,,,,,,,,,,,,,,,,,,,,,,,,,,,,,,,,,,,,,,,,,,,,,,,,,,,,,,,,,,,,,,,,,,,,,,,,,,,,,,,,,,,,,,,,,,,,,,,,,,,,,,,,,,,,,,,,,,,,,,,,,,,,,,,,,,,,,,,,,,,,,,,,,,,,,,,,,,,,,,,,,,,,,,,,,,,,,,,,,
Cheracebus_lugens,PLA_Pitheciidae_Cheracebus_lugens,,,,Polymorphic,Pair,,,,,,,,,,1.37,1.49,1.26,D,Frugivore,AR,1,,Forest,,,,,,,,,,,,,,,,,,,,,,,,,,,,,,,,,,,,,,,,,,,,,,,,,,,,,,,,,,,,,,,,,,,,,,,,,,,,,,,,,,,,,,,,,,,,,,,,,,,,,,,,,,,,,,,,,,,,,,,,,,,,,,,,,,,,,,,,,,,,,,,,,,,,,,,,,,,,,,,,,,,,,,,,,,,,,,,,,,,,,,,,,,,,,,,,,,,,,,,,,,,,,,,,,,,,,,,,,,,,,,,,,,,,,,,,,,,,,,,,
Cheracebus_medemi,PLA_Pitheciidae_Cheracebus_medemi,,,,Polymorphic,,,,,,,,,,,1.18,1.1,1.31,D,,AR,3,1,Forest,,,,,,,,,,,,,,,,,,,,,,,,,,,,,,,,,,,,,,,,,,,,,,,,,,,,,,,,,,,,,,,,,,,,,,,,,,,,,,,,,,,,,,,,,,,,,,,,,,,,,,,,,,,,,,,,,,,,,,,,,,,,,,,,,,,,,,,,,,,,,,,,,,,,,,,,,,,,,,,,,,,,,,,,,,,,,,,,,,,,,,,,,,,,,,,,,,,,,,,,,,,,,,,,,,,,,,,,,,,,,,,,,,,,,,,,,,,,,,,,
Cheracebus_purinus,PLA_Pitheciidae_Cheracebus_purinus,,,,Polymorphic,,,,,,,,,,,1.5,,,D,,AR,1,,Forest,,,,,,,,,,,,,,,,,,,,,,,,,,,,,,,,,,,,,,,,,,,,,,,,,,,,,,,,,,,,,,,,,,,,,,,,,,,,,,,,,,,,,,,,,,,,,,,,,,,,,,,,,,,,,,,,,,,,,,,,,,,,,,,,,,,,,,,,,,,,,,,,,,,,,,,,,,,,,,,,,,,,,,,,,,,,,,,,,,,,,,,,,,,,,,,,,,,,,,,,,,,,,,,,,,,,,,,,,,,,,,,,,,,,,,,,,,,,,,,,
Cheracebus_regulus,PLA_Pitheciidae_Cheracebus_regulus,,,,Polymorphic,,,,,,,,,,,1.25,,,D,,AR,1,,Forest,,,,,,,,,,,,,,,,,,,,,,,,,,,,,,,,,,,,,,,,,,,,,,,,,,,,,,,,,,,,,,,,,,,,,,,,,,,,,,,,,,,,,,,,,,,,,,,,,,,,,,,,,,,,,,,,,,,,,,,,,,,,,,,,,,,,,,,,,,,,,,,,,,,,,,,,,,,,,,,,,,,,,,,,,,,,,,,,,,,,,,,,,,,,,,,,,,,,,,,,,,,,,,,,,,,,,,,,,,,,,,,,,,,,,,,,,,,,,,,,
Cheracebus_torquatus,PLA_Pitheciidae_Cheracebus_torquatus,,,,Polymorphic,Pair,3.84,,,,,,,,,1.25,1.28,1.21,D,Frugivore,AR,1,,Forest,,19.84,1280,1210,1.058,4.8,1,1,1,,,,,,,,,,0.29,0.8,1.3165,71.3,4,20,1.059,,,,1.4,Monogamy,Pair,,,,,,,,,,,,,Monogamous,No,,,3.9,1280,1210,1.058,4.34,4.1,1.059,1280,,,1280,0,0,0,0,0,0,0,0,0,0,0,0,0,,,,,,,,,,,,,,,,,,,,,,,,,,,,,,,,,,,,,,,,,,,,,,,,,,,,,,,,,,,,,,,,,,,,2.1,13,,4,,,,,,,,,,,,,,,,,,,,,,,,,,,,,,,,,,,,,,,,,,,,,,,,,,,,,,,,,,,,,,,,,,,,,,,,,,,,,,,,,,,,,,,,,,,,,,,,,,
Chiropotes_albinasus,PLA_Pitheciidae_Chiropotes_albinasus,,7.953845448,4.054216771,Polymorphic,,,,,,,,,,,2.82,3.15,2.49,D,Frugivore,AR,3,1,Forest,,,,,,,,,,,,,,,,,,,,,,,,,,,,,,,,,,,,,,,160,,,20,,,,,,,,,,,,,,,,,,,,,,,,,,,,,,,,,,,,,,,,,,,,,,,,,,,,,,,,,,,,,,,,,,,,,,,,,,,,,,,,19,20,1324,1,,,,,,,,,,,,,,,,,,,,,,,,,,,,,,,,,,,,,,,,,,,,,,,,,,,,,,,,,,,,,,,,,,,,,,,,,,,,,,,,,,,,,,,,,,,,,,,,,,,,,,,,,,,,,,,,,,,
Chiropotes_chiropotes,PLA_Pitheciidae_Chiropotes_chiropotes,,7.915713199,4.043752776,Polymorphic,Multimale,,,,,,,,,,2.74,2.9,2.58,D,Frugivore,AR,1,2,Forest,,,,,,,,,,,,,,,,,,,,,,,,,,,,,,,,,,,,,,,,,,,,,,,,,,,,,,,,,,,,,,,,,,,,,,,,,,,,,,,,,,,,,,,,,,,,,,,,,,,,,,,,,,,,,,,,,,,,,,,,,,,,,,,,,,,,,,,,,,,,,,,,,,,,,,,,,,,,,,,,,,,,,,,,,,,,,,,,,,,,,,,,,,,,,,,,,,,,,,,,,,,,,,,,,,,,,,,,,,,,,,,,,,,,,,,,,,,,,,,,
Chiropotes_israelita,PLA_Pitheciidae_Chiropotes_israelita,,,,,Multimale,,,,,,,,,,,,,,,,,,,,,,,,,,,,,,,,,,,,,,,,,,,,,,,,,,,,,,,,,,,,,,,,,,,,,,,,,,,,,,,,,,,,,,,,,,,,,,,,,,,,,,,,,,,,,,,,,,,,,,,,,,,,,,,,,,,,,,,,,,,,,,,,,,,,,,,,,,,,,,,,,,,,,,,,,,,,,,,,,,,,,,,,,,,,,,,,,,,,,,,,,,,,,,,,,,,,,,,,,,,,,,,,,,,,,,,,,,,,,,,,,,,,,,,,,,,,,,,,,,
Chiropotes_sagulatus,PLA_Pitheciidae_Chiropotes_sagulatus,,,,,,,,,,,,,,,3,,,D,Frugivore,AR,1,,Forest/Savanna,,,,,,,,,,,,,,,,,,,,,,,,,,,,,,,,,,,,,,,,,,,,,,,,,,,,,,,,,,,,,,,,,,,,,,,,,,,,,,,,,,,,,,,,,,,,,,,,,,,,,,,,,,,,,,,,,,,,,,,,,,,,,,,,,,,,,,,,,,,,,,,,,,,,,,,,,,,,,,,,,,,,,,,,,,,,,,,,,,,,,,,,,,,,,,,,,,,,,,,,,,,,,,,,,,,,,,,,,,,,,,,,,,,,,,,,,,,,,,,,
Chiropotes_satanas,PLA_Pitheciidae_Chiropotes_satanas,1,,,Polymorphic,,,,,,,,,,,2.885,3.1,2.96,D,Frugivore,AR,5,1,Forest,48.33,47.51,3100,2960,1.047,18.5,1.5,9,6,,160,,235.2,,,,,,2.25,2.5,1.477,15.45,8.17,0.5,1.155,,,,,Polygynandry,Polygynandry,,,,,,,,160,,,19.6,,Multimale,No,,,32,2900,2580,1.124,11.09,9.6,1.155,2900,,,2900,0,0,0,0,0,0,0,0,0,0,0,0,0,,,,,,,,,,,,,,,,,,,,,,,,,,,,,,,,,,,,,,,,,,,,,,,,,,,,,,,,,,,,,,,,,,,,,,,,,,,,,,,,,,,,,,,,,,,,,,,,,,,,,,,,,,,,,,,,,,,,,,,,,,,,,,,,,,,,,,,,,,,,,,,,,,,,,,,,,,,,,,,,,,,,,,,,,
Chiropotes_utahickae,PLA_Pitheciidae_Chiropotes_utahickae,,,,Polymorphic,Multimale,,,,,,,,,,3,3.25,2.75,D,Frugivore,AR,4,1,Forest,,,,,,,,,,,,,,,,,,,,,,,,,,,,,,,,,,,,,,,,,,,,,,,,,,,,,,,,,,,,,,,,,,,,,,,,,,,,,,,,,,,,,,,,,,,,,,,,,,,,,,,,,,,,,,,,,,,,,,,,,,,,,,,,,,,,,,,,,,,,,,,,,,,,,,,,,,,,,,,,,,,,,,,,,,,,,,,,,,,,,,,,,,,,,,,,,,,,,,,,,,,,,,,,,,,,,,,,,,,,,,,,,,,,,,,,,,,,,,,,
Chlorocebus_cynosuros,OWM_Cercopithecidae_Chlorocebus_cynosuros,,,,Trichromatic,Multimale,,,,,,,,,,3.98,4.75,3.2,D,Omnivore,T,1,2,Forest/Savanna,,,,,,,,,,,,,,,,,,,,,,,,,,,,,,,,,,,,,,,,,,,,,,,,,,,,,,,,,,,,,,,,,,,,,,,,,,,,,,,,,,,,,,,,,,,,,,,,,,,,,,,,,,,,,,,,,,,,,,,,,,,,,,,,,,,,,,,,,,,,,,,,,,,,,,,,,,,,,,,,,,,,,,,,,,,,,,,,,,,,,,,,,,,,,,,,,,,,,,,,,,,,,,,,,,,,,,,,,,,,,,,,,,,,,,,,,,,,,,,,
Chlorocebus_djamdjamensis,OWM_Cercopithecidae_Chlorocebus_djamdjamensis,,,,Trichromatic,,,,,,,,,,,3.98,4.75,3.2,D,Folivore,BOTH,3,1,Forest,,,,,,,,,,,,,,,,,,,,,,,,,,,,,,,,,,,,,,,,,,,,,,,,,,,,,,,,,,,,,,,,,,,,,,,,,,,,,,,,,,,,,,,,,,,,,,,,,,,,,,,,,,,,,,,,,,,,,,,,,,,,,,,,,,,,,,,,,,,,,,,,,,,,,,,,,,,,,,,,,,,,,,,,,,,,,,,,,,,,,,,,,,,,,,,,,,,,,,,,,,,,,,,,,,,,,,,,,,,,,,,,,,,,,,,,,,,,,,,,
Colobus_satanas,OWM_Cercopithecidae_Colobus_satanas,0.99,9.09492952,4.316153891,Trichromatic,Multimale,0.65,,,,,,,,,8.91,10.4,7.42,D,Frugivore,AR,3,1,Forest,74.9,71.8,10400,7420,1.402,13.5,2.3,6,2.61,,192.76,,,1.97,1654.6,24.1,1329.5,1500.3,2.72,0.607,0.3262,56,34,0,,60,23,4,8.1,Polygynandry,Polygynandry,,,,,,,,,,,,,Multimale,No,,,13.7,10420,7420,1.402,16.08,9.16,1.755,10400,,,10410,0,0,0,0,0,0,0,0,0,0,0,0,0,,,,,,,,,,,,,,,,,,,,,,,,,,,,,,,,,,,,,,,,,,,,,,,,,,,,,,,,,,,,,,,,,,,,,,,,,,,,,,,,,,,,,,,,,,,,,,,,,,,,,,,,,,,,,,,,,,,,,,,,,,,,,,,,,,,,,,,,,,,,,,,,,,,,,,,,,,,,,,,,,,,,,,,,,
Colobus_vellerosus,OWM_Cercopithecidae_Colobus_vellerosus,1.02,8.964439834,4.291417886,Trichromatic,Multimale,,,,,,,,,,7.68,8.5,6.9,D,Folivore,AR,3,,Forest/Savanna,73.07,69.73,8420,7220,1.166,,,,,,,,,7.44,1067.2,26.8,1173.1,1620.5,0.29,,,,,,,59,24,15,3,,,,,,,,,,,,,,,,,,,,,,,,,,,,,,,,,,,,,,,,,,,,,,,,,,,,,,,,,,,,,,,,,,,,,,,,,,,,,,,,,,,,,,,,,,,,,,,,,,,,,,,,,,,,,,,,,,,,,,,,,,,,,,,,,,,,,,,,,,,,,,,,,,,,,,,,,,,,,,,,,,,,,,,,,,,,,,,,,,,,,,,,,,,,,,,,,,,,,,,,,,,,,,,,,,,
Erythrocebus_poliophaeus,OWM_Cercopithecidae_Erythrocebus_poliophaeus,,,,,,,,,,,,,,,,,,,,,,,,,,,,,,,,,,,,,,,,,,,,,,,,,,,,,,,,,,,,,,,,,,,,,,,,,,,,,,,,,,,,,,,,,,,,,,,,,,,,,,,,,,,,,,,,,,,,,,,,,,,,,,,,,,,,,,,,,,,,,,,,,,,,,,,,,,,,,,,,,,,,,,,,,,,,,,,,,,,,,,,,,,,,,,,,,,,,,,,,,,,,,,,,,,,,,,,,,,,,,,,,,,,,,,,,,,,,,,,,,,,,,,,,,,,,,,,,,,,,,,,
Eulemur_cinereiceps,STR_Lemuridae_Eulemur_cinereiceps,,,,Dichromatic,Multimale,,,,,,,,,,2.16,2.19,2.14,CA,Frugivore,AR,5,1,Forest,22.1,,2150,2130,1.009,,,,,,,,,,,,,,,,,,,,,,,,,,,,,,,,,,,,,,,,,,,,,,,,,,,,,,,,,,,,,,,,,,,,,,,,,,,,,,,,,,,,,,,,,,,,,,,,,,,,,,,,,,,,,,,,,,,,,,,,,,,,,,,,,,,,,,,,,,,,,,,,,,,,,,,,,,,,,,,,,,,,,,,,,,,,,,,,,,,,,,,,,,,,,,,,,,,,,,,,,,,,,,,,,,,,,,,,,,,,,,,,,,,,,,,,,,,
Eulemur_rufifrons,STR_Lemuridae_Eulemur_rufifrons,,,,Dichromatic,Multimale,16.67,,,,,,,,,2.18,2.18,2.25,CA,Folivore_frugivore,AR,2,1,Forest,,,,,,,,,,,,,,,,,,,,,,,,,,,,,,,,,,,,,,,,,,,,,,,,,,,,,,,,,,,,,,,,,,,,,,,,,,,,,,,,,,,,,,,,,,,,,,,,,,,,,,,,,,,,,,,,,,,,,,,,,,,,,,,,,,,,,,,,,,,,,,,,,,,,,,,,,,,,,,,,,,,,,,,,,,,,,,,,,5.911410256,,0.7461858974,127.9513889,,0.02976190476,2.035714286,0.2785897436,13.36538462,1.967784084,14.03630769,10.61217949,102.875641,89.69871795,,0.9380769231,3.30952381,291.0416667,13.95384615,,116.7525641,43.37416667,14.0072619,1881.916667,,60.57692308,4308.065476,,17.46428571,54.0952381,32.34880952,1.666666667,120.8141026,0.01785714286,0.9107142857,42.18589744,2557.410714,5.132948718,,5.628717949,8.047154762,30.52638889,61.14615385,146.2192308,7.900128205,54.17361111,,7.405357143,,,,,,,,,,,,,,,,
Euoticus_pallidus,STR_Galagidae_Euoticus_pallidus,,5.703782475,1.646733697,Monochromatic,,,,,,,,,,,0.253,,,N,Gummivore,AR,1,,Forest,,,,,,,,,,,,,,,,,,,,,,,,,,,,,,,,,,,,,,,,,,,,,,,,,,,,,,,,,,,,,,,,,,,,,,,,,,,,,,,,,,,,,,,,,,,,,,,,,,,,,,,,,,,,,,,,,,,,,,,,,,,,,,,,,,,,,,,,,,,,,,,,,,,,,,,,,,,,,,,,,,,,,,,,,,,,,,,,,,,,,,,,,,,,,,,,,,,,,,,,,,,,,,,,,,,,,,,,,,,,,,,,,,,,,,,,,,,,,,,,
Galago_matschiei,STR_Galagidae_Galago_matschiei,0.99,5.347107531,1.530394705,Monochromatic,Solitary,,,,,,,,,,0.21,0.207,0.212,N,Omnivore,AR,1,1,Forest,4.62,4.43,207,212,0.976,,,,,,,,,-0.33,1165,21.5,1391.6,1568,,,,,,,,,,,,,,,,,,,,,,,,,,,,,,,,,,,,,,,,,,,,,,,,,,,,,,,,,,,,,,,,,,,,,,,,,,,,,,,,,,,,,,,,,,,,,,,,,,,,,,,,,,,,,,,,,,,,,,,,,,,,,,,,,,,,,,,,,,,,,,,,,,,,,,,,,,,,,,,,,,,,,,,,,,,,,,,,,,,,,,,,,,,,,,,,,,,,,,,,,,,,,,,,,,,,,,,,,,,,,,
Galagoides_cocos,STR_Galagidae_Galagoides_cocos,,,,Monochromatic,,,,,,,,,,,0.14,0.15,0.13,N,Omnivore,AR,1,2,Forest,,,,,,,,,,,,,,,,,,,,,,,,,,,,,,,,,,,,,,,,,,,,,,,,,,,,,,,,,,,,,,,,,,,,,,,,,,,,,,,,,,,,,,,,,,,,,,,,,,,,,,,,,,,,,,,,,,,,,,,,,,,,,,,,,,,,,,,,,,,,,,,,,,,,,,,,,,,,,,,,,,,,,,,,,,,,,,,,,,,,,,,,,,,,,,,,,,,,,,,,,,,,,,,,,,,,,,,,,,,,,,,,,,,,,,,,,,,,,,,,
Galagoides_granti,STR_Galagidae_Galagoides_granti,,,,Monochromatic,Solitary,,,,,,,,,,0.134,0.157,,N,Omnivore,AR,1,2,Forest,,,,,,,,,,,,,,,,,,,,,,,,,,,,,,,,,,,,,,,,,,,,,,,,,,,,,,,,,,,,,,,,,,,,,,,,,,,,,,,,,,,,,,,,,,,,,,,,,,,,,,,,,,,,,,,,,,,,,,,,,,,,,,,,,,,,,,,,,,,,,,,,,,,,,,,,,,,,,,,,,,,,,,,,,,,,,,,,,,,,,,,,,,,,,,,,,,,,,,,,,,,,,,,,,,,,,,,,,,,,,,,,,,,,,,,,,,,,,,,,
Galagoides_kumbirensis,STR_Galagidae_Galagoides_kumbirensis,,,,,,,,,,,,,,,,,,,,,,,,,,,,,,,,,,,,,,,,,,,,,,,,,,,,,,,,,,,,,,,,,,,,,,,,,,,,,,,,,,,,,,,,,,,,,,,,,,,,,,,,,,,,,,,,,,,,,,,,,,,,,,,,,,,,,,,,,,,,,,,,,,,,,,,,,,,,,,,,,,,,,,,,,,,,,,,,,,,,,,,,,,,,,,,,,,,,,,,,,,,,,,,,,,,,,,,,,,,,,,,,,,,,,,,,,,,,,,,,,,,,,,,,,,,,,,,,,,,,,,,
Galagoides_orinus,STR_Galagidae_Galagoides_orinus,,,,Monochromatic,Solitary,,,,,,,,,,0.09,,,N,Omnivore,AR,2,1,Forest,,,,,,,,,,,,,,,,,,,,,,,,,,,,,,,,,,,,,,,,,,,,,,,,,,,,,,,,,,,,,,,,,,,,,,,,,,,,,,,,,,,,,,,,,,,,,,,,,,,,,,,,,,,,,,,,,,,,,,,,,,,,,,,,,,,,,,,,,,,,,,,,,,,,,,,,,,,,,,,,,,,,,,,,,,,,,,,,,,,,,,,,,,,,,,,,,,,,,,,,,,,,,,,,,,,,,,,,,,,,,,,,,,,,,,,,,,,,,,,,
Galagoides_rondoensis,STR_Galagidae_Galagoides_rondoensis,,,,Monochromatic,,,,,,,,,,,0.675,0.69,0.66,N,Omnivore,AR,5,1,Forest,,,,,,,,,,,,,,,,,,,,,,,,,,,,,,,,,,,,,,,,,,,,,,,,,,,,,,,,,,,,,,,,,,,,,,,,,,,,,,,,,,,,,,,,,,,,,,,,,,,,,,,,,,,,,,,,,,,,,,,,,,,,,,,,,,,,,,,,,,,,,,,,,,,,,,,,,,,,,,,,,,,,,,,,,,,,,,,,,,,,,,,,,,,,,,,,,,,,,,,,,,,,,,,,,,,,,,,,,,,,,,,,,,,,,,,,,,,,,,,,
Galagoides_thomasi,STR_Galagidae_Galagoides_thomasi,,,,Monochromatic,Solitary,,,,,,,,,,0.12,0.103,0.13,N,Omnivore,AR,1,2,Forest,,,,,,,,,,,,,,,,,,,,,,,,,,,,,,,,,,,,,,,,,,,,,,,,,,,,,,,,,,,,,,,,,,,,,,,,,,,,,,,,,,,,,,,,,,,,,,,,,,,,,,,,,,,,,,,,,,,,,,,,,,,,,,,,,,,,,,,,,,,,,,,,,,,,,,,,,,,,,,,,,,,,,,,,,,,,,,,,,,,,,,,,,,,,,,,,,,,,,,,,,,,,,,,,,,,,,,,,,,,,,,,,,,,,,,,,,,,,,,,,
Gorilla_beringei,APE_Hominidae_Gorilla_beringei,,11.77528973,6.196993875,Trichromatic,Unimale/Multimale,5,,,,,,,,,130,162.5,97.5,D,Folivore_frugivore,BOTH,5,1,Forest,491.27,480.15,162500,97500,1.667,,,,,,,,,,,,,,,,,,,,,,,,,Harem Polygyny,Polygyny,,,97500,480.2,,,,,,10,,,Polygynous,Yes,,2,10.2,162500,97500,1.67,30.1,16.63,1.81,162500,28.96,164660,163220,1,0,0,0,0,1,0,0,0,0,2,2,10,,,,,,,,,,,,,,,,,,,,,,,,,,,,,,,,,,,,,,,,,,,,,,,,,,,,,,,,,,,,,,,,,,,,,,,,401096.47,,44135.09,,,,,,,,8658.01,,,2969.47,251206.07,159055.42,,8900,,,,,,,,,1198.48,,,,,,,2714.72,,,,,,,,,,,,,,,,,,,,,,,,,,,,,,,,,,,,,,,,,,,,,,,,,,,,,,,,,,,,,,,,
Hoolock_leuconedys,APE_Hylobatidae_Hoolock_leuconedys,,,,Trichromatic,Pair,,,,,,,,,,7.2,,,D,Folivore_frugivore,AR,3,1,Forest,,,,,,,,,,,,,,,,,,,,,,,,,,,,,,,,,,,,,,,,,,,,,,,,,,,,,,,,,,,,,,,,,,,,,,,,,,,,,,,,,,,,,,,,,,,,,,,,,,,,,,,,,,,,,,,,,,,,,,,,,,,,,,,,,,,,,,,,,,,,,,,,,,,,,,,,,,,,,,,,,,,,,,,,,,,,,,,,,,,,,,,,,,,,,,,,,,,,,,,,,,,,,,,,,,,,,,,,,,,,,,,,,,,,,,,,,,,,,,,,
Hoolock_tianxing,APE_Hylobatidae_Hoolock_tianxing,,,,,,,,,,,,,,,,,,,,,,,,,,,,,,,,,,,,,,,,,,,,,,,,,,,,,,,,,,,,,,,,,,,,,,,,,,,,,,,,,,,,,,,,,,,,,,,,,,,,,,,,,,,,,,,,,,,,,,,,,,,,,,,,,,,,,,,,,,,,,,,,,,,,,,,,,,,,,,,,,,,,,,,,,,,,,,,,,,,,,,,,,,,,,,,,,,,,,,,,,,,,,,,,,,,,,,,,,,,,,,,,,,,,,,,,,,,,,,,,,,,,,,,,,,,,,,,,,,,,,,,
Hylobates_abbotti,APE_Hylobatidae_Hylobates_abbotti,,,,,Pair,,,,,,,,,,5.95,6.15,5.75,D,,AR,4,1,Forest,,,,,,,,,,,,,,,,,,,,,,,,,,,,,,,,,,,,,,,,,,,,,,,,,,,,,,,,,,,,,,,,,,,,,,,,,,,,,,,,,,,,,,,,,,,,,,,,,,,,,,,,,,,,,,,,,,,,,,,,,,,,,,,,,,,,,,,,,,,,,,,,,,,,,,,,,,,,,,,,,,,,,,,,,,,,,,,,,,,,,,,,,,,,,,,,,,,,,,,,,,,,,,,,,,,,,,,,,,,,,,,,,,,,,,,,,,,,,,,,
Hylobates_albibarbis,APE_Hylobatidae_Hylobates_albibarbis,,,,Trichromatic,Pair,,,,,,,,,,5.95,5.45,6.45,D,Frugivore,AR,4,1,Forest,,,,,,,,,,,,,,,,,,,,,,,,,,,,,,,,,,,,,,,,,,,,,,,,,,,,,,,,,,,,,,,,,,,,,,,,,,,,,,,,,,,,,,,,,,,,,,,,,,,,,,,,,,,,,,,,,,,,,,,,,,,,,,,,,,,,,,,,,,,,,,,,,,,,,,,,,,,,,,,,,,,,,,,,,,,,,,,,,,,,,,,,,,,,,,,,,,,,,,,,,,,,,,,,,,,,,,,,,,,,,,,,,,,,,,,,,,,,,,,,
Hylobates_funereus,APE_Hylobatidae_Hylobates_funereus,,,,,Pair,,,,,,,,,,5.5,5.63,5.37,D,Frugivore,AR,4,1,Forest,,,,,,,,,,,,,,,,,,,,,,,,,,,,,,,,,,,,,,,,,,,,,,,,,,,,,,,,,,,,,,,,,,,,,,,,,,,,,,,,,,,,,,,,,,,,,,,,,,,,,,,,,,,,,,,,,,,,,,,,,,,,,,,,,,,,,,,,,,,,,,,,,,,,,,,,,,,,,,,,,,,,,,,,,,,,,,,,,,,,,,,,,,,,,,,,,,,,,,,,,,,,,,,,,,,,,,,,,,,,,,,,,,,,,,,,,,,,,,,,
Lagothrix_cana,PLA_Atelidae_Lagothrix_cana,,9.01371703,4.59854831,Polymorphic,Multimale,,,,,,,,,,8.31,8.97,7.65,D,Frugivore,AR,4,1,Forest/Savanna,,,,,,,,,,,,,,,,,,,,,,,,,,,,,,,,,,,,,,,,,,,,,,,,,,,,,,,,,,,,,,,,,,,,,,,,,,,,,,,,,,,,,,,,,,,,,,,,,,,,,,,,,,,,,,,,,,,,,,,,,,,,,,,,,,,,,,,,,,,,,,,,,,,,,,,,,,,,,,,,,,,,,,,,,,,,,,,,,,,,,,,,,,,,,,,,,,,,,,,,,,,,,,,,,,,,,,,,,,,,,,,,,,,,,,,,,,,,,,,,
Lagothrix_flavicauda,PLA_Atelidae_Lagothrix_flavicauda,,,,,,0,,,,,,,,,7.25,8.5,6,D,Frugivore,AR,5,1,Forest,,,,,,,,,,,,,,,,,,,,,,,,,,,,,,,,,,,,,,,,,,,,,,,,,,,,,,,,,,,,,,,,,,,,,,,,,,,,,,,,,,,,,,,,,,,,,,,,,,,,,,,,,,,,,,,,,,,,,,,,,,,,,,,,,,,,,,,,,,,,,,,,,,,,,,,,,,,,,,,,,,,,,,,,,,,,,,,,,,,,,,,,,,,,,,,,,,,,,,,,,,,,,,,,,,,,,,,,,,,,,,,,,,,,,,,,,,,,,,,,
Lagothrix_poeppigii,PLA_Atelidae_Lagothrix_poeppigii,,,,Polymorphic,Multimale,,,,,,,,,,7.25,8.5,6,D,Frugivore,AR,3,1,Forest,,,,,,,,,,,,,,,,,,,,,,,,,,,,,,,,,,,,,,,,,,,,,,,,,,,,,,,,,,,,,,,,,,,,,,,,,,,,,,,,,,,,,,,,,,,,,,,,,,,,,,,,,,,,,,,,,,,,,,,,,,,,,,,,,,,,,,,,,,,,,,,,,,,,,,,,,,,,,,,,,,,,,,,,,,,,,,,,,,,,,,,,,,,,,,,,,,,,,,,,,,,,,,,,,,,,,,,,,,,,,,,,,,,,,,,,,,,,,,,,
Lagotrix_lugens,PLA_Atelidae_Lagotrix_lugens,,,,Polymorphic,Multimale,,,,,,,,,,6.87,8,5.75,D,,AR,5,1,,,,,,,,,,,,,,,,,,,,,,,,,,,,,,,,,,,,,,,,,,,,,,,,,,,,,,,,,,,,,,,,,,,,,,,,,,,,,,,,,,,,,,,,,,,,,,,,,,,,,,,,,,,,,,,,,,,,,,,,,,,,,,,,,,,,,,,,,,,,,,,,,,,,,,,,,,,,,,,,,,,,,,,,,,,,,,,,,,,,,,,,,,,,,,,,,,,,,,,,,,,,,,,,,,,,,,,,,,,,,,,,,,,,,,,,,,,,,,,,,
Leontocebus_cruzlimai,PLA_Callitrichidae_Leontocebus_cruzlimai,,,,,,,,,,,,,,,,,,D,,AR,1,,,,,,,,,,,,,,,,,,,,,,,,,,,,,,,,,,,,,,,,,,,,,,,,,,,,,,,,,,,,,,,,,,,,,,,,,,,,,,,,,,,,,,,,,,,,,,,,,,,,,,,,,,,,,,,,,,,,,,,,,,,,,,,,,,,,,,,,,,,,,,,,,,,,,,,,,,,,,,,,,,,,,,,,,,,,,,,,,,,,,,,,,,,,,,,,,,,,,,,,,,,,,,,,,,,,,,,,,,,,,,,,,,,,,,,,,,,,,,,,,,
Leontocebus_fuscus,PLA_Callitrichidae_Leontocebus_fuscus,,,,,,,,,,,,,,,0.37,,,D,Omnivore,AR,1,1,Forest,,,,,,,,,,,,,,,,,,,,,,,,,,,,,,,,,,,,,,,,,,,,,,,,,,,,,,,,,,,,,,,,,,,,,,,,,,,,,,,,,,,,,,,,,,,,,,,,,,,,,,,,,,,,,,,,,,,,,,,,,,,,,,,,,,,,,,,,,,,,,,,,,,,,,,,,,,,,,,,,,,,,,,,,,,,,,,,,,,,,,,,,,,,,,,,,,,,,,,,,,,,,,,,,,,,,,,,,,,,,,,,,,,,,,,,,,,,,,,,,
Leontocebus_illigeri,PLA_Callitrichidae_Leontocebus_illigeri,,,,,,,,,,,,,,,0.29,0.292,0.296,D,Omnivore,AR,1,1,Forest,,,,,,,,,,,,,,,,,,,,,,,,,,,,,,,,,,,,,,,,,,,,,,,,,,,,,,,,,,,,,,,,,,,,,,,,,,,,,,,,,,,,,,,,,,,,,,,,,,,,,,,,,,,,,,,,,,,,,,,,,,,,,,,,,,,,,,,,,,,,,,,,,,,,,,,,,,,,,,,,,,,,,,,,,,,,,,,,,,,,,,,,,,,,,,,,,,,,,,,,,,,,,,,,,,,,,,,,,,,,,,,,,,,,,,,,,,,,,,,,
Leontocebus_lagonotus,PLA_Callitrichidae_Leontocebus_lagonotus,,,,,,,,,,,,,,,0.37,,,D,Omnivore,AR,1,1,Forest,,,,,,,,,,,,,,,,,,,,,,,,,,,,,,,,,,,,,,,,,,,,,,,,,,,,,,,,,,,,,,,,,,,,,,,,,,,,,,,,,,,,,,,,,,,,,,,,,,,,,,,,,,,,,,,,,,,,,,,,,,,,,,330,318.82,7.77,3.3,3.84,1.93,14.35,9.66,1.31,8.35,0.36,33.44,11.18,,,,,,,,,,,,,,,,,,,,,,,,,,,,,,,,,,,,,,,,,,,,,,,,,,,,,,,,,,,,,,,,,,,,,,,,,,,,,,,,,,,,,,,,,,,,,,,,,,,,,,
Leontocebus_leucogenys,PLA_Callitrichidae_Leontocebus_leucogenys,,,,,,,,,,,,,,,0.37,,,D,Omnivore,AR,1,1,Forest,,,,,,,,,,,,,,,,,,,,,,,,,,,,,,,,,,,,,,,,,,,,,,,,,,,,,,,,,,,,,,,,,,,,,,,,,,,,,,,,,,,,,,,,,,,,,,,,,,,,,,,,,,,,,,,,,,,,,,,,,,,,,,,,,,,,,,,,,,,,,,,,,,,,,,,,,,,,,,,,,,,,,,,,,,,,,,,,,,,,,,,,,,,,,,,,,,,,,,,,,,,,,,,,,,,,,,,,,,,,,,,,,,,,,,,,,,,,,,,,
Leontocebus_nigricollis,PLA_Callitrichidae_Leontocebus_nigricollis,,6.165417854,2.186051277,Polymorphic,Pair/Multimale,1,,,,,,,,,0.48,0.468,0.484,D,Omnivore,AR,1,1,Forest/Wetlands,,,,,,,,,,,,,,,,,,,,,,,,,,,,,,,,,,476,8.9,,,251,140,81.3,2.33,20.2,,,,,,,,,,,,,,,,,,,,,,,,,,,,,,,,,,,,,,,,,,,,,,,,,,,,,,,,,,,,,,,,,,,,,,,,,,,,,,,,20.3,21,1481,2,,,,,,,,,,,,,,,,,,,,,,,,,,,,,,,,,,,,,,,,,,,,,,,,,,,,,,,,,,,,,,,,,,,,,,,,,,,,,,,,,,,,,,,,,,,,,,,,,,,,,,,,,,,,,,,,,,,
Leontocebus_nigrifrons,PLA_Callitrichidae_Leontocebus_nigrifrons,,,,,,,,,,,,,,,0.36,0.354,0.369,D,Omnivore,AR,1,1,Forest,,,,,,,,,,,,,,,,,,,,,,,,,,,,,,,,,,,,,,,,,,,,,,,,,,,,,,,,,,,,,,,,,,,,,,,,,,,,,,,,,,,,,,,,,,,,,,,,,,,,,,,,,,,,,,,,,,,,,,,,,,,,,,,,,,,,,,,,,,,,,,,,,,,,,,,,,,,,,,,,,,,,,,,,,,,,,,,,,,,,,,,,,,,,,,,,,,,,,,,,,,,,,,,,,,,,,,,,,,,,,,,,,,,,,,,,,,,,,,,,
Leontocebus_tripartitus,PLA_Callitrichidae_Leontocebus_tripartitus,,,,Polymorphic,Multimale,,,,,,,,,,0.4,,,D,Omnivore,AR,2,1,Forest/Wetlands,,,,,,5.5,2.5,1.5,0.6,,,,,,,,,,,,,,,,,,,,,,,,,,,,,,,,,,,,,,,,,,,,,,,,,,,,,,,,,,,,,,,,,,,,,,,,,,,,,,,,,,,,,,,,,,,,,,,,,,,,,,,,,,,,,,,,,,,,,,,,,,,,,,,,,,,,,,,,,,,,,,,,,,,,,,,,,,,,,,,,,,,,,,,,,,,,,,,,,,,,,,,,,,,,,,,,,,,,,,,,,,,,,,,,,,,,,,,,,,,,,,,,,,,,,,,
Leontocebus_weddelli,PLA_Callitrichidae_Leontocebus_weddelli,,,,,,,,,,,,,,,0.36,0.359,0.357,D,Omnivore,AR,1,1,Forest,,,,,,,,,,,,,,,,,,,,,,,,,,,,,,,,,,,,,,,,,,,,,,,,,,,,,,,,,,,,,,,,,,,,,,,,,,,,,,,,,,,,,,,,,,,,,,,,,,,,,,,,,,,,,,,,,,,,,,,,,,,,,,,,,,,,,,,,,,,,,,,,,,,,,,,,,,,,,,,,,,,,,,,,,,,,,,,,,,,,,,,,,,,,,,,,,,,,,,,,,,,,,,,,,,,,,,,,,,,,,,,,,,,,,,,,,,,,,,,,
Leontopithecus_caissara,PLA_Callitrichidae_Leontopithecus_caissara,,,,Polymorphic,,,,,,,,,,,0.58,0.606,0.551,D,Frugivore,AR,5,1,Forest,,,,,,,,,,,,,,,,,,,,,,,,,,,,,,,,,,,,,,,,,,,,,,,,,,,,,,,,,,,,,,,,,,,,,,,,,,,,,,,,,,,,,,,,,,,,,,,,,,,,,,,,,,,,,,,,,,,,,,,,,,,,,,,,,,,,,,,,,,,,,,,,,,,,,,,,,,,,,,,,,,,,,,,,,,,,,,,,,,,,,,,,,,,,,,,,,,,,,,,,,,,,,,,,,,,,,,,,,,,,,,,,,,,,,,,,,,,,,,,,
Lepilemur_aeeclis,STR_Lepilemuridae_Lepilemur_aeeclis,,,,Dichromatic,Solitary,,Absent,Discrete,,,,,,,0.86,0.868,0.909,N,,AR,3,1,Forest,,,,,,,,,,,,,,,,,,,,,,,,,,,,,,,Solitary,,No,,,,,,,,,,,,,,,,,,,,,,,,,,,,,,,,,,,,,,,,,,,,,,,,,,,,,,,,,,,,,,,,,,,,,,,,,,,,,,,,,,,,,,,,,,,,,,,,,,,,,,,,,,,,,,,,,,,,,,,,,,,,,,,,,,,,,,,,,,,,,,,,,,,,,,,,,,,,,,,,,,,,,,,,,,,,,,,,,,,,,,,,,,,,,,,,,,,,,,,,,,,,,,,
Lepilemur_ahmansonorum,STR_Lepilemuridae_Lepilemur_ahmansonorum,,,,Dichromatic,Solitary,,,,,,,,,,0.595,,,N,,AR,4,1,Forest,,,,,,,,,,,,,,,,,,,,,,,,,,,,,,,,,,,,,,,,,,,,,,,,,,,,,,,,,,,,,,,,,,,,,,,,,,,,,,,,,,,,,,,,,,,,,,,,,,,,,,,,,,,,,,,,,,,,,,,,,,,,,,,,,,,,,,,,,,,,,,,,,,,,,,,,,,,,,,,,,,,,,,,,,,,,,,,,,,,,,,,,,,,,,,,,,,,,,,,,,,,,,,,,,,,,,,,,,,,,,,,,,,,,,,,,,,,,,,,,
Lepilemur_ankaranensis,STR_Lepilemuridae_Lepilemur_ankaranensis,,,,Dichromatic,Solitary,,Absent,Discrete,,,,,,,0.76,,,N,Folivore_frugivore,AR,4,1,Forest,,,,,,,,,,,,,,,,,,,,,,,,,,,,,,,Solitary,,No,,,,,,,,,,,,,,,,,,,,,,,,,,,,,,,,,,,,,,,,,,,,,,,,,,,,,,,,,,,,,,,,,,,,,,,,,,,,,,,,,,,,,,,,,,,,,,,,,,,,,,,,,,,,,,,,,,,,,,,,,,,,,,,,,,,,,,,,,,,,,,,,,,,,,,,,,,,,,,,,,,,,,,,,,,,,,,,,,,,,,,,,,,,,,,,,,,,,,,,,,,,,,,,
Lepilemur_betsileo,STR_Lepilemuridae_Lepilemur_betsileo,,,,Dichromatic,Solitary,,,,,,,,,,1.14,,,N,,AR,4,1,Forest,,,,,,,,,,,,,,,,,,,,,,,,,,,,,,,,,,,,,,,,,,,,,,,,,,,,,,,,,,,,,,,,,,,,,,,,,,,,,,,,,,,,,,,,,,,,,,,,,,,,,,,,,,,,,,,,,,,,,,,,,,,,,,,,,,,,,,,,,,,,,,,,,,,,,,,,,,,,,,,,,,,,,,,,,,,,,,,,,,,,,,,,,,,,,,,,,,,,,,,,,,,,,,,,,,,,,,,,,,,,,,,,,,,,,,,,,,,,,,,,
Lepilemur_fleuretae,STR_Lepilemuridae_Lepilemur_fleuretae,,,,Dichromatic,Solitary,,,,,,,,,,0.89,,,N,,AR,5,1,Forest,,,,,,,,,,,,,,,,,,,,,,,,,,,,,,,,,,,,,,,,,,,,,,,,,,,,,,,,,,,,,,,,,,,,,,,,,,,,,,,,,,,,,,,,,,,,,,,,,,,,,,,,,,,,,,,,,,,,,,,,,,,,,,,,,,,,,,,,,,,,,,,,,,,,,,,,,,,,,,,,,,,,,,,,,,,,,,,,,,,,,,,,,,,,,,,,,,,,,,,,,,,,,,,,,,,,,,,,,,,,,,,,,,,,,,,,,,,,,,,,
Lepilemur_grewcockorum,STR_Lepilemuridae_Lepilemur_grewcockorum,,,,Dichromatic,Solitary,,,,,,,,,,0.82,,,N,,AR,4,1,Forest,,,,,,,,,,,,,,,,,,,,,,,,,,,,,,,,,,,,,,,,,,,,,,,,,,,,,,,,,,,,,,,,,,,,,,,,,,,,,,,,,,,,,,,,,,,,,,,,,,,,,,,,,,,,,,,,,,,,,,,,,,,,,,,,,,,,,,,,,,,,,,,,,,,,,,,,,,,,,,,,,,,,,,,,,,,,,,,,,,,,,,,,,,,,,,,,,,,,,,,,,,,,,,,,,,,,,,,,,,,,,,,,,,,,,,,,,,,,,,,,
Lepilemur_hollandorum,STR_Lepilemuridae_Lepilemur_hollandorum,,,,,,,,,,,,,,,1,,,N,,AR,4,1,Forest,,,,,,,,,,,,,,,,,,,,,,,,,,,,,,,,,,,,,,,,,,,,,,,,,,,,,,,,,,,,,,,,,,,,,,,,,,,,,,,,,,,,,,,,,,,,,,,,,,,,,,,,,,,,,,,,,,,,,,,,,,,,,,,,,,,,,,,,,,,,,,,,,,,,,,,,,,,,,,,,,,,,,,,,,,,,,,,,,,,,,,,,,,,,,,,,,,,,,,,,,,,,,,,,,,,,,,,,,,,,,,,,,,,,,,,,,,,,,,,,
Lepilemur_hubbardi,STR_Lepilemuridae_Lepilemur_hubbardi,,,,Dichromatic,Solitary,,,,,,,,,,0.99,,,N,,AR,4,1,Forest,,,,,,,,,,,,,,,,,,,,,,,,,,,,,,,,,,,,,,,,,,,,,,,,,,,,,,,,,,,,,,,,,,,,,,,,,,,,,,,,,,,,,,,,,,,,,,,,,,,,,,,,,,,,,,,,,,,,,,,,,,,,,,,,,,,,,,,,,,,,,,,,,,,,,,,,,,,,,,,,,,,,,,,,,,,,,,,,,,,,,,,,,,,,,,,,,,,,,,,,,,,,,,,,,,,,,,,,,,,,,,,,,,,,,,,,,,,,,,,,
Lepilemur_jamesorum,STR_Lepilemuridae_Lepilemur_jamesorum,,,,Dichromatic,Solitary,,,,,,,,,,0.825,,,N,,AR,5,1,Forest,,,,,,,,,,,,,,,,,,,,,,,,,,,,,,,,,,,,,,,,,,,,,,,,,,,,,,,,,,,,,,,,,,,,,,,,,,,,,,,,,,,,,,,,,,,,,,,,,,,,,,,,,,,,,,,,,,,,,,,,,,,,,,,,,,,,,,,,,,,,,,,,,,,,,,,,,,,,,,,,,,,,,,,,,,,,,,,,,,,,,,,,,,,,,,,,,,,,,,,,,,,,,,,,,,,,,,,,,,,,,,,,,,,,,,,,,,,,,,,,
Lepilemur_milanoii,STR_Lepilemuridae_Lepilemur_milanoii,,,,Dichromatic,Solitary,,,,,,,,,,0.715,,,N,,AR,4,1,Forest,,,,,,,,,,,,,,,,,,,,,,,,,,,,,,,,,,,,,,,,,,,,,,,,,,,,,,,,,,,,,,,,,,,,,,,,,,,,,,,,,,,,,,,,,,,,,,,,,,,,,,,,,,,,,,,,,,,,,,,,,,,,,,,,,,,,,,,,,,,,,,,,,,,,,,,,,,,,,,,,,,,,,,,,,,,,,,,,,,,,,,,,,,,,,,,,,,,,,,,,,,,,,,,,,,,,,,,,,,,,,,,,,,,,,,,,,,,,,,,,
Lepilemur_mittermeieri,STR_Lepilemuridae_Lepilemur_mittermeieri,,,,Dichromatic,Solitary,,,,,,,,,,0.86,,,N,Folivore,AR,4,1,Forest,,,,,,,,,,,,,,,,,,,,,,,,,,,,,,,,,,,,,,,,,,,,,,,,,,,,,,,,,,,,,,,,,,,,,,,,,,,,,,,,,,,,,,,,,,,,,,,,,,,,,,,,,,,,,,,,,,,,,,,,,,,,,,,,,,,,,,,,,,,,,,,,,,,,,,,,,,,,,,,,,,,,,,,,,,,,,,,,,,,,,,,,,,,,,,,,,,,,,,,,,,,,,,,,,,,,,,,,,,,,,,,,,,,,,,,,,,,,,,,,
Lepilemur_otto,STR_Lepilemuridae_Lepilemur_otto,,,,Dichromatic,Solitary,,,,,,,,,,0.939,,,N,,AR,4,1,Forest,,,,,,,,,,,,,,,,,,,,,,,,,,,,,,,,,,,,,,,,,,,,,,,,,,,,,,,,,,,,,,,,,,,,,,,,,,,,,,,,,,,,,,,,,,,,,,,,,,,,,,,,,,,,,,,,,,,,,,,,,,,,,,,,,,,,,,,,,,,,,,,,,,,,,,,,,,,,,,,,,,,,,,,,,,,,,,,,,,,,,,,,,,,,,,,,,,,,,,,,,,,,,,,,,,,,,,,,,,,,,,,,,,,,,,,,,,,,,,,,
Lepilemur_petteri,STR_Lepilemuridae_Lepilemur_petteri,,,,Dichromatic,Solitary,,,,,,,,,,0.62,0.655,0.585,N,Folivore,AR,3,1,Forest,,,,,,,,,,,,,,,,,,,,,,,,,,,,,,,,,,,,,,,,,,,,,,,,,,,,,,,,,,,,,,,,,,,,,,,,,,,,,,,,,,,,,,,,,,,,,,,,,,,,,,,,,,,,,,,,,,,,,,,,,,,,,,,,,,,,,,,,,,,,,,,,,,,,,,,,,,,,,,,,,,,,,,,,,,,,,,,,,,,,,,,,,,,,,,,,,,,,,,,,,,,,,,,,,,,,,,,,,,,,,,,,,,,,,,,,,,,,,,,,
Lepilemur_randrianasoloi,STR_Lepilemuridae_Lepilemur_randrianasoloi,,,,Dichromatic,Solitary,,Absent,Discrete,,,,,,,0.855,,,N,Folivore,AR,4,1,Forest,,,,,,,,,,,,,,,,,,,,,,,,,,,,,,,Solitary,,No,,,,,,,,,,,,,,,,,,,,,,,,,,,,,,,,,,,,,,,,,,,,,,,,,,,,,,,,,,,,,,,,,,,,,,,,,,,,,,,,,,,,,,,,,,,,,,,,,,,,,,,,,,,,,,,,,,,,,,,,,,,,,,,,,,,,,,,,,,,,,,,,,,,,,,,,,,,,,,,,,,,,,,,,,,,,,,,,,,,,,,,,,,,,,,,,,,,,,,,,,,,,,,,
Lepilemur_sahamalazensis,STR_Lepilemuridae_Lepilemur_sahamalazensis,,,,Dichromatic,Solitary,,Absent,Discrete,,,,,,,0.69,0.71,0.678,N,Folivore,AR,5,1,Forest,,,,,,,,,,,,,,,,,,,,,,,,,,,,,,,Solitary,,No,,,,,,,,,,,,,,,,,,,,,,,,,,,,,,,,,,,,,,,,,,,,,,,,,,,,,,,,,,,,,,,,,,,,,,,,,,,,,,,,,,,,,,,,,,,,,,,,,,,,,,,,,,,,,,,,,,,,,,,,,,,,,,,,,,,,,,,,,,,,,,,,,,,,,,,,,,,,,,,,,,,,,,,,,,,,,,,,,,,,,,,,,,,,,,,,,,,,,,,,,,,,,,,
Lepilemur_scottorum,STR_Lepilemuridae_Lepilemur_scottorum,,,,,,,,,,,,,,,0.88,,,N,Folivore,AR,4,1,Forest,,,,,,,,,,,,,,,,,,,,,,,,,,,,,,,,,,,,,,,,,,,,,,,,,,,,,,,,,,,,,,,,,,,,,,,,,,,,,,,,,,,,,,,,,,,,,,,,,,,,,,,,,,,,,,,,,,,,,,,,,,,,,,,,,,,,,,,,,,,,,,,,,,,,,,,,,,,,,,,,,,,,,,,,,,,,,,,,,,,,,,,,,,,,,,,,,,,,,,,,,,,,,,,,,,,,,,,,,,,,,,,,,,,,,,,,,,,,,,,,
Lepilemur_seali,STR_Lepilemuridae_Lepilemur_seali,,,,Dichromatic,Solitary,,Absent,Discrete,,,,,,,0.95,,,N,Folivore,AR,3,1,Forest,,,,,,,,,,,,,,,,,,,,,,,,,,,,,,,Solitary,,No,,,,,,,,,,,,,,,,,,,,,,,,,,,,,,,,,,,,,,,,,,,,,,,,,,,,,,,,,,,,,,,,,,,,,,,,,,,,,,,,,,,,,,,,,,,,,,,,,,,,,,,,,,,,,,,,,,,,,,,,,,,,,,,,,,,,,,,,,,,,,,,,,,,,,,,,,,,,,,,,,,,,,,,,,,,,,,,,,,,,,,,,,,,,,,,,,,,,,,,,,,,,,,,
Lepilemur_tymerlachsoni,STR_Lepilemuridae_Lepilemur_tymerlachsoni,,,,Dichromatic,Solitary,,,,,,,,,,0.88,,,N,Folivore_frugivore,AR,5,1,Forest,,,,,,,,,,,,,,,,,,,,,,,,,,,,,,,,,,,,,,,,,,,,,,,,,,,,,,,,,,,,,,,,,,,,,,,,,,,,,,,,,,,,,,,,,,,,,,,,,,,,,,,,,,,,,,,,,,,,,,,,,,,,,,,,,,,,,,,,,,,,,,,,,,,,,,,,,,,,,,,,,,,,,,,,,,,,,,,,,,,,,,,,,,,,,,,,,,,,,,,,,,,,,,,,,,,,,,,,,,,,,,,,,,,,,,,,,,,,,,,,
Lepilemur_wrightae,STR_Lepilemuridae_Lepilemur_wrightae,,,,Dichromatic,Solitary,,,,,,,,,,1.435,1.8,1.85,N,Folivore,AR,4,1,Forest,,,,,,,,,,,,,,,,,,,,,,,,,,,,,,,,,,,,,,,,,,,,,,,,,,,,,,,,,,,,,,,,,,,,,,,,,,,,,,,,,,,,,,,,,,,,,,,,,,,,,,,,,,,,,,,,,,,,,,,,,,,,,,,,,,,,,,,,,,,,,,,,,,,,,,,,,,,,,,,,,,,,,,,,,,,,,,,,,,,,,,,,,,,,,,,,,,,,,,,,,,,,,,,,,,,,,,,,,,,,,,,,,,,,,,,,,,,,,,,,
Lophocebus_johnstoni,OWM_Cercopithecidae_Lophocebus_johnstoni,,,,,,,,,,,,,,,6.58,7.55,5.6,D,,AR,1,,Forest,,,,,,,,,,,,,,,,,,,,,,,,,,,,,,,,,,,,,,,,,,,,,,,,,,,,,,,,,,,,,,,,,,,,,,,,,,,,,,,,,,,,,,,,,,,,,,,,,,,,,,,,,,,,,,,,,,,,,,,,,,,,,,,,,,,,,,,,,,,,,,,,,,,,,,,,,,,,,,,,,,,,,,,,,,,,,,,,,,,,,,,,,,,,,,,,,,,,,,,,,,,,,,,,,,,,,,,,,,,,,,,,,,,,,,,,,,,,,,,,
Lophocebus_opdenboschi,OWM_Cercopithecidae_Lophocebus_opdenboschi,,,,,,,,,,,,,,,6.8,8,5.6,D,,AR,,1,Forest/Wetlands,,,,,,,,,,,,,,,,,,,,,,,,,,,,,,,,,,,,,,,,,,,,,,,,,,,,,,,,,,,,,,,,,,,,,,,,,,,,,,,,,,,,,,,,,,,,,,,,,,,,,,,,,,,,,,,,,,,,,,,,,,,,,,,,,,,,,,,,,,,,,,,,,,,,,,,,,,,,,,,,,,,,,,,,,,,,,,,,,,,,,,,,,,,,,,,,,,,,,,,,,,,,,,,,,,,,,,,,,,,,,,,,,,,,,,,,,,,,,,,,
Lophocebus_osmani,OWM_Cercopithecidae_Lophocebus_osmani,,,,,,,,,,,,,,,6.58,7.55,5.6,D,,AR,1,,Forest,,,,,,,,,,,,,,,,,,,,,,,,,,,,,,,,,,,,,,,,,,,,,,,,,,,,,,,,,,,,,,,,,,,,,,,,,,,,,,,,,,,,,,,,,,,,,,,,,,,,,,,,,,,,,,,,,,,,,,,,,,,,,,,,,,,,,,,,,,,,,,,,,,,,,,,,,,,,,,,,,,,,,,,,,,,,,,,,,,,,,,,,,,,,,,,,,,,,,,,,,,,,,,,,,,,,,,,,,,,,,,,,,,,,,,,,,,,,,,,,
Lophocebus_ugandae,OWM_Cercopithecidae_Lophocebus_ugandae,,,,,,,,,,,,,,,6.5,8,5,D,Folivore_frugivore,AR,,,Forest,,,,,,,,,,,,,,,,,,,,,,,,,,,,,,,,,,,,,,,,,,,,,,,,,,,,,,,,,,,,,,,,,,,,,,,,,,,,,,,,,,,,,,,,,,,,,,,,,,,,,,,,,,,,,,,,,,,,,,,,,,,,,,,,,,,,,,,,,,,,,,,,,,,,,,,,,,,,,,,,,,,,,,,,,,,,,,,,,,,,,,,,,,,,,,,,,,,,,,,,,,,,,,,,,,,,,,,,,,,,,,,,,,,,,,,,,,,,,,,,
Macaca_leucogenys,OWM_Cercopithecidae_Macaca_leucogenys,,,,,,,,,,,,,,,,,,D,,,,,,,,,,,,,,,,,,,,,,,,,,,,,,,,,,,,,,,,,,,,,,,,,,,,,,,,,,,,,,,,,,,,,,,,,,,,,,,,,,,,,,,,,,,,,,,,,,,,,,,,,,,,,,,,,,,,,,,,,,,,,,,,,,,,,,,,,,,,,,,,,,,,,,,,,,,,,,,,,,,,,,,,,,,,,,,,,,,,,,,,,,,,,,,,,,,,,,,,,,,,,,,,,,,,,,,,,,,,,,,,,,,,,,,,,,,,,,,,,,,,,
Macaca_munzala,OWM_Cercopithecidae_Macaca_munzala,,,,Trichromatic,Multimale,,,,,,,,,,15,15,,D,Folivore,BOTH,4,1,Forest,,,,,,,,,,,,,,,,,,,,,,,,,,,,,,,,,,,,,,,,,,,,,,,,,,,,,,,,,,,,,,,,,,,,,,,,,,,,,,,,,,,,,,,,,,,,,,,,,,,,,,,,,,,,,,,,,,,,,,,,,,,,,,,,,,,,,,,,,,,,,,,,,,,,,,,,,,,,,,,,,,,,,,,,,,,,,,,,,,,,,,,,,,,,,,,,,,,,,,,,,,,,,,,,,,,,,,,,,,,,,,,,,,,,,,,,,,,,,,,,
Macaca_siberu,OWM_Cercopithecidae_Macaca_siberu,,,,Trichromatic,Multimale,,,,,,,,,,6.165,7.5,5.25,D,Frugivore,AR,4,1,Forest,,,,,,,,,,,,,,,,,,,,,,,,,,,,,,,,,,,,,,,,,,,,,,,,,,,,,,,,,,,,,,,,,,,,,,,,,,,,,,,,,,,,,,,,,,,,,,,,,,,,,,,,,,,,,,,,,,,,,,,,,,,,,,,,,,,,,,,,,,,,,,,,,,,,,,,,,,,,,,,,,,,,,,,,,,,,,,,,,,,,,,,,,,,,,,,,,,,,,,,,,,,,,,,,,,,,,,,,,,,,,,,,,,,,,,,,,,,,,,,,
Mico_acariensis,PLA_Callitrichidae_Mico_acariensis,,,,Polymorphic,,,,,,,,,,,0.42,,0.42,D,Omnivore,AR,1,,Forest,,,,,,,,,,,,,,,,,,,,,,,,,,,,,,,,,,,,,,,,,,,,,,,,,,,,,,,,,,,,,,,,,,,,,,,,,,,,,,,,,,,,,,,,,,,,,,,,,,,,,,,,,,,,,,,,,,,,,,,,,,,,,,,,,,,,,,,,,,,,,,,,,,,,,,,,,,,,,,,,,,,,,,,,,,,,,,,,,,,,,,,,,,,,,,,,,,,,,,,,,,,,,,,,,,,,,,,,,,,,,,,,,,,,,,,,,,,,,,,,
Mico_chrysoleucos,PLA_Callitrichidae_Mico_chrysoleucos,,,,Polymorphic,,,,,,,,,,,0.295,0.28,0.31,D,Omnivore,AR,1,,Forest,,,,,,,,,,,,,,,,,,,,,,,,,,,,,,,,,,,,,,,,,,,,,,,,,,,,,,,,,,,,,,,,,,,,,,,,,,,,,,,,,,,,,,,,,,,,,,,,,,,,,,,,,,,,,,,,,,,,,,,,,,,,,,,,,,,,,,,,,,,,,,,,,,,,,,,,,,,,,,,,,,,,,,,,,,,,,,,,,,,,,,,,,,,,,,,,,,,,,,,,,,,,,,,,,,,,,,,,,,,,,,,,,,,,,,,,,,,,,,,,
Mico_humilis,PLA_Callitrichidae_Mico_humilis,,,,,Multimale,,,,,,,,,,,,,,,,,,,,,,,,,,,,,,,,,,,,,,,,,,,,,,,,,,,,,,,,,,,,,,,,,,,,,,,,,,,,,,,,,,,,,,,,,,,,,,,,,,,,,,,,,,,,,,,,,,,,,,,,,,,,,,,,,,,,,,,,,,,,,,,,,,,,,,,,,,,,,,,,,,,,,,,,,,,,,,,,,,,,,,,,,,,,,,,,,,,,,,,,,,,,,,,,,,,,,,,,,,,,,,,,,,,,,,,,,,,,,,,,,,,,,,,,,,,,,,,,,,
Mico_intermedius,PLA_Callitrichidae_Mico_intermedius,,,,Polymorphic,,,,,,,,,,,0.325,0.28,0.31,D,Omnivore,AR,1,1,Forest,,,,,,,,,,,,,,,,,,,,,,,,,,,,,,,,,,,,,,,,,,,,,,,,,,,,,,,,,,,,,,,,,,,,,,,,,,,,,,,,,,,,,,,,,,,,,,,,,,,,,,,,,,,,,,,,,,,,,,,,,,,,,,,,,,,,,,,,,,,,,,,,,,,,,,,,,,,,,,,,,,,,,,,,,,,,,,,,,,,,,,,,,,,,,,,,,,,,,,,,,,,,,,,,,,,,,,,,,,,,,,,,,,,,,,,,,,,,,,,,
Mico_leucippe,PLA_Callitrichidae_Mico_leucippe,,,,Polymorphic,,,,,,,,,,,0.5,0.5,,D,Omnivore,AR,3,1,Forest,,,,,,,,,,,,,,,,,,,,,,,,,,,,,,,,,,,,,,,,,,,,,,,,,,,,,,,,,,,,,,,,,,,,,,,,,,,,,,,,,,,,,,,,,,,,,,,,,,,,,,,,,,,,,,,,,,,,,,,,,,,,,,,,,,,,,,,,,,,,,,,,,,,,,,,,,,,,,,,,,,,,,,,,,,,,,,,,,,,,,,,,,,,,,,,,,,,,,,,,,,,,,,,,,,,,,,,,,,,,,,,,,,,,,,,,,,,,,,,,
Mico_marcai,PLA_Callitrichidae_Mico_marcai,,,,Polymorphic,,,,,,,,,,,0.55,0.71,0.396,D,,AR,,,Forest,,,,,,,,,,,,,,,,,,,,,,,,,,,,,,,,,,,,,,,,,,,,,,,,,,,,,,,,,,,,,,,,,,,,,,,,,,,,,,,,,,,,,,,,,,,,,,,,,,,,,,,,,,,,,,,,,,,,,,,,,,,,,,,,,,,,,,,,,,,,,,,,,,,,,,,,,,,,,,,,,,,,,,,,,,,,,,,,,,,,,,,,,,,,,,,,,,,,,,,,,,,,,,,,,,,,,,,,,,,,,,,,,,,,,,,,,,,,,,,,
Mico_mauesi,PLA_Callitrichidae_Mico_mauesi,,,,Polymorphic,Multimale,,,,,,,,,,0.37,0.345,0.398,D,Omnivore,AR,1,2,Forest,,,,,,,,,,,,,,,,,,,,,,,,,,,,,,,,,,,,,,,,,,,,,,,,,,,,,,,,,,,,,,,,,,,,,,,,,,,,,,,,,,,,,,,,,,,,,,,,,,,,,,,,,,,,,,,,,,,,,,,,,,,,,,,,,,,,,,,,,,,,,,,,,,,,,,,,,,,,,,,,,,,,,,,,,,,,,,,,,,,,,,,,,,,,,,,,,,,,,,,,,,,,,,,,,,,,,,,,,,,,,,,,,,,,,,,,,,,,,,,,
Mico_melanurus,PLA_Callitrichidae_Mico_melanurus,,,,Polymorphic,,,,,,,,,,,0.22,0.406,0.038,D,Omnivore,AR,1,,Forest/Savanna,,,,,,,,,,,,,,,,,,,,,,,,,,,,,,,,,,,,,,,,,,,,,,,,,,,,,,,,,,,,,,,,,,,,,,,,,,,,,,,,,,,,,,,,,,,,,,,,,,,,,,,,,,,,,,,,,,,,,,,,,,,,,,,,,,,,,,,,,,,,,,,,,,,,,,,,,,,,,,,,,,,,,,,,,,,,,,,,,,,,,,,,,,,,,,,,,,,,,,,,,,,,,,,,,,,,,,,,,,,,,,,,,,,,,,,,,,,,,,,,
Mico_nigriceps,PLA_Callitrichidae_Mico_nigriceps,,,,Polymorphic,,,,,,,,,,,0.38,0.37,0.39,D,Omnivore,AR,,,Forest,,,,,,,,,,,,,,,,,,,,,,,,,,,,,,,,,,,,,,,,,,,,,,,,,,,,,,,,,,,,,,,,,,,,,,,,,,,,,,,,,,,,,,,,,,,,,,,,,,,,,,,,,,,,,,,,,,,,,,,,,,,,,,,,,,,,,,,,,,,,,,,,,,,,,,,,,,,,,,,,,,,,,,,,,,,,,,,,,,,,,,,,,,,,,,,,,,,,,,,,,,,,,,,,,,,,,,,,,,,,,,,,,,,,,,,,,,,,,,,,
Mico_rondoni,PLA_Callitrichidae_Mico_rondoni,,,,,,,,,,,,,,,0.33,,,D,Omnivore,AR,3,1,Forest,,,,,,,,,,,,,,,,,,,,,,,,,,,,,,,,,,,,,,,,,,,,,,,,,,,,,,,,,,,,,,,,,,,,,,,,,,,,,,,,,,,,,,,,,,,,,,,,,,,,,,,,,,,,,,,,,,,,,,,,,,,,,,,,,,,,,,,,,,,,,,,,,,,,,,,,,,,,,,,,,,,,,,,,,,,,,,,,,,,,,,,,,,,,,,,,,,,,,,,,,,,,,,,,,,,,,,,,,,,,,,,,,,,,,,,,,,,,,,,,
Mico_saterei,PLA_Callitrichidae_Mico_saterei,,,,Polymorphic,Multimale,,,,,,,,,,0.44,0.47,0.412,D,Omnivore,AR,1,,Forest,,,,,,,,,,,,,,,,,,,,,,,,,,,,,,,,,,,,,,,,,,,,,,,,,,,,,,,,,,,,,,,,,,,,,,,,,,,,,,,,,,,,,,,,,,,,,,,,,,,,,,,,,,,,,,,,,,,,,,,,,,,,,,,,,,,,,,,,,,,,,,,,,,,,,,,,,,,,,,,,,,,,,,,,,,,,,,,,,,,,,,,,,,,,,,,,,,,,,,,,,,,,,,,,,,,,,,,,,,,,,,,,,,,,,,,,,,,,,,,,
Microcebus_arnholdi,STR_Cheirogaleidae_Microcebus_arnholdi,,,,,Solitary,,,,,,,,,,0.05,,,N,,AR,4,1,Forest,,,,,,,,,,,,,,,,,,,,,,,,,,,,,,,,,,,,,,,,,,,,,,,,,,,,,,,,,,,,,,,,,,,,,,,,,,,,,,,,,,,,,,,,,,,,,,,,,,,,,,,,,,,,,,,,,,,,,,,,,,,,,,,,,,,,,,,,,,,,,,,,,,,,,,,,,,,,,,,,,,,,,,,,,,,,,,,,,,,,,,,,,,,,,,,,,,,,,,,,,,,,,,,,,,,,,,,,,,,,,,,,,,,,,,,,,,,,,,,,
Microcebus_bongolavensis,STR_Cheirogaleidae_Microcebus_bongolavensis,,,,Dichromatic,Solitary,,,,,,,,,,0.052,0.0543,0.0541,N,,AR,4,1,Forest,,,,,,,,,,,,,,,,,,,,,,,,,,,,,,,,,,,,,,,,,,,,,,,,,,,,,,,,,,,,,,,,,,,,,,,,,,,,,,,,,,,,,,,,,,,,,,,,,,,,,,,,,,,,,,,,,,,,,,,,,,,,,,,,,,,,,,,,,,,,,,,,,,,,,,,,,,,,,,,,,,,,,,,,,,,,,,,,,,,,,,,,,,,,,,,,,,,,,,,,,,,,,,,,,,,,,,,,,,,,,,,,,,,,,,,,,,,,,,,,
Microcebus_boraha,STR_Cheirogaleidae_Microcebus_boraha,,,,,,,,,,,,,,,,,,,,,,,,,,,,,,,,,,,,,,,,,,,,,,,,,,,,,,,,,,,,,,,,,,,,,,,,,,,,,,,,,,,,,,,,,,,,,,,,,,,,,,,,,,,,,,,,,,,,,,,,,,,,,,,,,,,,,,,,,,,,,,,,,,,,,,,,,,,,,,,,,,,,,,,,,,,,,,,,,,,,,,,,,,,,,,,,,,,,,,,,,,,,,,,,,,,,,,,,,,,,,,,,,,,,,,,,,,,,,,,,,,,,,,,,,,,,,,,,,,,,,,,
Microcebus_danfossi,STR_Cheirogaleidae_Microcebus_danfossi,,,,Dichromatic,Solitary,,,,,,,,,,0.06,0.0612,0.0658,N,,AR,4,1,Forest,,,,,,,,,,,,,,,,,,,,,,,,,,,,,,,,,,,,,,,,,,,,,,,,,,,,,,,,,,,,,,,,,,,,,,,,,,,,,,,,,,,,,,,,,,,,,,,,,,,,,,,,,,,,,,,,,,,,,,,,,,,,,,,,,,,,,,,,,,,,,,,,,,,,,,,,,,,,,,,,,,,,,,,,,,,,,,,,,,,,,,,,,,,,,,,,,,,,,,,,,,,,,,,,,,,,,,,,,,,,,,,,,,,,,,,,,,,,,,,,
Microcebus_ganzhorni,STR_Cheirogaleidae_Microcebus_ganzhorni,,,,,,,,,,,,,,,,,,,,,,,,,,,,,,,,,,,,,,,,,,,,,,,,,,,,,,,,,,,,,,,,,,,,,,,,,,,,,,,,,,,,,,,,,,,,,,,,,,,,,,,,,,,,,,,,,,,,,,,,,,,,,,,,,,,,,,,,,,,,,,,,,,,,,,,,,,,,,,,,,,,,,,,,,,,,,,,,,,,,,,,,,,,,,,,,,,,,,,,,,,,,,,,,,,,,,,,,,,,,,,,,,,,,,,,,,,,,,,,,,,,,,,,,,,,,,,,,,,,,,,,
Microcebus_gerpi,STR_Cheirogaleidae_Microcebus_gerpi,,,,,Solitary,,,,,,,,,,0.07,0.0672,0.0693,N,,AR,5,1,Forest,,,,,,,,,,,,,,,,,,,,,,,,,,,,,,,,,,,,,,,,,,,,,,,,,,,,,,,,,,,,,,,,,,,,,,,,,,,,,,,,,,,,,,,,,,,,,,,,,,,,,,,,,,,,,,,,,,,,,,,,,,,,,,,,,,,,,,,,,,,,,,,,,,,,,,,,,,,,,,,,,,,,,,,,,,,,,,,,,,,,,,,,,,,,,,,,,,,,,,,,,,,,,,,,,,,,,,,,,,,,,,,,,,,,,,,,,,,,,,,,
Microcebus_griseorufus,STR_Cheirogaleidae_Microcebus_griseorufus,,,,Dichromatic,Solitary,,Absent,Overlap,Low,,,,,,0.05,0.048,0.057,N,Omnivore,AR,1,1,Forest/Shrubland,,,,,,,,,,,,,,,,,,,,,,,,,,,,,,,,,,,,,,,,,,,,,,,,,,,,,,,,,,,,,,,,,,,,,,,,,,,,,,,,,,,,,,,,,,,,,,,,,,,,,,,,,,,,,,,,,,,,,,,,,,,,,,,,,,,,,,,,,,,,,,,,,,,,,,,,,,,,,,,,,,,,,,,,,,,,,,,,,,,,,,,,,,,,,,,,,,,,,,,,,,,,,,,,,,,,,,,,,,,,,,,,,,,,,,,,,,,,,,,,
Microcebus_jollyae,STR_Cheirogaleidae_Microcebus_jollyae,,,,Dichromatic,Solitary,,,,,,,,,,0.06,,,N,,AR,4,1,Forest,,,,,,,,,,,,,,,,,,,,,,,,,,,,,,,,,,,,,,,,,,,,,,,,,,,,,,,,,,,,,,,,,,,,,,,,,,,,,,,,,,,,,,,,,,,,,,,,,,,,,,,,,,,,,,,,,,,,,,,,,,,,,,,,,,,,,,,,,,,,,,,,,,,,,,,,,,,,,,,,,,,,,,,,,,,,,,,,,,,,,,,,,,,,,,,,,,,,,,,,,,,,,,,,,,,,,,,,,,,,,,,,,,,,,,,,,,,,,,,,
Microcebus_lehilahytsara,STR_Cheirogaleidae_Microcebus_lehilahytsara,,,,Dichromatic,Solitary,,,,,,,,,,0.045,0.048,0.045,N,Omnivore,AR,3,1,Forest,,,,,,,,,,,,,,,,,,,,,,,,,,,,,,,,,,,,,,,,,,,,,,,,,,,,,,,,,,,,,,,,,,,,,,,,,,,,,,,,,,,,,,,,,,,,,,,,,,,,,,,,,,,,,,,,,,,,,,,,,,,,,,,,,,,,,,,,,,,,,,,,,,,,,,,,,,,,,,,,,,,,,,,,,,,,,,,,,,,,,,,,,,,,,,,,,,,,,,,,,,,,,,,,,,,,,,,,,,,,,,,,,,,,,,,,,,,,,,,,
Microcebus_macarthurii,STR_Cheirogaleidae_Microcebus_macarthurii,,,,,Solitary,,,,,,,,,,0.05,,,N,Omnivore,AR,4,1,Forest,,,,,,,,,,,,,,,,,,,,,,,,,,,,,,,,,,,,,,,,,,,,,,,,,,,,,,,,,,,,,,,,,,,,,,,,,,,,,,,,,,,,,,,,,,,,,,,,,,,,,,,,,,,,,,,,,,,,,,,,,,,,,,,,,,,,,,,,,,,,,,,,,,,,,,,,,,,,,,,,,,,,,,,,,,,,,,,,,,,,,,,,,,,,,,,,,,,,,,,,,,,,,,,,,,,,,,,,,,,,,,,,,,,,,,,,,,,,,,,,
Microcebus_mamiratra,STR_Cheirogaleidae_Microcebus_mamiratra,,,,Dichromatic,Solitary,,,,,,,,,,0.06,,,N,,AR,5,1,Forest,,,,,,,,,,,,,,,,,,,,,,,,,,,,,,,,,,,,,,,,,,,,,,,,,,,,,,,,,,,,,,,,,,,,,,,,,,,,,,,,,,,,,,,,,,,,,,,,,,,,,,,,,,,,,,,,,,,,,,,,,,,,,,,,,,,,,,,,,,,,,,,,,,,,,,,,,,,,,,,,,,,,,,,,,,,,,,,,,,,,,,,,,,,,,,,,,,,,,,,,,,,,,,,,,,,,,,,,,,,,,,,,,,,,,,,,,,,,,,,,
Microcebus_manitatra,STR_Cheirogaleidae_Microcebus_manitatra,,,,,,,,,,,,,,,,,,,,,,,,,,,,,,,,,,,,,,,,,,,,,,,,,,,,,,,,,,,,,,,,,,,,,,,,,,,,,,,,,,,,,,,,,,,,,,,,,,,,,,,,,,,,,,,,,,,,,,,,,,,,,,,,,,,,,,,,,,,,,,,,,,,,,,,,,,,,,,,,,,,,,,,,,,,,,,,,,,,,,,,,,,,,,,,,,,,,,,,,,,,,,,,,,,,,,,,,,,,,,,,,,,,,,,,,,,,,,,,,,,,,,,,,,,,,,,,,,,,,,,,
Microcebus_margotmarshae,STR_Cheirogaleidae_Microcebus_margotmarshae,,,,,Solitary,,,,,,,,,,0.045,,0.049,N,,AR,4,1,Forest,,,,,,,,,,,,,,,,,,,,,,,,,,,,,,,,,,,,,,,,,,,,,,,,,,,,,,,,,,,,,,,,,,,,,,,,,,,,,,,,,,,,,,,,,,,,,,,,,,,,,,,,,,,,,,,,,,,,,,,,,,,,,,,,,,,,,,,,,,,,,,,,,,,,,,,,,,,,,,,,,,,,,,,,,,,,,,,,,,,,,,,,,,,,,,,,,,,,,,,,,,,,,,,,,,,,,,,,,,,,,,,,,,,,,,,,,,,,,,,,
Microcebus_marohita,STR_Cheirogaleidae_Microcebus_marohita,,,,,,,,,,,,,,,0.06,,,N,,,5,1,Forest,,,,,,,,,,,,,,,,,,,,,,,,,,,,,,,,,,,,,,,,,,,,,,,,,,,,,,,,,,,,,,,,,,,,,,,,,,,,,,,,,,,,,,,,,,,,,,,,,,,,,,,,,,,,,,,,,,,,,,,,,,,,,,,,,,,,,,,,,,,,,,,,,,,,,,,,,,,,,,,,,,,,,,,,,,,,,,,,,,,,,,,,,,,,,,,,,,,,,,,,,,,,,,,,,,,,,,,,,,,,,,,,,,,,,,,,,,,,,,,,
Microcebus_mittermeieri,STR_Cheirogaleidae_Microcebus_mittermeieri,,,,Dichromatic,Solitary,,,,,,,,,,0.04,,,N,Omnivore,AR,4,1,Forest,,,,,,,,,,,,,,,,,,,,,,,,,,,,,,,,,,,,,,,,,,,,,,,,,,,,,,,,,,,,,,,,,,,,,,,,,,,,,,,,,,,,,,,,,,,,,,,,,,,,,,,,,,,,,,,,,,,,,,,,,,,,,,,,,,,,,,,,,,,,,,,,,,,,,,,,,,,,,,,,,,,,,,,,,,,,,,,,,,,,,,,,,,,,,,,,,,,,,,,,,,,,,,,,,,,,,,,,,,,,,,,,,,,,,,,,,,,,,,,,
Microcebus_sambiranensis,STR_Cheirogaleidae_Microcebus_sambiranensis,,,,Dichromatic,Solitary,,,,,,,,,,0.04,,0.0422,N,Omnivore,AR,4,1,Forest,,,,,,,,,,,,,,,,,,,,,,,,,,,,,,,,,,,,,,,,,,,,,,,,,,,,,,,,,,,,,,,,,,,,,,,,,,,,,,,,,,,,,,,,,,,,,,,,,,,,,,,,,,,,,,,,,,,,,,,,,,,,,,,,,,,,,,,,,,,,,,,,,,,,,,,,,,,,,,,,,,,,,,,,,,,,,,,,,,,,,,,,,,,,,,,,,,,,,,,,,,,,,,,,,,,,,,,,,,,,,,,,,,,,,,,,,,,,,,,,
Microcebus_simmonsi,STR_Cheirogaleidae_Microcebus_simmonsi,,,,Dichromatic,Solitary,,,,,,,,,,0.06825,,,N,,AR,4,1,Forest,,,,,,,,,,,,,,,,,,,,,,,,,,,,,,,,,,,,,,,,,,,,,,,,,,,,,,,,,,,,,,,,,,,,,,,,,,,,,,,,,,,,,,,,,,,,,,,,,,,,,,,,,,,,,,,,,,,,,,,,,,,,,,,,,,,,,,,,,,,,,,,,,,,,,,,,,,,,,,,,,,,,,,,,,,,,,,,,,,,,,,,,,,,,,,,,,,,,,,,,,,,,,,,,,,,,,,,,,,,,,,,,,,,,,,,,,,,,,,,,
Microcebus_tanosi,STR_Cheirogaleidae_Microcebus_tanosi,,,,,,,,,,,,,,,0.05,,,N,,,,,,,,,,,,,,,,,,,,,,,,,,,,,,,,,,,,,,,,,,,,,,,,,,,,,,,,,,,,,,,,,,,,,,,,,,,,,,,,,,,,,,,,,,,,,,,,,,,,,,,,,,,,,,,,,,,,,,,,,,,,,,,,,,,,,,,,,,,,,,,,,,,,,,,,,,,,,,,,,,,,,,,,,,,,,,,,,,,,,,,,,,,,,,,,,,,,,,,,,,,,,,,,,,,,,,,,,,,,,,,,,,,,,,,,,,,,,,,,,,,,,
Microcebus_tavaratra,STR_Cheirogaleidae_Microcebus_tavaratra,,,,Dichromatic,Solitary,,,,,,,,,,0.055,,,N,Omnivore,AR,3,1,Forest,,,,,,,,,,,,,,,,,,,,,,,,,,,,,,,,,,,,,,,,,,,,,,,,,,,,,,,,,,,,,,,,,,,,,,,,,,,,,,,,,,,,,,,,,,,,,,,,,,,,,,,,,,,,,,,,,,,,,,,,,,,,,,,,,,,,,,,,,,,,,,,,,,,,,,,,,,,,,,,,,,,,,,,,,,,,,,,,,,,,,,,,,,,,,,,,,,,,,,,,,,,,,,,,,,,,,,,,,,,,,,,,,,,,,,,,,,,,,,,,
Miopithecus_ogouensis,OWM_Cercopithecidae_Miopithecus_ogouensis,,7.467371067,3.620332912,Trichromatic,Multimale,,,,,,,,,,1.25,1.4,1.1,D,Frugivore,BOTH,2,2,Forest,,,,,,,,,,,,,,,,,,,,,,,,,,,,,,,,,,,,,,,,,,,,,,,,,,,,,,,,,,,,,,,,,,,,,,,,,,,,,,,,,,,,,,,,,,,,,,,,,,,,,,,,,,,,,,,,,,,,,,,,,,,,,,,,,,,,,,,,,,,,,,,,,,,,,,,,,,,,,,,,,,,,,,,,,,,,,,,,,,,,,,,,,,,,,,,,,,,,,,,,,,,,,,,,,,,,,,,,,,,,,,,,,,,,,,,,,,,,,,,,
Mirza_zaza,STR_Cheirogaleidae_Mirza_zaza,,,,Dichromatic,Solitary,,,,,,,,,,0.29,0.287,0.299,N,Omnivore,AR,3,1,Forest,,,,,,,,,,,,,,,,,,,,,,,,,,,,,,,,,,,,,,,,,,,,,,,,,,,,,,,,,,,,,,,,,,,,,,,,,,,,,,,,,,,,,,,,,,,,,,,,,,,,,,,,,,,,,,,,,,,,,,,,,,,,,,,,,,,,,,,,,,,,,,,,,,,,,,,,,,,,,,,,,,,,,,,,,,,,,,,,,4.441666667,2.120833333,0.772727,136.7954545,,0.03333333333,1.433333333,0.4458333333,18.875,0.2868652534,52.90833333,8.204166667,109.9027778,130.4166667,2059.666667,0.3965277778,2.433333333,153.3166667,9.6875,2.108333333,132.625,43.75166667,14.95333333,1439.777778,,51.95,3760.696667,,19.50666667,56.87666667,34.37333333,3.314814815,223.437037,0.06666666667,6.533333333,42.85,2776.616667,5.811111111,,6.070833333,7.723166667,132.3888889,163.2708333,147.1666667,6.506944444,48.55555556,0.01111111111,6.939333333,,,,,,,,,,,,,,,,
Nomascus_annamensis,APE_Hylobatidae_Nomascus_annamensis,,,,,,,,,,,,,,,7,7,,D,Frugivore,AR,4,,Forest,,,,,,,,,,,,,,,,,,,,,,,,,,,,,,,,,,,,,,,,,,,,,,,,,,,,,,,,,,,,,,,,,,,,,,,,,,,,,,,,,,,,,,,,,,,,,,,,,,,,,,,,,,,,,,,,,,,,,,,,,,,,,,,,,,,,,,,,,,,,,,,,,,,,,,,,,,,,,,,,,,,,,,,,,,,,,,,,,,,,,,,,,,,,,,,,,,,,,,,,,,,,,,,,,,,,,,,,,,,,,,,,,,,,,,,,,,,,,,,,
Nomascus_hainanus,APE_Hylobatidae_Nomascus_hainanus,,,,Trichromatic,Pair/Unimale,1,,,,,,,,,6.59,6.61,6.563,D,Frugivore,AR,5,2,Forest,,,,,,,,,,,,,,,,,,,,,,,,,,,,,,,,,,,,,,,,,,,,,,,,,,,,,,,,,,,,,,,,,,,,,,,,,,,,,,,,,,,,,,,,,,,,,,,,,,,,,,,,,,,,,,,,,,,,,,,,,,,,,,,,,,,,,,,,,,,,,,,,,,,,,,,,,,,,,,,,,,,,,,,,,,,,,,,,,,,,,,,,,,,,,,,,,,,,,,,,,,,,,,,,,,,,,,,,,,,,,,,,,,,,,,,,,,,,,,,,
Nomascus_nasutus,APE_Hylobatidae_Nomascus_nasutus,,,,Trichromatic,Pair/Unimale,,,,,,,,,,,,,D,Frugivore,AR,5,1,Forest,,,,,,,,,,,,,,,,,,,,,,,,,,,,,,,,,,,,,,,,,,,,,,,,,,,,,,,,,,,,,,,,,,,,,,,,,,,,,,,,,,,,,,,,,,,,,,,,,,,,,,,,,,,,,,,,,,,,,,,,,,,,,,,,,,,,,,,,,,,,,,,,,,,,,,,,,,,,,,,,,,,,,,,,,,,,,,,,,,,,,,,,,,,,,,,,,,,,,,,,,,,,,,,,,,,,,,,,,,,,,,,,,,,,,,,,,,,,,,,,
Nomascus_siki,APE_Hylobatidae_Nomascus_siki,,,,Trichromatic,Pair,0.59,,,,,,,,,7.56,6.6,7.9,D,Frugivore,AR,5,1,Forest,,,,,,,,,,,,,,,,,,,,,,,,,,,,,,,,,,,,,,,,,,,,,,,,,,,,,,,,,,,,,,,,,,,,,,,,,,,,,,,,,,,,,,,,,,,,,,,,,,,,,,,,,,,,,,,,,,,,,,,,,,,,,,,,,,,,,,,,,,,,,,,,,,,,,,,,,,,,,,,,,,,,,,,,,,,,,,,,,,,,,,,,,,,,,,,,,,,,,,,,,,,,,,,,,,,,,,,,,,,,,,,,,,,,,,,,,,,,,,,,
Nycticebus_bancanus,STR_Lorisidae_Nycticebus_bancanus,,,,,,,,,,,,,,,,,,N,,AR,,,Forest,,,,,,,,,,,,,,,,,,,,,,,,,,,,,,,,,,,,,,,,,,,,,,,,,,,,,,,,,,,,,,,,,,,,,,,,,,,,,,,,,,,,,,,,,,,,,,,,,,,,,,,,,,,,,,,,,,,,,,,,,,,,,,,,,,,,,,,,,,,,,,,,,,,,,,,,,,,,,,,,,,,,,,,,,,,,,,,,,,,,,,,,,,,,,,,,,,,,,,,,,,,,,,,,,,,,,,,,,,,,,,,,,,,,,,,,,,,,,,,,
Nycticebus_bengalensis,STR_Lorisidae_Nycticebus_bengalensis,,6.966024187,2.60194867,Dichromatic,Solitary,,,,,,,,,,1.26,1.13,1.4,N,Gummivore,AR,4,1,Forest,13.49,13.23,1100,1020,1.078,,,,,,,,,,,,,,,,,,,,,,,,,,,,,1060,13.5,,,,,,,25.5,,,,,,,,,,,,,,,,,,,,,,,,,,,,,,,,,,,,,,,,,,,,,,,,,,,,,,,,,,,,,,,,,,,,,,,,,,,,,,,,,,,,,,,,,,,,,,,,,,,,,,,,,,,,,,,,,,,,,,,,,,,,,,,,,,,,,,,,,,,,,,,,,,,,,,,,,,,,,,,,,,,,,,,,,,,,,,,,,,,,,,,,,,,,,,,,,,,,,,
Nycticebus_borneanus,STR_Lorisidae_Nycticebus_borneanus,,,,,,,,,,,,,,,0.47,,,N,,AR,,,Forest,,,,,,,,,,,,,,,,,,,,,,,,,,,,,,,,,,,,,,,,,,,,,,,,,,,,,,,,,,,,,,,,,,,,,,,,,,,,,,,,,,,,,,,,,,,,,,,,,,,,,,,,,,,,,,,,,,,,,,,,,,,,,,,,,,,,,,,,,,,,,,,,,,,,,,,,,,,,,,,,,,,,,,,,,,,,,,,,,,,,,,,,,,,,,,,,,,,,,,,,,,,,,,,,,,,,,,,,,,,,,,,,,,,,,,,,,,,,,,,,
Nycticebus_javanicus,STR_Lorisidae_Nycticebus_javanicus,,,,Dichromatic,Solitary,,,,,,,,,,0.73,0.686,0.626,N,Omnivore,AR,5,1,Forest,,,,,,,,,,,,,,,,,,,,,,,,,,,,,,,,,,,,,,,,,,,,,,,,,,,,,,,,,,,,,,,,,,,,,,,,,,,,,,,,,,,,,,,,,,,,,,,,,,,,,,,,,,,,,,,,,,,,,,,,,,,,,,,,,,,,,,,,,,,,,,,,,,,,,,,,,,,,,,,,,,,,,,,,,,,,,,,,,,,,,,,,,,,,,,,,,,,,,,,,,,,,,,,,,,,,,,,,,,,,,,,,,,,,,,,,,,,,,,,,
Nycticebus_kayan,STR_Lorisidae_Nycticebus_kayan,,,,,,,,,,,,,,,0.6,,,N,,AR,,,,,,,,,,,,,,,,,,,,,,,,,,,,,,,,,,,,,,,,,,,,,,,,,,,,,,,,,,,,,,,,,,,,,,,,,,,,,,,,,,,,,,,,,,,,,,,,,,,,,,,,,,,,,,,,,,,,,,,,,,,,,,,,,,,,,,,,,,,,,,,,,,,,,,,,,,,,,,,,,,,,,,,,,,,,,,,,,,,,,,,,,,,,,,,,,,,,,,,,,,,,,,,,,,,,,,,,,,,,,,,,,,,,,,,,,,,,,,,,,,,
Nycticebus_menagensis,STR_Lorisidae_Nycticebus_menagensis,,,,Dichromatic,Solitary,,,,,,,,,,0.285,0.285,,N,Omnivore,AR,3,1,Forest,,,,,,,,,,,,,,,,,,,,,,,,,,,,,,,,,,,,,,,,,,,,,,,,,,,,,,,,,,,,,,,,,,,,,,,,,,,,,,,,,,,,,,,,,,,,,,,,,,,,,,,,,,,,,,,,,,,,,,,,,,,,,,,,,,,,,,,,,,,,,,,,,,,,,,,,,,,,,,,,,,,,,,,,,,,,,,,,,,,,,,,,,,,,,,,,,,,,,,,,,,,,,,,,,,,,,,,,,,,,,,,,,,,,,,,,,,,,,,,,
Papio_kindae,OWM_Cercopithecidae_Papio_kindae,,,,,,,,,,,,,,,13,16,9.9,D,Frugivore,T,1,2,Forest/Savanna/Shrubland,,,,,,,,,,,,,,,,,,,,,,,,,,,,,,,,,,,,,,,,,,,,,,,,,,,,,,,,,,,,,,,,,,,,,,,,,,,,,,,,,,,,,,,,,,,,,,,,,,,,,,,,,,,,,,,,,,,,,,,,,,,,,,,,,,,,,,,,,,,,,,,,,,,,,,,,,,,,,,,,,,,,,,,,,,,,,,,,,,,,,,,,,,,,,,,,,,,,,,,,,,,,,,,,,,,,,,,,,,,,,,,,,,,,,,,,,,,,,,,,
Paragalago_granti,STR_Galagidae_Paragalago _granti,,,,,,,,,,,,,,,,,,,,,,,,,,,,,,,,,,,,,,,,,,,,,,,,,,,,,,,,,,,,,,,,,,,,,,,,,,,,,,,,,,,,,,,,,,,,,,,,,,,,,,,,,,,,,,,,,,,,,,,,,,,,,,,,,,,,,,,,,,,,,,,,,,,,,,,,,,,,,,,,,,,,,,,,,,,,,,,,,,,,,,,,,,,,,,,,,,,,,,,,,,,,,,,,,,,,,,,,,,,,,,,,,,,,,,,,,,,,,,,,,,,,,,,,,,,,,,,,,,,,,,,
Paragalago_cocos,STR_Galagidae_Paragalago_cocos,,,,,,,,,,,,,,,,,,,,,,,,,,,,,,,,,,,,,,,,,,,,,,,,,,,,,,,,,,,,,,,,,,,,,,,,,,,,,,,,,,,,,,,,,,,,,,,,,,,,,,,,,,,,,,,,,,,,,,,,,,,,,,,,,,,,,,,,,,,,,,,,,,,,,,,,,,,,,,,,,,,,,,,,,,,,,,,,,,,,,,,,,,,,,,,,,,,,,,,,,,,,,,,,,,,,,,,,,,,,,,,,,,,,,,,,,,,,,,,,,,,,,,,,,,,,,,,,,,,,,,,
Paragalago_orinus,STR_Galagidae_Paragalago_orinus,,,,,,,,,,,,,,,,,,,,,,,,,,,,,,,,,,,,,,,,,,,,,,,,,,,,,,,,,,,,,,,,,,,,,,,,,,,,,,,,,,,,,,,,,,,,,,,,,,,,,,,,,,,,,,,,,,,,,,,,,,,,,,,,,,,,,,,,,,,,,,,,,,,,,,,,,,,,,,,,,,,,,,,,,,,,,,,,,,,,,,,,,,,,,,,,,,,,,,,,,,,,,,,,,,,,,,,,,,,,,,,,,,,,,,,,,,,,,,,,,,,,,,,,,,,,,,,,,,,,,,,
Paragalago_rondoensis,STR_Galagidae_Paragalago_rondoensis,,,,,,,,,,,,,,,,,,,,,,,,,,,,,,,,,,,,,,,,,,,,,,,,,,,,,,,,,,,,,,,,,,,,,,,,,,,,,,,,,,,,,,,,,,,,,,,,,,,,,,,,,,,,,,,,,,,,,,,,,,,,,,,,,,,,,,,,,,,,,,,,,,,,,,,,,,,,,,,,,,,,,,,,,,,,,,,,,,,,,,,,,,,,,,,,,,,,,,,,,,,,,,,,,,,,,,,,,,,,,,,,,,,,,,,,,,,,,,,,,,,,,,,,,,,,,,,,,,,,,,,
Paragalago_zanzibaricus,STR_Galagidae_Paragalago_zanzibaricus,,,,,,,,,,,,,,,,,,,,,,,,,,,,,,,,,,,,,,,,,,,,,,,,,,,,,,,,,,,,,,120,,,,,,,,,,,,,,,,,,,,,,,,,,,,,,,,,,,,,,,,,,,,,,,,,,,,,,,,,,,,,,,,,,,,,,,,,,,,,,,,,,,,,,,,,,,,,,,,,,,,,,,,,,,,,,,,,,,,,,,,,,,,,,,,,,,,,,,,,,,,,,,,,,,,,,,,,,,,,,,,,,,,,,,,,,,,,,,,,,,,,,,,,,,,,,,,,,,,,,,,,
Perodicticus_edwardsi,STR_Lorisidae_Perodicticus_edwardsi,,,,,,,,,,,,,,,1.19,1.22,1.16,N,Frugivore,AR,1,2,Forest/Wetlands,,,,,,,,,,,,,,,,,,,,,,,,,,,,,,,,,,,,,,,,,,,,,,,,,,,,,,,,,,,,,,,,,,,,,,,,,,,,,,,,,,,,,,,,,,,,,,,,,,,,,,,,,,,,,,,,,,,,,,,,,,,,,,,,,,,,,,,,,,,,,,,,,,,,,,,,,,,,,,,,,,,,,,,,,,,,,,,,,,,,,,,,,,,,,,,,,,,,,,,,,,,,,,,,,,,,,,,,,,,,,,,,,,,,,,,,,,,,,,,,
Perodicticus_ibeanus,STR_Lorisidae_Perodicticus_ibeanus,,,,,,,,,,,,,,,0.861,,0.861,N,Omnivore,AR,1,2,Forest/Wetlands,,,,,,,,,,,,,,,,,,,,,,,,,,,,,,,,,,,,,,,,,,,,,,,,,,,,,,,,,,,,,,,,,,,,,,,,,,,,,,,,,,,,,,,,,,,,,,,,,,,,,,,,,,,,,,,,,,,,,,,,,,,,,,,,,,,,,,,,,,,,,,,,,,,,,,,,,,,,,,,,,,,,,,,,,,,,,,,,,,,,,,,,,,,,,,,,,,,,,,,,,,,,,,,,,,,,,,,,,,,,,,,,,,,,,,,,,,,,,,,,
Phaner_electromontis,STR_Cheirogaleidae_Phaner_electromontis,,,,Monochromatic,,,,,,,,,,,0.38,,,N,Gummivore,AR,4,1,Forest,,,,,,,,,,,,,,,,,,,,,,,,,,,,,,,,,,,,,,,,,,,,,,,,,,,,,,,,,,,,,,,,,,,,,,,,,,,,,,,,,,,,,,,,,,,,,,,,,,,,,,,,,,,,,,,,,,,,,,,,,,,,,,,,,,,,,,,,,,,,,,,,,,,,,,,,,,,,,,,,,,,,,,,,,,,,,,,,,,,,,,,,,,,,,,,,,,,,,,,,,,,,,,,,,,,,,,,,,,,,,,,,,,,,,,,,,,,,,,,,
Phaner_furcifer,STR_Cheirogaleidae_Phaner_furcifer,1.01,5.789960171,1.909542505,Monochromatic,,,,,,,,,,,0.37,0.328,0.351,N,Omnivore,AR,3,1,Forest,6.68,6.78,328,350,0.937,2,1,1,,,174.46,,144,-15.35,1763.1,22.3,1471,1867.6,0.02,,,,,,,,,,,,,,,,,,,,174,,,25,,,,,,,,,,,,,,,,,,,,,,,,,,,,,,,,,,,,,,,,,,,,,,,,,,,,,,,,,,,,,,,,,,,,,,,,,,,,,,,,31,55,1471,1,,,,,,,,,,,,,,,,,,,,,,,,,,,,,,,,,,,,,,,,,,,,,,,,,,,,,,,,,,,,,,,,,,,,,,,,,,,,,,,,,,,,,,,,,,,,,,,,,,,,,,,,,,,,,,,,,,,
Phaner_pallescens,STR_Cheirogaleidae_Phaner_pallescens,,,,Monochromatic,Pair,,,,,,,,,,0.34,0.327,0.35,N,Gummivore,AR,4,1,Forest,,,,,,,,,,,,,,,,,,,,,,,,,,,,,,,,,,,,,,,,,,,,,,,,,,,,,,,,,,,,,,,,,,,,,,,,,,,,,,,,,,,,,,,,,,,,,,,,,,,,,,,,,,,,,,,,,,,,,,,,,,,,,,,,,,,,,,,,,,,,,,,,,,,,,,,,,,,,,,,,,,,,,,,,,,,,,,,,,,,,,,,,,,,,,,,,,,,,,,,,,,,,,,,,,,,,,,,,,,,,,,,,,,,,,,,,,,,,,,,,
Phaner_parienti,STR_Cheirogaleidae_Phaner_parienti,,,,Monochromatic,,,,,,,,,,,0.36,,,N,,AR,4,1,Forest,,,,,,,,,,,,,,,,,,,,,,,,,,,,,,,,,,,,,,,,,,,,,,,,,,,,,,,,,,,,,,,,,,,,,,,,,,,,,,,,,,,,,,,,,,,,,,,,,,,,,,,,,,,,,,,,,,,,,,,,,,,,,,,,,,,,,,,,,,,,,,,,,,,,,,,,,,,,,,,,,,,,,,,,,,,,,,,,,,,,,,,,,,,,,,,,,,,,,,,,,,,,,,,,,,,,,,,,,,,,,,,,,,,,,,,,,,,,,,,,
Piliocolobus_badius,OWM_Cercopithecidae_Piliocolobus_badius,1,,,Trichromatic,Multimale,0.01,Absent,Overlap,High,,,,,No,8.25,8.3,8.2,D,Folivore_frugivore,AR,4,1,Forest,63.59,62.46,8360,8210,1.018,49.4,9.4,18,1.91,660.65,151.41,783.93,,9.69,1614.6,26.1,1122.4,1554.7,0.42,0.55,0.7521,35,45,0,1.557,52,21,13,13,Polygynandry,Polygynandry,Bisexual,No,,,,,,,,,,,Multimale,No,2.5,8,34.1,8360,8210,1.018,13.31,8.55,1.557,8360,,,8360,0,0,0,0,0,0,0,0,0,0,0,0,0,,,,,,,,,,,,,,,,,,,,,,,,,,,,,,,,,,,,,,,,,,,,,,,,,,,22.3,48.8,1122,0,,,,,,,,,,,,,,2.3,18.4,,4,74040.53,2007.11,8648,1333,3945,57885,51.3,,937,288,3217,3217,814,1671,50906,,22.3,2164,484,553,521,31.9,201,3053,128,458,479,4.46,4.52,3.02,144,232,106,482,,,,,,,,,,,,,,,,,,,,,,,,,,,,,,,,,,,,,,,,,,,,,,,,,,,,,,,,,,,,,,,,
Piliocolobus_bouvieri,OWM_Cercopithecidae_Piliocolobus_bouvieri,,,,,,,,,,,,,,,,,,D,Folivore_frugivore,AR,5,,Forest/Wetlands,,,,,,,,,,,,,,,,,,,,,,,,,,,,,,,,,,,,,,,,,,,,,,,,,,,,,,,,,,,,,,,,,,,,,,,,,,,,,,,,,,,,,,,,,,,,,,,,,,,,,,,,,,,,,,,,,,,,,,,,,,,,,,,,,,,,,,,,,,,,,,,,,,,,,,,,,,,,,,,,,,,,,,,,,,,,,,,,,,,,,,,,,,,,,,,,,,,,,,,,,,,,,,,,,,,,,,,,,,,,,,,,,,,,,,,,,,,,,,,,
Piliocolobus_epieni,OWM_Cercopithecidae_Piliocolobus_epieni,,,,,,,,,,,,,,,,,,D,Folivore,AR,5,1,Forest,,,,,,,,,,,,,,,,,,,,,,,,,,,,,,,,,,,,,,,,,,,,,,,,,,,,,,,,,,,,,,,,,,,,,,,,,,,,,,,,,,,,,,,,,,,,,,,,,,,,,,,,,,,,,,,,,,,,,,,,,,,,,,,,,,,,,,,,,,,,,,,,,,,,,,,,,,,,,,,,,,,,,,,,,,,,,,,,,,,,,,,,,,,,,,,,,,,,,,,,,,,,,,,,,,,,,,,,,,,,,,,,,,,,,,,,,,,,,,,,
Piliocolobus_foai,OWM_Cercopithecidae_Piliocolobus_foai,,,,,Multimale,,,,,,,,,,9.5,11,8,D,Folivore_frugivore,AR,,,Forest,,,,,,,,,,,,,,,,,,,,,,,,,,,,,,,,,,,,,,,,,,,,,,,,,,,,,,,,,,,,,,,,,,,,,,,,,,,,,,,,,,,,,,,,,,,,,,,,,,,,,,,,,,,,,,,,,,,,,,,,,,,,,,,,,,,,,,,,,,,,,,,,,,,,,,,,,,,,,,,,,,,,,,,,,,,,,,,,,,,,,,,,,,,,,,,,,,,,,,,,,,,,,,,,,,,,,,,,,,,,,,,,,,,,,,,,,,,,,,,,
Piliocolobus_gordonorum,OWM_Cercopithecidae_Piliocolobus_gordonorum,,,,Trichromatic,Multimale,,,,,,,,,,7.05,,,D,Folivore_frugivore,AR,3,1,Forest/Wetlands,,,,,,,,,,,,,,,,,,,,,,,,,,,,,,,,,,,,,,,,,,,,,,,,,,,,,,,,,,,,,,,,,,,,,,,,,,,,,,,,,,,,,,,,,,,,,,,,,,,,,,,,,,,,,,,,,,,,,,,,,,,,,,,,,,,,,,,,,,,,,,,,,,,,,,,,,,,,,,,,,,,,,,,,,,,,,,,,,,,,,,,,,,,,,,,,,,,,,,,,,,,,,,,,,,,,,,,,,,,,,,,,,,,,,,,,,,,,,,,,
Piliocolobus_kirkii,OWM_Cercopithecidae_Piliocolobus_kirkii,1.01,,,Trichromatic,Multimale,,,,,,,,,,6.9,7,6.8,D,Folivore_frugivore,AR,4,1,Forest/Shrubland/Wetlands,57.25,55.5,5800,5460,1.062,32.4,2.6,13.45,5.17,,,,,,,,,,0.326,1.044,1.6205,21,64.5,0,2.526,45.5,29,9,11,,,,,,,,,,,,,,,,,,,,,,,,,,,,,,,,,,,,,,,,,,,,,,,,,,,,,,,,,,,,,,,,,,,,,,,,,,,,,,,,,,,,,,,,,,,,,,,,,,,,,,,,,,,,,,,,,,,,,,,,,,,,,,,,,,,,,,,,,,,,,,,,,,,,,,,,,,,,,,,,,,,,,,,,,,,,,,,,,,,,,,,,,,,,,,,,,,,,,,,,,,,,,,,,,,,
Piliocolobus_langi,OWM_Cercopithecidae_Piliocolobus_langi,,,,,,,,,,,,,,,6.59,7.65,5.53,D,Folivore_frugivore,AR,,,Forest,,,,,,,,,,,,,,,,,,,,,,,,,,,,,,,,,,,,,,,,,,,,,,,,,,,,,,,,,,,,,,,,,,,,,,,,,,,,,,,,,,,,,,,,,,,,,,,,,,,,,,,,,,,,,,,,,,,,,,,,,,,,,,,,,,,,,,,,,,,,,,,,,,,,,,,,,,,,,,,,,,,,,,,,,,,,,,,,,,,,,,,,,,,,,,,,,,,,,,,,,,,,,,,,,,,,,,,,,,,,,,,,,,,,,,,,,,,,,,,,
Piliocolobus_lulindicus,OWM_Cercopithecidae_Piliocolobus_lulindicus,,,,,,,,,,,,,,,,,,,,,,,,,,,,,,,,,,,,,,,,,,,,,,,,,,,,,,,,,,,,,,,,,,,,,,,,,,,,,,,,,,,,,,,,,,,,,,,,,,,,,,,,,,,,,,,,,,,,,,,,,,,,,,,,,,,,,,,,,,,,,,,,,,,,,,,,,,,,,,,,,,,,,,,,,,,,,,,,,,,,,,,,,,,,,,,,,,,,,,,,,,,,,,,,,,,,,,,,,,,,,,,,,,,,,,,,,,,,,,,,,,,,,,,,,,,,,,,,,,,,,,,
Piliocolobus_oustaleti,OWM_Cercopithecidae_Piliocolobus_oustaleti,,,,,,,,,,,,,,,10.35,12.5,8.2,D,Folivore,AR,1,1,Forest/Savanna/Wetlands,,,,,,,,,,,,,,,,,,,,,,,,,,,,,,,,,,,,,,,,,,,,,,,,,,,,,,,,,,,,,,,,,,,,,,,,,,,,,,,,,,,,,,,,,,,,,,,,,,,,,,,,,,,,,,,,,,,,,,,,,,,,,,,,,,,,,,,,,,,,,,,,,,,,,,,,,,,,,,,,,,,,,,,,,,,,,,,,,,,,,,,,,,,,,,,,,,,,,,,,,,,,,,,,,,,,,,,,,,,,,,,,,,,,,,,,,,,,,,,,
Piliocolobus_parmentieri,OWM_Cercopithecidae_Piliocolobus_parmentieri,,,,,,,,,,,,,,,8.3,9.1,7.5,D,Folivore_frugivore,AR,,,Forest,,,,,,,,,,,,,,,,,,,,,,,,,,,,,,,,,,,,,,,,,,,,,,,,,,,,,,,,,,,,,,,,,,,,,,,,,,,,,,,,,,,,,,,,,,,,,,,,,,,,,,,,,,,,,,,,,,,,,,,,,,,,,,,,,,,,,,,,,,,,,,,,,,,,,,,,,,,,,,,,,,,,,,,,,,,,,,,,,,,,,,,,,,,,,,,,,,,,,,,,,,,,,,,,,,,,,,,,,,,,,,,,,,,,,,,,,,,,,,,,
Piliocolobus_pennantii,OWM_Cercopithecidae_Piliocolobus_pennantii,,,,Trichromatic,Unimale/Multimale,,,,,,,,,,7.4,9,5.8,D,Folivore_frugivore,AR,4,1,Forest,,,,,,,,,,,,,,,,,,,,,,,,,,,,,,,,,,,,,,,,,,,,,,,,,,,,,,,,,,,,,,,,,,,,,,,,,,,,,,,,,,,,,,,,,,,,,,,,,,,,,,,,,,,,,,,,,,,,,,,,,,,,,,,,,,,,,,,,,,,,,,,,,,,,,,,,,,,,,,,,,,,,,,,,,,,,,,,,,,,,,,,,,,,,,,,,,,,,,,,,,,,,,,,,,,,,,,,,,,,,,,,,,,,,,,,,,,,,,,,,
Piliocolobus_preussi,OWM_Cercopithecidae_Piliocolobus_preussi,1.01,,,Trichromatic,Multimale,,,,,,,,,,8.3,8.3,,D,Folivore,AR,5,1,Forest,,,,,,,,,,,195,,,5.17,2276.2,24.2,1239.6,1556.8,0.39,,,1,89,0,,,,,,,,,,,,,,,,,,,,,,,,,,,,,,,,,,,,,,,,,,,,,,,,,,,,,,,,,,,,,,,,,,,,,,,,,,,,,,,,,,,,,,,,,,,,,,,,,,,,,,,,,,,,,,,,,,,,,,,,,,,,,,,,,,,,,,,,,,,,,,,,,,,,,,,,,,,,,,,,,,,,,,,,,,,,,,,,,,,,,,,,,,,,,,,,,,,,,,,,,,,,,,,,,,,,,,,,
Piliocolobus_rufomitratus,OWM_Cercopithecidae_Piliocolobus_rufomitratus,,,,Trichromatic,Multimale,3,,,,,,,,,9,,,D,Folivore,AR,4,1,Forest,,,,,,14.8,1.27,7.57,5.96,,195,,,-2.58,611.1,26.8,930.7,1761.7,0.113,0.532,1.4025,24.3,58.3,0,,51,27.33,17.67,4.33,,,,,,,,,,,,,,,,,,,,,,,,,,,,,,,,,,,,,,,,,,,,,,,,,,,,,,,,,,,,,,,,,,,,,,,,,,,,,,,,,,,,,,,,,,,,,,,,,,,,,,,,,,,,,,,,,,,,,,,,,,,,,,,,,,,,,,,,,,,,,,,,,,,,,,,,,,,,,,,,,,,,,,,,,,,,,,,,,,,,,,,,,,,,,,,,,,,,,,,,,,,,,,,,,,,
Piliocolobus_semlikiensis,OWM_Cercopithecidae_Piliocolobus_semlikiensis,,,,,,,,,,,,,,,,,,D,Folivore_frugivore,AR,,,Forest,,,,,,,,,,,,,,,,,,,,,,,,,,,,,,,,,,,,,,,,,,,,,,,,,,,,,,,,,,,,,,,,,,,,,,,,,,,,,,,,,,,,,,,,,,,,,,,,,,,,,,,,,,,,,,,,,,,,,,,,,,,,,,,,,,,,,,,,,,,,,,,,,,,,,,,,,,,,,,,,,,,,,,,,,,,,,,,,,,,,,,,,,,,,,,,,,,,,,,,,,,,,,,,,,,,,,,,,,,,,,,,,,,,,,,,,,,,,,,,,
Piliocolobus_temminckii,OWM_Cercopithecidae_Piliocolobus_temminckii,,,,,,,,,,,,,,,6.175,6.5,5.2,D,Folivore,BOTH,4,1,Forest/Savanna/Shrubland/Wetlands,,,,,,,,,,,,,,,,,,,,,,,,,,,,,,,,,,,,,,,,,,,,,,,,,,,,,,,,,,,,,,,,,,,,,,,,,,,,,,,,,,,,,,,,,,,,,,,,,,,,,,,,,,,,,,,,,,,,,,,,,,,,,,,,,,,,,,,,,,,,,,,,,,,,,,,,,,,,,,,,,,,,,,,,,,,,,,,,,,,,,,,,,,,,,,,,,,,,,,,,,,,,,,,,,,,,,,,,,,,,,,,,,,,,,,,,,,,,,,,,
Piliocolobus_tephrosceles,OWM_Cercopithecidae_Piliocolobus_tephrosceles,,,,,Multimale,0.37,,,,,,,,,8.75,10.5,7,D,Folivore,AR,4,1,Forest,70.95,72.45,9559.6,7258,1.317,34,3.5,10,2.86,,,,,,,,,,0.65,0.649,0.7134,,,,,46,35,8.5,8.5,,,,,,,,,,,,,,,,,,,,,,,,,,,,,,,,,,,,,,,,,,,,,,,,,,,,,,,,,,,,,,,,,,,,,,,,,,,,,,,,,,,,,,,,,,,,,,,,,,,,,,,,,,,,,,,,,,,,,,,,,,,,,,,,,,,,,,,,,,,,,,,,,,,,,,,,,,,,,,,,,,,,,,,,,,,,,,,,,,,,,,,,,,,,,,,,,,,,,,,,,,,,,,,,,,,
Piliocolobus_tholloni,OWM_Cercopithecidae_Piliocolobus_tholloni,,,,,Multimale,,,,,,,,,,,,,D,Folivore,AR,2,1,Forest/Wetlands,,,,,,,,,,,,,,,,,,,,,,,,,,,,,,,,,,,,,,,,,,,,,,,,,,,,,,,,,,,,,,,,,,,,,,,,,,,,,,,,,,,,,,,,,,,,,,,,,,,,,,,,,,,,,,,,,,,,,,,,,,,,,,,,,,,,,,,,,,,,,,,,,,,,,,,,,,,,,,,,,,,,,,,,,,,,,,,,,,,,,,,,,,,,,,,,,,,,,,,,,,,,,,,,,,,,,,,,,,,,,,,,,,,,,,,,,,,,,,,,
Piliocolobus_waldronae,OWM_Cercopithecidae_Piliocolobus_waldronae,,,,,,,,,,,,,,,5.9,,,D,Folivore,AR,5,1,Forest,,,,,,,,,,,,,,,,,,,,,,,,,,,,,,,,,,,,,,,,,,,,,,,,,,,,,,,,,,,,,,,,,,,,,,,,,,,,,,,,,,,,,,,,,,,,,,,,,,,,,,,,,,,,,,,,,,,,,,,,,,,,,,,,,,,,,,,,,,,,,,,,,,,,,,,,,,,,,,,,,,,,,,,,,,,,,,,,,,,,,,,,,,,,,,,,,,,,,,,,,,,,,,,,,,,,,,,,,,,,,,,,,,,,,,,,,,,,,,,,
Pithecia_aequatorialis,PLA_Pitheciidae_Pithecia_aequatorialis,,,,Polymorphic,,,,,,,,,,,2.25,,,D,,AR,1,1,Forest,,,,,,,,,,,,,,,,,,,,,,,,,,,,,,,,,,,,,,,,,,,,,,,,,,,,,,,,,,,,,,,,,,,,,,,,,,,,,,,,,,,,,,,,,,,,,,,,,,,,,,,,,,,,,,,,,,,,,,,,,,,,,,,,,,,,,,,,,,,,,,,,,,,,,,,,,,,,,,,,,,,,,,,,,,,,,,,,,,,,,,,,,,,,,,,,,,,,,,,,,,,,,,,,,,,,,,,,,,,,,,,,,,,,,,,,,,,,,,,,
Pithecia_albicans,PLA_Pitheciidae_Pithecia_albicans,,,,Polymorphic,,,,,,,,,,,3,3,,D,Frugivore,AR,1,1,Forest,,,,,,,,,,,,,,,,,,,,,,,,,,,,,,,,,,,,,,,,,,,,,,,,,,,,,,,,,,,,,,,,,,,,,,,,,,,,,,,,,,,,,,,,,,,,,,,,,,,,,,,,,,,,,,,,,,,,,,,,,,,,,,,,,,,,,,,,,,,,,,,,,,,,,,,,,,,,,,,,,,,,,,,,,,,,,,,,,,,,,,,,,,,,,,,,,,,,,,,,,,,,,,,,,,,,,,,,,,,,,,,,,,,,,,,,,,,,,,,,
Pithecia_cazuzai,PLA_Pitheciidae_Pithecia_cazuzai,,,,,,,,,,,,,,,,,,D,,AR,,,,,,,,,,,,,,,,,,,,,,,,,,,,,,,,,,,,,,,,,,,,,,,,,,,,,,,,,,,,,,,,,,,,,,,,,,,,,,,,,,,,,,,,,,,,,,,,,,,,,,,,,,,,,,,,,,,,,,,,,,,,,,,,,,,,,,,,,,,,,,,,,,,,,,,,,,,,,,,,,,,,,,,,,,,,,,,,,,,,,,,,,,,,,,,,,,,,,,,,,,,,,,,,,,,,,,,,,,,,,,,,,,,,,,,,,,,,,,,,,,,
Pithecia_chrysocephala,PLA_Pitheciidae_Pithecia_chrysocephala,,,,,,,,,,,,,,,1.9,1.9,1.9,D,Frugivore,AR,1,,,,,,,,,,,,,,,,,,,,,,,,,,,,,,,,,,,,,,,,,,,,,,,,,,,,,,,,,,,,,,,,,,,,,,,,,,,,,,,,,,,,,,,,,,,,,,,,,,,,,,,,,,,,,,,,,,,,,,,,,,,,,,,,,,,,,,,,,,,,,,,,,,,,,,,,,,,,,,,,,,,,,,,,,,,,,,,,,,,,,,,,,,,,,,,,,,,,,,,,,,,,,,,,,,,,,,,,,,,,,,,,,,,,,,,,,,,,,,,,,,
Pithecia_hirsuta,PLA_Pitheciidae_Pithecia_hirsuta,,,,,,,,,,,,,,,,,,D,Frugivore,AR,,,,,,,,,,,,,,,,,,,,,,,,,,,,,,,,,,,,,,,,,,,,,,,,,,,,,,,,,,,,,,,,,,,,,,,,,,,,,,,,,,,,,,,,,,,,,,,,,,,,,,,,,,,,,,,,,,,,,,,,,,,,,,,,,,,,,,,,,,,,,,,,,,,,,,,,,,,,,,,,,,,,,,,,,,,,,,,,,,,,,,,,,,,,,,,,,,,,,,,,,,,,,,,,,,,,,,,,,,,,,,,,,,,,,,,,,,,,,,,,,,,
Pithecia_inusta,PLA_Pitheciidae_Pithecia_inusta,,,,,,,,,,,,,,,,,,D,,AR,,,,,,,,,,,,,,,,,,,,,,,,,,,,,,,,,,,,,,,,,,,,,,,,,,,,,,,,,,,,,,,,,,,,,,,,,,,,,,,,,,,,,,,,,,,,,,,,,,,,,,,,,,,,,,,,,,,,,,,,,,,,,,,,,,,,,,,,,,,,,,,,,,,,,,,,,,,,,,,,,,,,,,,,,,,,,,,,,,,,,,,,,,,,,,,,,,,,,,,,,,,,,,,,,,,,,,,,,,,,,,,,,,,,,,,,,,,,,,,,,,,
Pithecia_irrorata,PLA_Pitheciidae_Pithecia_irrorata,,,,Polymorphic,Pair,0,,,,,,,,,2.16,2.25,2.07,D,Frugivore,AR,,,Forest/Wetlands,,,2250,2070,1.087,3.5,,,,,,,,-8.15,1766.7,25.1,1388.5,1574.5,,,,,,,,,,,,,,,,,,,,,,,,,,,,,,,,,,,,,,,,,,,,,,,,,,,,,,,,,,,,,,,,,,,,,,,,,,,,,,,,,,,,,,,,,,,,,,,,,,,,,,,,31.5,38.5,1388,2,,,,,,,,,,,,,,,,,,,,,,,,,,,,,,,,,,,,,,,,,,,,,,,,,,,,,,,,,,,,,,,,,,,,,,,,,,,,,,,,,,,,,,,,,,,,,,,,,,,,,,,,,,,,,,,,,,,
Pithecia_isabela,PLA_Pitheciidae_Pithecia_isabela,,,,,,,,,,,,,,,,,,D,,AR,,,,,,,,,,,,,,,,,,,,,,,,,,,,,,,,,,,,,,,,,,,,,,,,,,,,,,,,,,,,,,,,,,,,,,,,,,,,,,,,,,,,,,,,,,,,,,,,,,,,,,,,,,,,,,,,,,,,,,,,,,,,,,,,,,,,,,,,,,,,,,,,,,,,,,,,,,,,,,,,,,,,,,,,,,,,,,,,,,,,,,,,,,,,,,,,,,,,,,,,,,,,,,,,,,,,,,,,,,,,,,,,,,,,,,,,,,,,,,,,,,,
Pithecia_milleri,PLA_Pitheciidae_Pithecia_milleri,,,,,,,,,,,,,,,,,,D,,AR,,,,,,,,,,,,,,,,,,,,,,,,,,,,,,,,,,,,,,,,,,,,,,,,,,,,,,,,,,,,,,,,,,,,,,,,,,,,,,,,,,,,,,,,,,,,,,,,,,,,,,,,,,,,,,,,,,,,,,,,,,,,,,,,,,,,,,,,,,,,,,,,,,,,,,,,,,,,,,,,,,,,,,,,,,,,,,,,,,,,,,,,,,,,,,,,,,,,,,,,,,,,,,,,,,,,,,,,,,,,,,,,,,,,,,,,,,,,,,,,,,,
Pithecia_mittermeieri,PLA_Pitheciidae_Pithecia_mittermeieri,,,,,,,,,,,,,,,,,,D,,AR,,,,,,,,,,,,,,,,,,,,,,,,,,,,,,,,,,,,,,,,,,,,,,,,,,,,,,,,,,,,,,,,,,,,,,,,,,,,,,,,,,,,,,,,,,,,,,,,,,,,,,,,,,,,,,,,,,,,,,,,,,,,,,,,,,,,,,,,,,,,,,,,,,,,,,,,,,,,,,,,,,,,,,,,,,,,,,,,,,,,,,,,,,,,,,,,,,,,,,,,,,,,,,,,,,,,,,,,,,,,,,,,,,,,,,,,,,,,,,,,,,,
Pithecia_monachus,PLA_Pitheciidae_Pithecia_monachus,,,,Polymorphic,Pair/Multimale,0,,,,,,,,,2.36,2.61,2.11,D,,AR,1,,Forest/Wetlands,,,,,,,,,,,,,,,,,,,,,,,,,,,,,,,,,,2110,36.9,,,,,,,24.6,,,,,,,,,,,,,,,,,,,,,,,,,,,,,,,,,,,,,,,,,,,,,,,,,,,,,,,,,,,,,,,,,,,,,,,,,,,,,,,,21.5,23.5,1427,2,,,,,,,,,,,,,,,,,,33034.53,1008.88,3908,745,2285,24920,34.8,0.85,675,140,1918,1918,289,834,21028,,,,,,,,,1679,72.3,,,2.64,2.68,2.72,,,,,,,,,,,,,,,,,,,,,,,,,,,,,,,,,,,,,,,,,,,,,,,,,,,,,,,,,,,,,,,,,,,,
Pithecia_napensis,PLA_Pitheciidae_Pithecia_napensis,,,,,,,,,,,,,,,,,,D,,AR,,,,,,,,,,,,,,,,,,,,,,,,,,,,,,,,,,,,,,,,,,,,,,,,,,,,,,,,,,,,,,,,,,,,,,,,,,,,,,,,,,,,,,,,,,,,,,,,,,,,,,,,,,,,,,,,,,,,,,,,,,,,,,,,,,,,,,,,,,,,,,,,,,,,,,,,,,,,,,,,,,,,,,,,,,,,,,,,,,,,,,,,,,,,,,,,,,,,,,,,,,,,,,,,,,,,,,,,,,,,,,,,,,,,,,,,,,,,,,,,,,,
Pithecia_pissinattii,PLA_Pitheciidae_Pithecia_pissinattii,,,,,,,,,,,,,,,,,,D,,AR,,,,,,,,,,,,,,,,,,,,,,,,,,,,,,,,,,,,,,,,,,,,,,,,,,,,,,,,,,,,,,,,,,,,,,,,,,,,,,,,,,,,,,,,,,,,,,,,,,,,,,,,,,,,,,,,,,,,,,,,,,,,,,,,,,,,,,,,,,,,,,,,,,,,,,,,,,,,,,,,,,,,,,,,,,,,,,,,,,,,,,,,,,,,,,,,,,,,,,,,,,,,,,,,,,,,,,,,,,,,,,,,,,,,,,,,,,,,,,,,,,,
Pithecia_pithecia,PLA_Pitheciidae_Pithecia_pithecia,1.01,7.473069088,3.473828073,Polymorphic,Pair/Multimale,0,,,,,,,,,1.76,1.94,1.58,D,Frugivore,AR,1,,Forest/Wetlands,32.26,32.58,1940,1580,1.228,5.5,1,2,2,448.03,158,113.15,248.4,2.92,1569.9,25.4,1467.7,1698.9,0.128,1.5,3.7156,29.4,8.75,3,1.174,,,,,Polygynandry,Polygynandry,,,1580,32.6,,,319,159,120,2.08,36,,Monogamous,No,,,4.6,1940,1580,1.228,8.9,7.58,1.174,1940,0.92,1600,1827,0,0,1,0,0,0,1,0,0,0,1,2,22,,,,,,,,,,,,,,,,,,,,,,,,,,,,,,,,,,,,,,,,,,,,,,,,,,,25,32.8,1468,2,,,,,,,,,,,,,,2.2,14,,4,28958,,,,,,,,,,,,,,,,,,,,,,,,,,,,,,80,270,208,558,,,,,,,,,,,,,,,,,,,,,,,,,,,,,,,,,,,,,,,,,,,,,,,,,,,,,,,,,,,,,,,,
Pithecia_rylandsi,PLA_Pitheciidae_Pithecia_rylandsi,,,,,,,,,,,,,,,,,,D,Frugivore,AR,,,,,,,,,,,,,,,,,,,,,,,,,,,,,,,,,,,,,,,,,,,,,,,,,,,,,,,,,,,,,,,,,,,,,,,,,,,,,,,,,,,,,,,,,,,,,,,,,,,,,,,,,,,,,,,,,,,,,,,,,,,,,,,,,,,,,,,,,,,,,,,,,,,,,,,,,,,,,,,,,,,,,,,,,,,,,,,,,,,,,,,,,,,,,,,,,,,,,,,,,,,,,,,,,,,,,,,,,,,,,,,,,,,,,,,,,,,,,,,,,,,
Pithecia_vanzolinii,PLA_Pitheciidae_Pithecia_vanzolinii,,,,,,,,,,,,,,,,,,D,,AR,,,,,,,,,,,,,,,,,,,,,,,,,,,,,,,,,,,,,,,,,,,,,,,,,,,,,,,,,,,,,,,,,,,,,,,,,,,,,,,,,,,,,,,,,,,,,,,,,,,,,,,,,,,,,,,,,,,,,,,,,,,,,,,,,,,,,,,,,,,,,,,,,,,,,,,,,,,,,,,,,,,,,,,,,,,,,,,,,,,,,,,,,,,,,,,,,,,,,,,,,,,,,,,,,,,,,,,,,,,,,,,,,,,,,,,,,,,,,,,,,,,
Plecturocebus_aureipalatii,PLA_Pitheciidae_Plecturocebus_aureipalatii,,,,Polymorphic,,,,,,,,,,,0.95,1,0.9,D,Frugivore,AR,1,2,Forest,,,,,,,,,,,,,,,,,,,,,,,,,,,,,,,,,,,,,,,,,,,,,,,,,,,,,,,,,,,,,,,,,,,,,,,,,,,,,,,,,,,,,,,,,,,,,,,,,,,,,,,,,,,,,,,,,,,,,,,,,,,,,,,,,,,,,,,,,,,,,,,,,,,,,,,,,,,,,,,,,,,,,,,,,,,,,,,,,,,,,,,,,,,,,,,,,,,,,,,,,,,,,,,,,,,,,,,,,,,,,,,,,,,,,,,,,,,,,,,,
Plecturocebus_baptista,PLA_Pitheciidae_Plecturocebus_baptista,,,,Polymorphic,,,,,,,,,,,1.16,,,D,,AR,1,,Forest,,,,,,,,,,,,,,,,,,,,,,,,,,,,,,,,,,,,,,,,,,,,,,,,,,,,,,,,,,,,,,,,,,,,,,,,,,,,,,,,,,,,,,,,,,,,,,,,,,,,,,,,,,,,,,,,,,,,,,,,,,,,,,,,,,,,,,,,,,,,,,,,,,,,,,,,,,,,,,,,,,,,,,,,,,,,,,,,,,,,,,,,,,,,,,,,,,,,,,,,,,,,,,,,,,,,,,,,,,,,,,,,,,,,,,,,,,,,,,,,
Plecturocebus_bernhardi,PLA_Pitheciidae_Plecturocebus_bernhardi,,,,Polymorphic,,,,,,,,,,,0.95,0.95,,D,,AR,1,,Forest,,,,,,,,,,,,,,,,,,,,,,,,,,,,,,,,,,,,,,,,,,,,,,,,,,,,,,,,,,,,,,,,,,,,,,,,,,,,,,,,,,,,,,,,,,,,,,,,,,,,,,,,,,,,,,,,,,,,,,,,,,,,,,,,,,,,,,,,,,,,,,,,,,,,,,,,,,,,,,,,,,,,,,,,,,,,,,,,,,,,,,,,,,,,,,,,,,,,,,,,,,,,,,,,,,,,,,,,,,,,,,,,,,,,,,,,,,,,,,,,
Plecturocebus_brunneus,PLA_Pitheciidae_Plecturocebus_brunneus,,,,Polymorphic,Pair,,,,,,,,,,0.83,0.854,0.805,D,Frugivore,AR,3,,Forest,,,,,,,,,,,,,,,,,,,,,,,,,,,,,,,,,,,,,,,,,,,,,,,,,,,,,,,,,,,,,,,,,,,,,,,,,,,,,,,,,,,,,,,,,,,,,,,,,,,,,,,,,,,,,,,,,,,,,,,,,,,,,,,,,,,,,,,,,,,,,,,,,,,,,,,,,,,,,,,,,,,,,,,,,,,,,,,,,,,,,,,,,,,,,,,,,,,,,,,,,,,,,,,,,,,,,,,,,,,,,,,,,,,,,,,,,,,,,,,,
Plecturocebus_caligatus,PLA_Pitheciidae_Plecturocebus_caligatus,,6.779921907,2.847812143,Polymorphic,Pair,,,,,,,,,,1,,,D,,AR,1,,Forest,,,,,,,,,,,,,,,,,,,,,,,,,,,,,,,,,,,,,,,,,,,,,,,,,,,,,,,,,,,,,,,,,,,,,,,,,,,,,,,,,,,,,,,,,,,,,,,,,,,,,,,,,,,,,,,,,,,,,,,,,,,,,,,,,,,,,,,,,,,,,,,,,,,,,,,,,,,,,,,,,,,,,,,,,,,,,,,,,,,,,,,,,,,,,,,,,,,,,,,,,,,,,,,,,,,,,,,,,,,,,,,,,,,,,,,,,,,,,,,,
Plecturocebus_caquetensis,PLA_Pitheciidae_Plecturocebus_caquetensis,,,,,,,,,,,,,,,,,,D,Omnivore,AR,5,1,Forest/Wetlands,,,,,,,,,,,,,,,,,,,,,,,,,,,,,,,,,,,,,,,,,,,,,,,,,,,,,,,,,,,,,,,,,,,,,,,,,,,,,,,,,,,,,,,,,,,,,,,,,,,,,,,,,,,,,,,,,,,,,,,,,,,,,,,,,,,,,,,,,,,,,,,,,,,,,,,,,,,,,,,,,,,,,,,,,,,,,,,,,,,,,,,,,,,,,,,,,,,,,,,,,,,,,,,,,,,,,,,,,,,,,,,,,,,,,,,,,,,,,,,,
Plecturocebus_cinerascens,PLA_Pitheciidae_Plecturocebus_cinerascens,,,,Polymorphic,,,,,,,,,,,0.74,,,D,,AR,1,,Forest,,,,,,,,,,,,,,,,,,,,,,,,,,,,,,,,,,,,,,,,,,,,,,,,,,,,,,,,,,,,,,,,,,,,,,,,,,,,,,,,,,,,,,,,,,,,,,,,,,,,,,,,,,,,,,,,,,,,,,,,,,,,,,,,,,,,,,,,,,,,,,,,,,,,,,,,,,,,,,,,,,,,,,,,,,,,,,,,,,,,,,,,,,,,,,,,,,,,,,,,,,,,,,,,,,,,,,,,,,,,,,,,,,,,,,,,,,,,,,,,
Plecturocebus_cupreus,PLA_Pitheciidae_Plecturocebus_cupreus,,6.975413927,2.869601996,Polymorphic,Pair,,,,,,,,,,1.07,1.02,1.12,D,Frugivore,AR,1,,Forest,,,,,,,,,,,,,,,,,,,,,,,,,,,,,,,,,,1120,16.6,74,1.17,336,129,140,5,26.4,0.227,,,,,,,,,,,,,,,,,,,,,,,,,,,,,,,,,,,,,,,,,,,,,,,,,,,,,,,,,,,,,,,,,,,,,,,,,,,,,,,20.3,27.5,1530,0,,,,,,,,,,,,,,,,,,,,,,,,,,,,,,,,,,,,,,,,,,,,,,,,,,,,,,,,,,,,,,,,,,,,,,,,,,,,,,,,,,,,,,,,,,,,,,,,,,,,,,,,,,,,,,,,,,,
Plecturocebus_discolor,PLA_Pitheciidae_Plecturocebus_discolor,,,,Polymorphic,,,,,,,,,,,1.01,0.93,1.08,D,Frugivore,AR,1,,Forest/Wetlands,,,,,,,,,,,,,,,,,,,,,,,,,,,,,,,,,,,,,,,,,,,,,,,,,,,,,,,,,,,,,,,,,,,,,,,,,,,,,,,,,,,,,,,,,,,,,,,,,,,,,,,,,,,,,,,,,,,,,,,,,,,,,,,,,,,,,,,,,,,,,,,,,,,,,,,,,,,,,,,,,,,,,,,,,,,,,,,,,,,,,,,,,,,,,,,,,,,,,,,,,,,,,,,,,,,,,,,,,,,,,,,,,,,,,,,,,,,,,,,,
Plecturocebus_hoffmansi,PLA_Pitheciidae_Plecturocebus_hoffmansi,1.02,,,Polymorphic,Pair,2.27,,,,,,,,,1.06,1.09,1.03,D,,AR,1,,Forest/Wetlands,,,1090,1030,1.058,,,,,,,,,-3.97,1584.1,25.8,1417.6,1610.4,,,,,,,,,,,,,,,,,,,,,,,,,,,,,,,,,,,,,,,,,,,,,,,,,,,,,,,,,,,,,,,,,,,,,,,,,,,,,,,,,,,,,,,,,,,,,,,,,,,,,,,,27.5,48,1418,0,,,,,,,,,,,,,,,,,,,,,,,,,,,,,,,,,,,,,,,,,,,,,,,,,,,,,,,,,,,,,,,,,,,,,,,,,,,,,,,,,,,,,,,,,,,,,,,,,,,,,,,,,,,,,,,,,,,
Plecturocebus_miltoni,PLA_Pitheciidae_Plecturocebus_miltoni,,,,,,,,,,,,,,,1.34,,,D,,AR,,,,,,,,,,,,,,,,,,,,,,,,,,,,,,,,,,,,,,,,,,,,,,,,,,,,,,,,,,,,,,,,,,,,,,,,,,,,,,,,,,,,,,,,,,,,,,,,,,,,,,,,,,,,,,,,,,,,,,,,,,,,,,,,,,,,,,,,,,,,,,,,,,,,,,,,,,,,,,,,,,,,,,,,,,,,,,,,,,,,,,,,,,,,,,,,,,,,,,,,,,,,,,,,,,,,,,,,,,,,,,,,,,,,,,,,,,,,,,,,,,,
Plecturocebus_modestus,PLA_Pitheciidae_Plecturocebus_modestus,,,,Polymorphic,,,,,,,,,,,0.8,,,D,Frugivore,AR,4,1,Forest/Shrubland/Wetlands,,,,,,,,,,,,,,,,,,,,,,,,,,,,,,,,,,,,,,,,,,,,,,,,,,,,,,,,,,,,,,,,,,,,,,,,,,,,,,,,,,,,,,,,,,,,,,,,,,,,,,,,,,,,,,,,,,,,,,,,,,,,,,,,,,,,,,,,,,,,,,,,,,,,,,,,,,,,,,,,,,,,,,,,,,,,,,,,,,,,,,,,,,,,,,,,,,,,,,,,,,,,,,,,,,,,,,,,,,,,,,,,,,,,,,,,,,,,,,,,
Plecturocebus_oenanthe,PLA_Pitheciidae_Plecturocebus_oenanthe,,,,Polymorphic,,,,,,,,,,,0.8,,,D,Omnivore,AR,5,1,Forest/Shrubland/Wetlands,,,,,,,,,,,,,,,,,,,,,,,,,,,,,,,,,,,,,,,,,,,,,,,,,,,,,,,,,,,,,,,,,,,,,,,,,,,,,,,,,,,,,,,,,,,,,,,,,,,,,,,,,,,,,,,,,,,,,,,,,,,,,,,,,,,,,,,,,,,,,,,,,,,,,,,,,,,,,,,,,,,,,,,,,,,,,,,,,,,,,,,,,,,,,,,,,,,,,,,,,,,,,,,,,,,,,,,,,,,,,,,,,,,,,,,,,,,,,,,,
Plecturocebus_olallae,PLA_Pitheciidae_Plecturocebus_olallae,,,,Polymorphic,,,,,,,,,,,0.8,,,D,Folivore_frugivore,AR,4,1,Forest/Savanna/Shrubland/Wetlands,,,,,,,,,,,,,,,,,,,,,,,,,,,,,,,,,,,,,,,,,,,,,,,,,,,,,,,,,,,,,,,,,,,,,,,,,,,,,,,,,,,,,,,,,,,,,,,,,,,,,,,,,,,,,,,,,,,,,,,,,,,,,,,,,,,,,,,,,,,,,,,,,,,,,,,,,,,,,,,,,,,,,,,,,,,,,,,,,,,,,,,,,,,,,,,,,,,,,,,,,,,,,,,,,,,,,,,,,,,,,,,,,,,,,,,,,,,,,,,,
Plecturocebus_ornatus,PLA_Pitheciidae_Plecturocebus_ornatus,,,,Polymorphic,,,,,,,,,,,1.17,1.18,1.16,D,Frugivore,AR,3,1,Forest,,,,,,,,,,,,,,,,,,,,,,,,,,,,,,,,,,,,,,,,,,,,,,,,,,,,,,,,,,,,,,,,,,,,,,,,,,,,,,,,,,,,,,,,,,,,,,,,,,,,,,,,,,,,,,,,,,,,,,,,,,,,,,,,,,,,,,,,,,,,,,,,,,,,,,,,,,,,,,,,,,,,,,,,,,,,,,,,,,,,,,,,,,,,,,,,,,,,,,,,,,,,,,,,,,,,,,,,,,,,,,,,,,,,,,,,,,,,,,,,
Plecturocebus_pallescens,PLA_Pitheciidae_Plecturocebus_pallescens,,,,Polymorphic,,,,,,,,,,,0.8,0.8,,D,Omnivore,AR,1,2,Forest/Shrubland/Wetlands,,,,,,,,,,,,,,,,,,,,,,,,,,,,,,,,,,,,,,,,,,,,,,,,,,,,,,,,,,,,,,,,,,,,,,,,,,,,,,,,,,,,,,,,,,,,,,,,,,,,,,,,,,,,,,,,,,,,,,,,,,,,,,,,,,,,,,,,,,,,,,,,,,,,,,,,,,,,,,,,,,,,,,,,,,,,,,,,,,,,,,,,,,,,,,,,,,,,,,,,,,,,,,,,,,,,,,,,,,,,,,,,,,,,,,,,,,,,,,,,
Plecturocebus_stephennashi,PLA_Pitheciidae_Plecturocebus_stephennashi,,,,Polymorphic,,,,,,,,,,,0.67,,,D,,AR,,,Forest,,,,,,,,,,,,,,,,,,,,,,,,,,,,,,,,,,,,,,,,,,,,,,,,,,,,,,,,,,,,,,,,,,,,,,,,,,,,,,,,,,,,,,,,,,,,,,,,,,,,,,,,,,,,,,,,,,,,,,,,,,,,,,,,,,,,,,,,,,,,,,,,,,,,,,,,,,,,,,,,,,,,,,,,,,,,,,,,,,,,,,,,,,,,,,,,,,,,,,,,,,,,,,,,,,,,,,,,,,,,,,,,,,,,,,,,,,,,,,,,
Plecturocebus_toppini,PLA_Pitheciidae_Plecturocebus_toppini,,,,,,,,,,,,,,,,,,D,Folivore_frugivore,AR,,,,,,,,,,,,,,,,,,,,,,,,,,,,,,,,,,,,,,,,,,,,,,,,,,,,,,,,,,,,,,,,,,,,,,,,,,,,,,,,,,,,,,,,,,,,,,,,,,,,,,,,,,,,,,,,,,,,,,,,,,,,,,,,,,,,,,,,,,,,,,,,,,,,,,,,,,,,,,,,,,,,,,,,,,,,,,,,,,,,,,,,,,,,,,,,,,,,,,,,,,,,,,,,,,,,,,,,,,,,,,,,,,,,,,,,,,,,,,,,,,,
Plecturocebus_urubambensis,PLA_Pitheciidae_Plecturocebus_urubambensis,,,,,,,,,,,,,,,,,,D,,AR,,,,,,,,,,,,,,,,,,,,,,,,,,,,,,,,,,,,,,,,,,,,,,,,,,,,,,,,,,,,,,,,,,,,,,,,,,,,,,,,,,,,,,,,,,,,,,,,,,,,,,,,,,,,,,,,,,,,,,,,,,,,,,,,,,,,,,,,,,,,,,,,,,,,,,,,,,,,,,,,,,,,,,,,,,,,,,,,,,,,,,,,,,,,,,,,,,,,,,,,,,,,,,,,,,,,,,,,,,,,,,,,,,,,,,,,,,,,,,,,,,,
Plecturocebus_vieirai,PLA_Pitheciidae_Plecturocebus_vieirai,,,,,,,,,,,,,,,0.96,0.96,,D,,AR,,,Forest/Wetlands,,,,,,,,,,,,,,,,,,,,,,,,,,,,,,,,,,,,,,,,,,,,,,,,,,,,,,,,,,,,,,,,,,,,,,,,,,,,,,,,,,,,,,,,,,,,,,,,,,,,,,,,,,,,,,,,,,,,,,,,,,,,,,,,,,,,,,,,,,,,,,,,,,,,,,,,,,,,,,,,,,,,,,,,,,,,,,,,,,,,,,,,,,,,,,,,,,,,,,,,,,,,,,,,,,,,,,,,,,,,,,,,,,,,,,,,,,,,,,,,
Pongo_tapanuliensis,APE_Hominidae_Pongo_tapanuliensis,,,,,,,,,,,,,,,,,,,,,5,1,,,,,,,,,,,,,,,,,,,,,,,,,,,,,,,,,,,,,,,,,,,,,,,,,,,,,,,,,,,,,,,,,,,,,,,,,,,,,,,,,,,,,,,,,,,,,,,,,,,,,,,,,,,,,,,,,,,,,,,,,,,,,,,,,,,,,,,,,,,,,,,,,,,,,,,,,,,,,,,,,,,,,,,,,,,,,,,,,,,,,,,,,,,,,,,,,,,,,,,,,,,,,,,,,,,,,,,,,,,,,,,,,,,,,,,,,,,,,,,,,
Presbytis_bicolor,OWM_Cercopithecidae_Presbytis_bicolor,,,,,Unimale,,,,,,,,,,6.43,6.05,6.8,D,Folivore_frugivore,AR,,1,Forest,,,,,,,,,,,,,,,,,,,,,,,,,,,,,,,,,,,,,,,,,,,,,,,,,,,,,,,,,,,,,,,,,,,,,,,,,,,,,,,,,,,,,,,,,,,,,,,,,,,,,,,,,,,,,,,,,,,,,,,,,,,,,,,,,,,,,,,,,,,,,,,,,,,,,,,,,,,,,,,,,,,,,,,,,,,,,,,,,,,,,,,,,,,,,,,,,,,,,,,,,,,,,,,,,,,,,,,,,,,,,,,,,,,,,,,,,,,,,,,,
Presbytis_canicrus,OWM_Cercopithecidae_Presbytis_canicrus,,,,,,,,,,,,,,,6.125,6.5,5.75,D,Folivore,AR,4,1,Forest,,,,,,,,,,,,,,,,,,,,,,,,,,,,,,,,,,,,,,,,,,,,,,,,,,,,,,,,,,,,,,,,,,,,,,,,,,,,,,,,,,,,,,,,,,,,,,,,,,,,,,,,,,,,,,,,,,,,,,,,,,,,,,,,,,,,,,,,,,,,,,,,,,,,,,,,,,,,,,,,,,,,,,,,,,,,,,,,,,,,,,,,,,,,,,,,,,,,,,,,,,,,,,,,,,,,,,,,,,,,,,,,,,,,,,,,,,,,,,,,
Presbytis_chrysomelas,OWM_Cercopithecidae_Presbytis_chrysomelas,,8.812694613,4.278192731,Trichromatic,Unimale,,,,,,,,,,7.05,,,D,Folivore_frugivore,AR,5,1,Forest,,,,,,,,,,,,,,,,,,,,,,,,,,,,,,,,,,,,,,,,,,,,,,,,,,,,,,,,,,,,,,,,,,,,,,,,,,,,,,,,,,,,,,,,,,,,,,,,,,,,,,,,,,,,,,,,,,,,,,,,,,,,,,,,,,,,,,,,,,,,,,,,,,,,,,,,,,,,,,,,,,,,,,,,,,,,,,,,,,,,,,,,,,,,,,,,,,,,,,,,,,,,,,,,,,,,,,,,,,,,,,,,,,,,,,,,,,,,,,,,
Presbytis_comata,OWM_Cercopithecidae_Presbytis_comata,1,8.809116258,4.385769621,Trichromatic,Pair/Unimale/Multimale,,,,,,,,,,6.7,6.68,6.71,D,Folivore,AR,4,1,Forest,80.3,59,6680,6710,0.996,6,1.2,1.4,1.17,,,,,-6.77,2178.5,24.4,1588.5,1752.7,0.38,0.5,0.7188,14.2,65,,1.508,,,,,Harem Polygyny,Polygyny,,,6695,80.3,,,,,,4,,,Polygynous,Yes,,,6.8,6680,6710,0.996,13.92,9.23,1.508,6680,,,6680,0,0,0,0,0,0,0,0,0,0,0,0,0,,,,,,,,,,,,,,,,,,,,,,,,,,,,,,,,,,,,,,,,,,,,,,,,,,,,,,,,,,,,,,,,,,,,,,,,,,,,,,,,,,,,,,,,,,,,,,,,,,,,,,,,,,,,,,,,,,,,,,,,,,,,,,,,,,,,,,,,,,,,,,,,,,,,,,,,,,,,,,,,,,,,,,,,,
Presbytis_femoralis,OWM_Cercopithecidae_Presbytis_femoralis,,8.831711918,4.300545393,Trichromatic,Unimale,,,,,,,,,,6.22,6.26,6.19,D,Folivore_frugivore,AR,2,1,Forest/Grassland/Wetlands,,,,,,,,,,,,,,,,,,,,,,,,,,,,,,,,,,,,,,,,,,,,,,,,,,,,,,,,,,,,,,,,,,,,,,,,,,,,,,,,,,,,,,,,,,,,,,,,,,,,,,,,,,,,,,,,,,,,,,,,,,,,,,,,,,,,,,,,,,,,,,,,,,,,,,,,,,,,,,,,,,,,,,,,,,,,,,,,,,,,,,,,,,,,,,,,,,,,,,,,,,,,,,,,,,,,,,,,,,,,,,,,,,,,,,,,,,,,,,,,
Presbytis_frontata,OWM_Cercopithecidae_Presbytis_frontata,,8.633196867,4.394696038,Trichromatic,Pair/Unimale,,,,,,,,,,5.61,5.56,5.67,D,Folivore,AR,3,1,Forest,,,,,,,,,,,,,,,,,,,,,,,,,,,,,,,,,,,,,,,,,,,,,,,,,,,,,,,,,,,,,,,,,,,,,,,,,,,,,,,,,,,,,,,,,,,,,,,,,,,,,,,,,,,,,,,,,,,,,,,,,,25,32,1675,0,,,,,,,,,,,,,,,,,,,,,,,,,,,,,,,,,,,,,,,,,,,,,,,,,,,,,,,,,,,,,,,,,,,,,,,,,,,,,,,,,,,,,,,,,,,,,,,,,,,,,,,,,,,,,,,,,,,
Presbytis_hosei,OWM_Cercopithecidae_Presbytis_hosei,,,,Trichromatic,Unimale,,,,,,,,,,5.9,6.18,5.63,D,Folivore,AR,3,1,Forest,,,,,,,,,,,,,,,,,,,,,,,,,,,,,,,,,,,,,,,,,,,,,,,,,,,,,,,,,,,,,,,,,,,,,,,,,,,,,,,,,,,,,,,,,,,,,,,,,,,,,,,,,,,,,,,,,,,,,,,,,,24,63.5,1702,0,,,,,,,,,,,,,,,,,,,,,,,,,,,,,,,,,,,,,,,,,,,,,,,,,,,,,,,,,,,,,,,,,,,,,,,,,,,,,,,,,,,,,,,,,,,,,,,,,,,,,,,,,,,,,,,,,,,
Presbytis_mitrata,OWM_Cercopithecidae_Presbytis_mitrata,,,,,Unimale,,,,,,,,,,5.8,5.9,5.8,D,Folivore_frugivore,AR,3,1,Forest/Shrubland,,,,,,,,,,,,,,,,,,,,,,,,,,,,,,,,,,,,,,,,,,,,,,,,,,,,,,,,,,,,,,,,,,,,,,,,,,,,,,,,,,,,,,,,,,,,,,,,,,,,,,,,,,,,,,,,,,,,,,,,,,,,,,,,,,,,,,,,,,,,,,,,,,,,,,,,,,,,,,,,,,,,,,,,,,,,,,,,,,,,,,,,,,,,,,,,,,,,,,,,,,,,,,,,,,,,,,,,,,,,,,,,,,,,,,,,,,,,,,,,
Presbytis_natunae,OWM_Cercopithecidae_Presbytis_natunae,,,,Trichromatic,,,,,,,,,,,7.05,,,D,,AR,3,1,Forest,,,,,,,,,,,,,,,,,,,,,,,,,,,,,,,,,,,,,,,,,,,,,,,,,,,,,,,,,,,,,,,,,,,,,,,,,,,,,,,,,,,,,,,,,,,,,,,,,,,,,,,,,,,,,,,,,,,,,,,,,,,,,,,,,,,,,,,,,,,,,,,,,,,,,,,,,,,,,,,,,,,,,,,,,,,,,,,,,,,,,,,,,,,,,,,,,,,,,,,,,,,,,,,,,,,,,,,,,,,,,,,,,,,,,,,,,,,,,,,,
Presbytis_potenziani,OWM_Cercopithecidae_Presbytis_potenziani,,,,Trichromatic,Pair/Unimale/Multimale,,,,,,,,,,6.27,6.14,6.41,D,Folivore_frugivore,AR,4,1,Forest,,,,,,,,,,,,,,,,,,,,,,,,,,,,,,,,,,,,,,,,,,,,,,,,,,,,,,,,,,,,,,,,,,,,,,,,,,,,,,,,,,,,,,,,,,,,,,,,,,,,,,,,,,,,,,,,,,,,,,,,,,,,,,,,,,,,,,,,,,,,,,,,,,,,,,,,,,,,,,,,,,,,,,,,,,,,,,,,,,,,,,,,,,,,,,,,,,,,,,,,,,,,,,,,,,,,,,,,,,,,,,,,,,,,,,,,,,,,,,,,
Presbytis_rubicunda,OWM_Cercopithecidae_Presbytis_rubicunda,,8.742893472,4.262961528,Trichromatic,Unimale,,,,,,,,,,6.13,6.22,6.04,D,Folivore_frugivore,AR,1,1,Forest,,,,,,,,,,,,,,,,,,,,,,,,,,,,,,,,,,,,,,,,,,,,,,,,,,,,,,,,,,,,,,,,,,,,,,,,,,,,,,,,,,,,,,,,,,,,,,,,,,,,,,,,,,,,,,,,,,,,,,,,,,25.5,32,1685,0,,,,,,,,,,,,,,,,,,,,,,,,,,,,,,,,,,,,,,,,,,,,,,,,,,,,,,,,,,,,,,,,,,,,,,,,,,,,,,,,,,,,,,,,,,,,,,,,,,,,,,,,,,,,,,,,,,,
Presbytis_sabana,OWM_Cercopithecidae_Presbytis_sabana,,,,,,,,,,,,,,,5.9,6.2,5.6,D,Folivore_frugivore,AR,4,1,Forest,,,,,,,,,,,,,,,,,,,,,,,,,,,,,,,,,,,,,,,,,,,,,,,,,,,,,,,,,,,,,,,,,,,,,,,,,,,,,,,,,,,,,,,,,,,,,,,,,,,,,,,,,,,,,,,,,,,,,,,,,,,,,,,,,,,,,,,,,,,,,,,,,,,,,,,,,,,,,,,,,,,,,,,,,,,,,,,,,,,,,,,,,,,,,,,,,,,,,,,,,,,,,,,,,,,,,,,,,,,,,,,,,,,,,,,,,,,,,,,,
Presbytis_siamensis,OWM_Cercopithecidae_Presbytis_siamensis,,,,Trichromatic,,,,,,,,,,,7.65,8.2,7.1,D,Folivore_frugivore,AR,2,1,Forest,,,,,,,,,,,,,,,,,,,,,,,,,,,,,,,,,,,,,,,,,,,,,,,,,,,,,,,,,,,,,,,,,,,,,,,,,,,,,,,,,,,,,,,,,,,,,,,,,,,,,,,,,,,,,,,,,,,,,,,,,,,,,,,,,,,,,,,,,,,,,,,,,,,,,,,,,,,,,,,,,,,,,,,,,,,,,,,,,,,,,,,,,,,,,,,,,,,,,,,,,,,,,,,,,,,,,,,,,,,,,,,,,,,,,,,,,,,,,,,,
Presbytis_siberu,OWM_Cercopithecidae_Presbytis_siberu,,,,,Unimale,,,,,,,,,,6.45,6.5,6.4,D,Folivore_frugivore,AR,4,1,Forest/Wetlands,,,,,,,,,,,,,,,,,,,,,,,,,,,,,,,,,,,,,,,,,,,,,,,,,,,,,,,,,,,,,,,,,,,,,,,,,,,,,,,,,,,,,,,,,,,,,,,,,,,,,,,,,,,,,,,,,,,,,,,,,,,,,,,,,,,,,,,,,,,,,,,,,,,,,,,,,,,,,,,,,,,,,,,,,,,,,,,,,,,,,,,,,,,,,,,,,,,,,,,,,,,,,,,,,,,,,,,,,,,,,,,,,,,,,,,,,,,,,,,,
Presbytis_sumatrana,OWM_Cercopithecidae_Presbytis_sumatrana,,,,,Unimale,,,,,,,,,,6.42,6.05,6.8,D,Folivore_frugivore,AR,4,1,Forest,,,,,,,,,,,,,,,,,,,,,,,,,,,,,,,,,,,,,,,,,,,,,,,,,,,,,,,,,,,,,,,,,,,,,,,,,,,,,,,,,,,,,,,,,,,,,,,,,,,,,,,,,,,,,,,,,,,,,,,,,,,,,,,,,,,,,,,,,,,,,,,,,,,,,,,,,,,,,,,,,,,,,,,,,,,,,,,,,,,,,,,,,,,,,,,,,,,,,,,,,,,,,,,,,,,,,,,,,,,,,,,,,,,,,,,,,,,,,,,,
Presbytis_thomasi,OWM_Cercopithecidae_Presbytis_thomasi,,8.814330423,4.289500077,Trichromatic,Unimale/Multimale,3.95,,,,,,,,,6.73,6.77,6.69,D,Folivore_frugivore,AR,3,1,Forest,,,,,,,,,,,,,,,,,,,,,,,,,,,,,,,,,,,,,,,,,,,,,,,,,,,,,,,,,,,,,,,,,,,,,,,,,,,,,,,,,,,,,,,,,,,,,,,,,,,,,,,,,,,,,,,,,,,,,,,,,,26,56,1497,0,,,,,,,,,,,,,,,,,,,,,,,,,,,,,,,,,,,,,,,,,,,,,,,,,,,,,,,,,,,,,,,,,,,,,,,,,,,,,,,,,,,,,,,,,,,,,,,,,,,,,,,,,,,,,,,,,,,
Procolobus_verus,OWM_Cercopithecidae_Procolobus_verus,1.02,8.400659375,3.96271612,Trichromatic,Pair/Unimale/Multimale,0,,,,,,,,,4.45,4.7,4.2,D,Folivore,AR,2,,Forest,52.6,51.63,4700,4200,1.119,,2,3.3,1.65,,167.84,,,7,1868.9,25.3,1312.8,1560.7,0.56,1.212,1.4353,13.5,79.5,,2.005,,,,6.7,Polygynandry,Polygynandry,,,,,,,,,,,,,Polygynous,Yes,,,7.8,4700,4200,1.119,14.9,7.43,2.005,4700,,,4700,0,0,0,0,0,0,0,0,0,0,0,0,0,,,,,,,,,,,,,,,,,,,,,,,,,,,,,,,,,,,,,,,,,,,,,,,,,,,,,,,,,,,,,,,,,,,,,,,,,,,,,,,,,,,,,,,,,,,,,,,,,,,,,,,,,,,,,,,,,,,,,,,,,,,,,,,,,,,,,,,,,,,,,,,,,,,,,,,,,,,,,,,,,,,,,,,,,
Propithecus_candidus,STR_Indriidae_Propithecus_candidus,,,,Polymorphic,,,,,,,,,,,5.685,,,D,Folivore_frugivore,AR,5,1,Forest,,,,,,,,,,,,,,,,,,,,,,,,,,,,,,,,,,,,,,,,,,,,,,,,,,,,,,,,,,,,,,,,,,,,,,,,,,,,,,,,,,,,,,,,,,,,,,,,,,,,,,,,,,,,,,,,,,,,,,,,,,,,,,,,,,,,,,,,,,,,,,,,,,,,,,,,,,,,,,,,,,,,,,,,,,,,,,,,,,,,,,,,,,,,,,,,,,,,,,,,,,,,,,,,,,,,,,,,,,,,,,,,,,,,,,,,,,,,,,,,
Propithecus_coronatus,STR_Indriidae_Propithecus_coronatus,,,,Polymorphic,,,,,,,,,,,3.9,,,D,Folivore,AR,5,1,Forest,,,,,,,,,,,,,,,,,,,,,,,,,,,,,,,,,,,,,,,,,,,,,,,,,,,,,,,,,,,,,,,,,,,,,,,,,,,,,,,,,,,,,,,,,,,,,,,,,,,,,,,,,,,,,,,,,,,,,,,,,,,,,,,,,,,,,,,,,,,,,,,,,,,,,,,,,,,,,,,,,,,,,,,,,,,,,,,,,,,,,,,,,,,,,,,,,,,,,,,,,,,,,,,,,,,,,,,,,,,,,,,,,,,,,,,,,,,,,,,,
Propithecus_deckenii,STR_Indriidae_Propithecus_deckenii,,8.169619562,3.406184923,Polymorphic,,,,,,,,,,,2.78,2.93,2.63,D,,AR,4,1,Forest,30.15,28.95,3430,3633.3,0.944,4,,,,,,,,,,,,,,,,,,,,,,,,,,,,,,,,,,,,,,,,,,,,,,,,,,,,,,,,,,,,,,,,,,,,,,,,,,,,,,,,,,,,,,,,,,,,,,,,,,,,,,,,,,,,,,,,,,,,,,,,,,,,,,,,,,,,,,,,,,,,,,,,,,,,,,,,,,,,,,,,,,,,,,,,,,,,,,,,,,,,,,,,,,,,,,,,,,,,,,,,,,,,,,,,,,,,,,,,,,,,,,,,,,,,,,,,,,
Propithecus_perrieri,STR_Indriidae_Propithecus_perrieri,,,,Polymorphic,Pair/Multimale,,,,,,,,,,4.41,4.22,4.44,D,Folivore_frugivore,AR,5,1,Forest,,,,,,,,,,,,,,,,,,,,,,,,,,,,,,,,,,,,,,,,,,,,,,,,,,,,,,,,,,,,,,,,,,,,,,,,,,,,,,,,,,,,,,,,,,,,,,,,,,,,,,,,,,,,,,,,,,,,,,,,,,,,,,,,,,,,,,,,,,,,,,,,,,,,,,,,,,,,,,,,,,,,,,,,,,,,,,,,,,,,,,,,,,,,,,,,,,,,,,,,,,,,,,,,,,,,,,,,,,,,,,,,,,,,,,,,,,,,,,,,
Pygathrix_cinerea,OWM_Cercopithecidae_Pygathrix_cinerea,,,,Trichromatic,Unimale/Multimale,,,,,,,,,,9.98,11.5,8.45,D,Folivore,AR,5,1,Forest,,,,,,,,,,,,,,,,,,,,,,,,,,,,,,,,,,,,,,,,,,,,,,,,,,,,,,,,,,,,,,,,,,,,,,,,,,,,,,,,,,,,,,,,,,,,,,,,,,,,,,,,,,,,,,,,,,,,,,,,,,,,,,,,,,,,,,,,,,,,,,,,,,,,,,,,,,,,,,,,,,,,,,,,,,,,,,,,,,,,,,,,,,,,,,,,,,,,,,,,,,,,,,,,,,,,,,,,,,,,,,,,,,,,,,,,,,,,,,,,
Pygathrix_nigripes,OWM_Cercopithecidae_Pygathrix_nigripes,,,,Trichromatic,Unimale,0.14,,,,,,,,,9.88,11.05,8.7,D,Folivore_frugivore,AR,5,1,Forest,,,,,,,,,,,,,,,,,,,,,,,,,,,,,,,,,,,,,,,,,,,,,,,,,,,,,,,,,,,,,,,,,,,,,,,,,,,,,,,,,,,,,,,,,,,,,,,,,,,,,,,,,,,,,,,,,,,,,,,,,,,,,,,,,,,,,,,,,,,,,,,,,,,,,,,,,,,,,,,,,,,,,,,,,,,,,,,,,,,,,,,,,,,,,,,,,,,,,,,,,,,,,,,,,,,,,,,,,,,,,,,,,,,,,,,,,,,,,,,,
Rhinopithecus_strykeri,OWM_Cercopithecidae_Rhinopithecus_strykeri,,,,,,,,,,,,,,,11.25,14,8.5,D,Folivore,BOTH,5,1,Forest,,,,,,,,,,,,,,,,,,,,,,,,,,,,,,,,,,,,,,,,,,,,,,,,,,,,,,,,,,,,,,,,,,,,,,,,,,,,,,,,,,,,,,,,,,,,,,,,,,,,,,,,,,,,,,,,,,,,,,,,,,,,,,,,,,,,,,,,,,,,,,,,,,,,,,,,,,,,,,,,,,,,,,,,,,,,,,,,,,,,,,,,,,,,,,,,,,,,,,,,,,,,,,,,,,,,,,,,,,,,,,,,,,,,,,,,,,,,,,,,
Saguinus_bicolor,PLA_Callitrichidae_Saguinus_bicolor,2,,,Polymorphic,Multimale,,,,,,,,,,0.43,0.428,0.43,D,Frugivore,AR,5,1,Forest,,,428,430,0.995,7.5,,,,,160,,228,-1.74,1299.9,26.2,1446.9,1659.3,,,,,,,,,,,,,,,,,,,,,160,,,19,,,,,,,,,,,,,,,,,,,,,,,,,,,,,,,,,,,,,,,,,,,,,,,,,,,,,,,,,,,,,,,,,,,,,,,,,,,,,,,,47.5,52,1447,2,,,,,,,,,,,,,,,,,,,,,,,,,,,,,,,,,,,,,,,,,,,,,,,,,,,,,,,,,,,,,,,,,,,,,,,,,,,,,,,,,,,,,,,,,,,,,,,,,,,,,,,,,,,,,,,,,,,
Saguinus_inustus,PLA_Callitrichidae_Saguinus_inustus,,,,Polymorphic,,,,,,,,,,,0.69,0.585,0.803,D,Frugivore,AR,1,2,Forest,,,,,,,,,,,,,,,,,,,,,,,,,,,,,,,,,,,,,,,,,,,,,,,,,,,,,,,,,,,,,,,,,,,,,,,,,,,,,,,,,,,,,,,,,,,,,,,,,,,,,,,,,,,,,,,,,,,,,,,,,,,,,,,,,,,,,,,,,,,,,,,,,,,,,,,,,,,,,,,,,,,,,,,,,,,,,,,,,,,,,,,,,,,,,,,,,,,,,,,,,,,,,,,,,,,,,,,,,,,,,,,,,,,,,,,,,,,,,,,,
Saguinus_labiatus,PLA_Callitrichidae_Saguinus_labiatus,,6.253828812,2.303584593,Polymorphic,Multimale,,,,,,,,,,0.51,0.49,0.529,D,Omnivore,AR,1,2,Forest,,,,,,,,,,,,,,,,,,,,,,,,,,,,,,,,,,,,,,299,147,227,,20.5,,,,,,,,,,,,,,,,,,,,,,,,,,,,,,,,,,,,,,,,,,,,,,,,,,,,,,,,,,,,,,,,,,,,,,,,,,,,,,,,,,,,,,,,,,,,,,,,,,,,,,,,,,,,,,,,,,,,,,,,,,,,,,,,,,,,,,,,,,,,,,,,,,,,,,,,,,,,,,,,,,,,,,,,,,,,,,,,,,,,,,,,,,,,,,,,,,,,,,
Saguinus_leucopus,PLA_Callitrichidae_Saguinus_leucopus,2,6.263398263,2.272125886,Polymorphic,Multimale,,,,,,,,,,0.49,0.494,0.49,D,Frugivore,AR,4,1,Forest,9.7,9.61,510,539,0.946,,,,,,142.5,,182.4,6.3,1436.6,23.1,1499.6,1576.2,,,,,,,,,,,,,,,,,,,,,142,,,15.2,,,,,,,,,,,,,,,,,,,,,,,,,,,,,,,,,,,,,,,,,,,,,,,,,,,,,,,,,,,,,,,,,,,,,,,,,,,,,,,,35.5,30.3,1500,2,,,,,,,,,,,,,,,,,,,,,,,,,,,,,,,,,,,,,,,,,,,,,,,,,,,,,,,,,,,,,,,,,,,,,,,,,,,,,,,,,,,,,,,,,,,,,,,,,,,,,,,,,,,,,,,,,,,
Saguinus_martinsi,PLA_Callitrichidae_Saguinus_martinsi,,,,Polymorphic,Multimale,,,,,,,,,,0.5,,,D,Frugivore,AR,1,,Forest,,,,,,,,,,,,,,,,,,,,,,,,,,,,,,,,,,,,,,,,,,,,,,,,,,,,,,,,,,,,,,,,,,,,,,,,,,,,,,,,,,,,,,,,,,,,,,,,,,,,,,,,,,,,,,,,,,,,,,,,,,,,,,,,,,,,,,,,,,,,,,,,,,,,,,,,,,,,,,,,,,,,,,,,,,,,,,,,,,,,,,,,,,,,,,,,,,,,,,,,,,,,,,,,,,,,,,,,,,,,,,,,,,,,,,,,,,,,,,,,
Saguinus_mystax,PLA_Callitrichidae_Saguinus_mystax,1.93,6.369900983,2.406043801,Polymorphic,Unimale/Multimale,,,,,,,,,,0.53,0.522,0.545,D,Omnivore,AR,1,2,Forest,11.09,10.99,629.3,538,1.17,7,2.2,2,0.91,168.5,145,,240,-6.23,1948.5,25.6,1532.1,1569.1,0.21,1.85,3.5777,,,,,25,29.6,27.2,4.7,,,,,584,11.1,,,168,145,171,,20,,,,,,,,,,,,,,,,,,,,,,,,,,,,,,,,,,,,,,,,,,,,,,,,,,,,,,,,,,,,,,,,,,,,,,,,,,,,,,,,20,17.8,1532,2,,,,,,,,,,,,,,,,,,,,,,,,,,,,,,,,,,,,,,,,,,,,,,,,,,,,,,,,,,,,,,,,,,,,,,,,,,,,,,,,,,,,,,,,,,,,,,,,,,,,,,,,,,,,,,,,,,,
Saguinus_niger,PLA_Callitrichidae_Saguinus_niger,,5.926926026,2.249184316,Polymorphic,Multimale,,,,,,,,,,0.42,0.431,0.428,D,Frugivore,AR,3,1,Forest,9.48,9.62,380,370,1.027,,,,,,,,,,,,,,,,,,,,,,,,,,,,,,,,,,,,,,,,,,,,,,,,,,,,,,,,,,,,,,,,,,,,,,,,,,,,,,,,,,,,,,,,,,,,,,,,,,,,,,,,,,,,,,,,,,,,,,,,,,,,,,,,,,,,,,,,,,,,,,,,,,,,,,,,,,,,,,,,,,,,,,,,,,,,,,,,,,,,,,,,,,,,,,,,,,,,,,,,,,,,,,,,,,,,,,,,,,,,,,,,,,,,,,,,,,,
Saguinus_ursulus,PLA_Callitrichidae_Saguinus_ursulus,,,,,,,,,,,,,,,,,,D,,AR,,,,,,,,,,,,,,,,,,,,,,,,,,,,,,,,,,,,,,,,,,,,,,,,,,,,,,,,,,,,,,,,,,,,,,,,,,,,,,,,,,,,,,,,,,,,,,,,,,,,,,,,,,,,,,,,,,,,,,,,,,,,,,,,,,,,,,,,,,,,,,,,,,,,,,,,,,,,,,,,,,,,,,,,,,,,,,,,,,,,,,,,,,,,,,,,,,,,,,,,,,,,,,,,,,,,,,,,,,,,,,,,,,,,,,,,,,,,,,,,,,,
Saimiri_cassiquiarensis,PLA_Cebidae_Saimiri_cassiquiarensis,,,,,,,,,,,,,,,0.88,0.887,0.875,D,Omnivore,AR,1,,Forest/Savanna/Shrubland/Wetlands,,,,,,,,,,,,,,,,,,,,,,,,,,,,,,,,,,,,,,,,,,,,,,,,,,,,,,,,,,,,,,,,,,,,,,,,,,,,,,,,,,,,,,,,,,,,,,,,,,,,,,,,,,,,,,,,,,,,,,,,,,,,,,,,,,,,,,,,,,,,,,,,,,,,,,,,,,,,,,,,,,,,,,,,,,,,,,,,,,,,,,,,,,,,,,,,,,,,,,,,,,,,,,,,,,,,,,,,,,,,,,,,,,,,,,,,,,,,,,,,
Saimiri_collinsi,PLA_Cebidae_Saimiri_collinsi,,,,,,,,,,,,,,,,,,,,,,,,,,,,,,,,,,,,,,,,,,,,,,,,,,,,,,,,,,,,,,,,,,,,,,,,,,,,,,,,,,,,,,,,,,,,,,,,,,,,,,,,,,,,,,,,,,,,,,,,,,,,,,,,,,,,,,,,,,,,,,,,,,,,,,,,,,,,,,,,,,,,,,,,,,,,,,,,,,,,,,,,,,,,,,,,,,,,,,,,,,,,,,,,,,,,,,,,,,,,,,,,,,,,,,,,,,,,,,,,,,,,,,,,,,,,,,,,,,,,,,,
Saimiri_macrodon,PLA_Cebidae_Saimiri_macrodon,,,,,,,,,,,,,,,0.99,1.107,0.87,D,,AR,,,Forest,,,,,,,,,,,,,,,,,,,,,,,,,,,,,,,Polygynandry,,,,,,,,,,,,,,,,,,,,,,,,,,,,,,,,,,,,,,,,,,,,,,,,,,,,,,,,,,,,,,,,,,,,,,,,,,,,,,,,,,,,,,,,,,,,,,,,,,,,,,,,,,,,,,,,,,,,,,,,,,,,,,,,,,,,,,,,,,,,,,,,,,,,,,,,,,,,,,,,,,,,,,,,,,,,,,,,,,,,,,,,,,,,,,,,,,,,,,,,,,,,,,,,,
Saimiri_ustus,PLA_Cebidae_Saimiri_ustus,,,,Polymorphic,Multimale,,,,,,,,,,0.86,0.921,0.799,D,Omnivore,AR,2,1,Forest,,,,,,,,,,,,,,,,,,,,,,,,,,,,,,,,,,,,,,,,,,,,,,,,,,,,,,,,,,,,,,,,,,,,,,,,,,,,,,,,,,,,,,,,,,,,,,,,,,,,,,,,,,,,,,,,,,,,,,,,,,,,,,,,,,,,,,,,,,,,,,,,,,,,,,,,,,,,,,,,,,,,,,,,,,,,,,,,,,,,,,,,,,,,,,,,,,,,,,,,,,,,,,,,,,,,,,,,,,,,,,,,,,,,,,,,,,,,,,,,
Saimiri_vanzolinii,PLA_Cebidae_Saimiri_vanzolinii,,,,Polymorphic,,,,,,,,,,,0.8,0.95,0.65,D,Omnivore,AR,3,,Forest,,,,,,,,,,,,,,,,,,,,,,,,,,,,,,,,,,,,,,,,,,,,,,,,,,,,,,,,,,,,,,,,,,,,,,,,,,,,,,,,,,,,,,,,,,,,,,,,,,,,,,,,,,,,,,,,,,,,,,,,,,,,,,,,,,,,,,,,,,,,,,,,,,,,,,,,,,,,,,,,,,,,,,,,,,,,,,,,,,,,,,,,,,,,,,,,,,,,,,,,,,,,,,,,,,,,,,,,,,,,,,,,,,,,,,,,,,,,,,,,
Sapajus_cay,PLA_Cebidae_Sapajus_cay,,,,Polymorphic,,,,,,,,,,,3.25,,,D,Omnivore,AR,1,1,Forest/Savanna,,,,,,,,,,,,,,,,,,,,,,,,,,,,,,,,,,,,,,,,,,,,,,,,,,,,,,,,,,,,,,,,,,,,,,,,,,,,,,,,,,,,,,,,,,,,,,,,,,,,,,,,,,,,,,,,,,,,,,,,,,,,,,,,,,,,,,,,,,,,,,,,,,,,,,,,,,,,,,,,,,,,,,,,,,,,,,,,,,,,,,,,,,,,,,,,,,,,,,,,,,,,,,,,,,,,,,,,,,,,,,,,,,,,,,,,,,,,,,,,
Sapajus_flavius,PLA_Cebidae_Sapajus_flavius,,,,Polymorphic,,,,,,,,,,,2.35,2.95,2.15,D,Omnivore,AR,5,1,Forest,,,,,,,,,,,,,,,,,,,,,,,,,,,,,,,,,,,,,,,,,,,,,,,,,,,,,,,,,,,,,,,,,,,,,,,,,,,,,,,,,,,,,,,,,,,,,,,,,,,,,,,,,,,,,,,,,,,,,,,,,,,,,,,,,,,,,,,,,,,,,,,,,,,,,,,,,,,,,,,,,,,,,,,,,,,,,,,,,,,,,,,,,,,,,,,,,,,,,,,,,,,,,,,,,,,,,,,,,,,,,,,,,,,,,,,,,,,,,,,,
Sapajus_libidinosus,PLA_Cebidae_Sapajus_libidinosus,,,,Polymorphic,Multimale,,,,,,,,,,2.54,3.1,1.975,D,Omnivore,AR,1,1,Forest/Savanna,,,,,,,,,,,,,,,,,,,,,,,,,,,,,,,,,,,,,,,,,,,,,,,,,,,,,,,,,,,,,,,,,,,,,,,,,,,,,,,,,,,,,,,,,,,,,,,,,,,,,,,,,,,,,,,,,,,,,,,,,,,,,,,,,,,,,,,,,,,,,,,,,,,,,,,,,,,,,,,,,,,,,,,,,,,,,,,,,,,,,,,,,,,,,,,,,,,,,,,,,,,,,,,,,,,,,,,,,,,,,,,,,,,,,,,,,,,,,,,,
Sapajus_macrocephalus,PLA_Cebidae_Sapajus_macrocephalus,,,,Polymorphic,,,,,,,,,,,3.05,3.75,2.35,D,Omnivore,AR,,,Forest,,,,,,,,,,,,,,,,,,,,,,,,,,,,,,,,,,,,,,,,,,,,,,,,,,,,,,,,,,,,,,,,,,,,,,,,,,,,,,,,,,,,,,,,,,,,,,,,,,,,,,,,,,,,,,,,,,,,,,,,,,,,,,,,,,,,,,,,,,,,,,,,,,,,,,,,,,,,,,,,,,,,,,,,,,,,,,,,,,,,,,,,,,,,,,,,,,,,,,,,,,,,,,,,,,,,,,,,,,,,,,,,,,,,,,,,,,,,,,,,
Sapajus_nigritus,PLA_Cebidae_Sapajus_nigritus,,7.912423121,4.20573685,Polymorphic,,,,,,,,,,,3.7,,,D,Omnivore,AR,2,1,Forest,,,,,,,,,,,,,,,,,,,,,,,,,,,,,,,,,,,,,,,,,,,,,,,,,,,,,,,,,,,,,,,,,,,,,,,,,,,,,,,,,,,,,,,,,,,,,,,,,,,,,,,,,,,,,,,,,,,,,,,,,,,,,,,,,,,,,,,,,,,,,,,,,,,,,,,,,,,,,,,,,,,,,,,,,,,,,,,,,,,,,,,,,,,,,,,,,,,,,,,,,,,,,,,,,,,,,,,,,,,,,,,,,,,,,,,,,,,,,,,,
Sapajus_robustus,PLA_Cebidae_Sapajus_robustus,,,,Polymorphic,Multimale,,,,,,,,,,3.05,,,D,Frugivore,AR,4,1,Forest,,,,,,,,,,,,,,,,,,,,,,,,,,,,,,,,,,,,,,,,,,,,,,,,,,,,,,,,,,,,,,,,,,,,,,,,,,,,,,,,,,,,,,,,,,,,,,,,,,,,,,,,,,,,,,,,,,,,,,,,,,,,,,,,,,,,,,,,,,,,,,,,,,,,,,,,,,,,,,,,,,,,,,,,,,,,,,,,,,,,,,,,,,,,,,,,,,,,,,,,,,,,,,,,,,,,,,,,,,,,,,,,,,,,,,,,,,,,,,,,
Sapajus_xanthosternos,PLA_Cebidae_Sapajus_xanthosternos,,7.799753318,4.191017449,Polymorphic,Multimale,,,,,,,,,,2.875,3.4,2.35,D,Omnivore,AR,5,1,Forest,66.09,64,2714.3,2166.7,1.253,,,,,,,,,,,,,,,,,,,,,,,,,,,,,,,,,,,,,,,,,,,,,,,,,,,,,,,,,,,,,,,,,,,,,,,,,,,,,,,,,,,,,,,,,,,,,,,,,,,,,,,,,,,,,,,,,,,,,,,,,,,,,,,,,,,,,,,,,,,,,,,,,,,,,,,,,,,,,,,,,,,,,,,,,,,,,,,,,,,,,,,,,,,,,,,,,,,,,,,,,,,,,,,,,,,,,,,,,,,,,,,,,,,,,,,,,,,
Sciurocheirus_cameronensis,STR_Galagidae_Sciurocheirus_cameronensis,,,,,,,,,,,,,,,0.27,0.266,0.28,N,Omnivore,AR,1,,Forest,,,,,,,,,,,,,,,,,,,,,,,,,,,,,,,,,,,,,,,,,,,,,,,,,,,,,,,,,,,,,,,,,,,,,,,,,,,,,,,,,,,,,,,,,,,,,,,,,,,,,,,,,,,,,,,,,,,,,,,,,,,,,,,,,,,,,,,,,,,,,,,,,,,,,,,,,,,,,,,,,,,,,,,,,,,,,,,,,,,,,,,,,,,,,,,,,,,,,,,,,,,,,,,,,,,,,,,,,,,,,,,,,,,,,,,,,,,,,,,,
Sciurocheirus_gabonensis,STR_Galagidae_Sciurocheirus_gabonensis,,,,Monochromatic,Solitary,,,,,,,,,,0.26,,,N,Frugivore,AR,1,,Forest,,,,,,,,,,,,,,,,,,,,,,,,,,,,,,,,,,,,,,,,,,,,,,,,,,,,,,,,,,,,,,,,,,,,,,,,,,,,,,,,,,,,,,,,,,,,,,,,,,,,,,,,,,,,,,,,,,,,,,,,,,,,,,,,,,,,,,,,,,,,,,,,,,,,,,,,,,,,,,,,,,,,,,,,,,,,,,,,,,,,,,,,,,,,,,,,,,,,,,,,,,,,,,,,,,,,,,,,,,,,,,,,,,,,,,,,,,,,,,,,
Sciurocheirus_makandensis,STR_Galagidae_Sciurocheirus_makandensis,,,,,,,,,,,,,,,,,,D,,AR,,,,,,,,,,,,,,,,,,,,,,,,,,,,,,,,,,,,,,,,,,,,,,,,,,,,,,,,,,,,,,,,,,,,,,,,,,,,,,,,,,,,,,,,,,,,,,,,,,,,,,,,,,,,,,,,,,,,,,,,,,,,,,,,,,,,,,,,,,,,,,,,,,,,,,,,,,,,,,,,,,,,,,,,,,,,,,,,,,,,,,,,,,,,,,,,,,,,,,,,,,,,,,,,,,,,,,,,,,,,,,,,,,,,,,,,,,,,,,,,,,,
Semnopithecus_ajax,OWM_Cercopithecidae_Semnopithecus_ajax,,,,Trichromatic,,3.57,,,,,,,,,20.15,20.15,,D,Folivore_frugivore,AR,4,1,Forest,,,,,,,,,,,,,,,,,,,,,,,,,,,,,,,,,,,,,,,,,,,,,,,,,,,,,,,,,,,,,,,,,,,,,,,,,,,,,,,,,,,,,,,,,,,,,,,,,,,,,,,,,,,,,,,,,,,,,,,,,,,,,,,,,,,,,,,,,,,,,,,,,,,,,,,,,,,,,,,,,,,,,,,,,,,,,,,,,,,,,,,,,,,,,,,,,,,,,,,,,,,,,,,,,,,,,,,,,,,,,,,,,,,,,,,,,,,,,,,,
Semnopithecus_hector,OWM_Cercopithecidae_Semnopithecus_hector,,,,Trichromatic,Unimale/Multimale,,,,,,,,,,15.3,17.6,13,D,Folivore,BOTH,2,1,Forest,,,,,,,,,,,,,,,,,,,,,,,,,,,,,,,,,,,,,,,,,,,,,,,,,,,,,,,,,,,,,,,,,,,,,,,,,,,,,,,,,,,,,,,,,,,,,,,,,,,,,,,,,,,,,,,,,,,,,,,,,,,,,,,,,,,,,,,,,,,,,,,,,,,,,,,,,,,,,,,,,,,,,,,,,,,,,,,,,,,,,,,,,,,,,,,,,,,,,,,,,,,,,,,,,,,,,,,,,,,,,,,,,,,,,,,,,,,,,,,,
Semnopithecus_hypoleucos,OWM_Cercopithecidae_Semnopithecus_hypoleucos,,,,Trichromatic,,,,,,,,,,,13.1,14.75,11.45,D,Folivore,BOTH,1,1,Forest,,,,,,,,,,,,,,,,,,,,,,,,,,,,,,,,,,10130,88.3,,,,212,,,,,,,,,,,,,,,,,,,,,,,,,,,,,,,,,,,,,,,,,,,,,,,,,,,,,,,,,,,,,,,,,,,,,,,,,,,,,,,,,,,,,,,,,,,,,,,,,,,,,,,,,,,,,,,,,,,,,,,,,,,,,,,,,,,,,,,,,,,,,,,,,,,,,,,,,,,,,,,,,,,,,,,,,,,,,,,,,,,,,,,,,,,,,,,,,,,,,,,,,
Semnopithecus_priam,OWM_Cercopithecidae_Semnopithecus_priam,,,,Trichromatic,Unimale/Multimale,5,,,,,,,,,,12.45,,D,Folivore_frugivore,BOTH,2,1,Forest/Shrubland,,,,,,,,,,,,,,,,,,,,,,,,,,,,,,,,,,,,,,,,,,,,,,,,,,,,,,,,,,,,,,,,,,,,,,,,,,,,,,,,,,,,,,,,,,,,,,,,,,,,,,,,,,,,,,,,,,,,,,,,,,,,,,,,,,,,,,,,,,,,,,,,,,,,,,,,,,,,,,,,,,,,,,,,,,,,,,,,,,,,,,,,,,,,,,,,,,,,,,,,,,,,,,,,,,,,,,,,,,,,,,,,,,,,,,,,,,,,,,,,
Semnopithecus_schistaceus,OWM_Cercopithecidae_Semnopithecus_schistaceus,,,,Trichromatic,,,,,,,,,,,17,19.2,14.8,D,Folivore_frugivore,BOTH,1,1,Forest/Shrubland/Rocky.areas,,,,,,,,,,,,,,,,,,,,,,,,,,,,,,,,,,,,,,,,,,,,,,,,,,,,,,,,,,,,,,,,,,,,,,,,,,,,,,,,,,,,,,,,,,,,,,,,,,,,,,,,,,,,,,,,,,,,,,,,,,,,,,,,,,,,,,,,,,,,,,,,,,,,,,,,,,,,,,,,,,,,,,,,,,,,,,,,,,,,,,,,,,,,,,,,,,,,,,,,,,,,,,,,,,,,,,,,,,,,,,,,,,,,,,,,,,,,,,,,
Semnopithecus_vetulus,OWM_Cercopithecidae_Semnopithecus_vetulus,1.01,8.738254577,4.115616697,Trichromatic,Unimale,,,,,,,,,,7.03,8.17,5.9,D,Folivore_frugivore,AR,4,1,Forest/Rocky.areas,61.29,60.4,7371,5103,1.444,7.9,1,3.8,3.8,783.83,211,245.78,276,8.03,1434.1,25.8,1544.4,1644.5,0.02,,,28,60,,1.791,,,,,Harem Polygyny,Polygyny,,,5103,59.9,447,1,714,200,228,4,26.1,0.147,Polygynous,Yes,,,12,8170,5900,1.385,16.96,9.34,1.816,8170,,,8170,0,0,0,0,0,0,0,0,0,0,0,0,0,,,,,,,,,,,,,,,,,,,,,,,,,,,,,,,,,,,,,,,,,,,,,,,,,,,30,35,1544,0,5000,3876.04,72,19.16,60.59,15.41,90.42,150.81,107.24,43.57,2.85,339.24,1123.96,,,,,,,,,,,,,,,,,,,,,,,,,,,,,,,,,,,,,,,,,,,,,,,,,,,,,,,,,,,,,,,,,,,,,,,,,,,,,,,,,,,,,,,,,,,,,,,,,,,,,,
Simias_concolor,OWM_Cercopithecidae_Simias_concolor,,8.984066928,4.067658297,Trichromatic,Pair/Unimale,,,,,,,,,,7.97,9.15,6.8,D,Folivore,BOTH,5,1,Forest,,,,,,,,,,,,,,,,,,,,,,,,,,,,,,,,,,,,,,,,,,,,,,,,,,,,,,,,,,,,,,,,,,,,,,,,,,,,,,,,,,,,,,,,,,,,,,,,,,,,,,,,,,,,,,,,,,,,,,,,,,,,,,,,,,,,,,,,,,,,,,,,,,,,,,,,,,,,,,,,,,,,,,,,,,,,,,,,,,,,,,,,,,,,,,,,,,,,,,,,,,,,,,,,,,,,,,,,,,,,,,,,,,,,,,,,,,,,,,,,
Tarsius_dentatus,TAR_Tarsiidae_Tarsius_dentatus,1.01,,,Dichromatic,Pair/Unimale,,,,,,,,,,0.112,0.118,0.105,N,Insectivore,AR,3,1,Forest,,,,,,,,,,,,,,-1.16,2059.9,18.6,1813.5,1927.3,0.004,,,,,,,,,,,,,,,,,,,,,,,,,,,,,,,,,,,,,,,,,,,,,,,,,,,,,,,,,,,,,,,,,,,,,,,,,,,,,,,,,,,,,,,,,,,,,,,,,,,,,,,,,,,,,,,,,,,,,,,,,,,,,,,,,,,,,,,,,,,,,,,,,,,,,,,,,,,,,,,,,,,,,,,,,,,,,,,,,,,,,,,,,,,,,,,,,,,,,,,,,,,,,,,,,,,,,,,,,,,,,
Tarsius_fuscus,TAR_Tarsiidae_Tarsius_fuscus,,,,,,,,,,,,,,,0.12,0.129,0.118,N,,AR,,,Forest,,,,,,,,,,,,,,,,,,,,,,,,,,,,,,,,,,,,,,,,,,,,,,,,,,,,,,,,,,,,,,,,,,,,,,,,,,,,,,,,,,,,,,,,,,,,,,,,,,,,,,,,,,,,,,,,,,,,,,,,,,,,,,,,,,,,,,,,,,,,,,,,,,,,,,,,,,,,,,,,,,,,,,,,,,,,,,,,,,,,,,,,,,,,,,,,,,,,,,,,,,,,,,,,,,,,,,,,,,,,,,,,,,,,,,,,,,,,,,,,
Tarsius_lariang,TAR_Tarsiidae_Tarsius_lariang,,,,Dichromatic,Pair/Unimale,,,,,,,,,,0.11,0.118,0.102,N,Insectivore,AR,,1,Forest,,,,,,,,,,,,,,,,,,,,,,,,,,,,,,,,,,,,,,,,,,,,,,,,,,,,,,,,,,,,,,,,,,,,,,,,,,,,,,,,,,,,,,,,,,,,,,,,,,,,,,,,,,,,,,,,,,,,,,,,,,,,,,,,,,,,,,,,,,,,,,,,,,,,,,,,,,,,,,,,,,,,,,,,,,,,,,,,,,,,,,,,,,,,,,,,,,,,,,,,,,,,,,,,,,,,,,,,,,,,,,,,,,,,,,,,,,,,,,,,
Tarsius_pelengensis,TAR_Tarsiidae_Tarsius_pelengensis,,,,Dichromatic,,,,,,,,,,,0.16,,,N,Insectivore,AR,4,1,Forest,,,,,,,,,,,,,,,,,,,,,,,,,,,,,,,,,,,,,,,,,,,,,,,,,,,,,,,,,,,,,,,,,,,,,,,,,,,,,,,,,,,,,,,,,,,,,,,,,,,,,,,,,,,,,,,,,,,,,,,,,,,,,,,,,,,,,,,,,,,,,,,,,,,,,,,,,,,,,,,,,,,,,,,,,,,,,,,,,,,,,,,,,,,,,,,,,,,,,,,,,,,,,,,,,,,,,,,,,,,,,,,,,,,,,,,,,,,,,,,,
Tarsius_pumilus,TAR_Tarsiidae_Tarsius_pumilus,,,,Dichromatic,,1.37,,,,,,,,,0.051,0.049,0.052,N,Insectivore,AR,,1,Forest,,,,,,,,,,,,,,,,,,,,,,,,,,,,,,,,,,,,,,,,,,,,,,,,,,,,,,,,,,,,,,,,,,,,,,,,,,,,,,,,,,,,,,,,,,,,,,,,,,,,,,,,,,,,,,,,,,,,,,,,,,,,,,,,,,,,,,,,,,,,,,,,,,,,,,,,,,,,,,,,,,,,,,,,,,,,,,,,,,,,,,,,,,,,,,,,,,,,,,,,,,,,,,,,,,,,,,,,,,,,,,,,,,,,,,,,,,,,,,,,
Tarsius_sangirensis,TAR_Tarsiidae_Tarsius_sangirensis,,,,Dichromatic,Pair/Multimale,,,,,,,,,,0.143,0.135,0.15,N,Insectivore,AR,4,1,Forest/Wetlands,,,,,,,,,,,,,,,,,,,,,,,,,,,,,,,,,,,,,,,,,,,,,,,,,,,,,,,,,,,,,,,,,,,,,,,,,,,,,,,,,,,,,,,,,,,,,,,,,,,,,,,,,,,,,,,,,,,,,,,,,,,,,,,,,,,,,,,,,,,,,,,,,,,,,,,,,,,,,,,,,,,,,,,,,,,,,,,,,,,,,,,,,,,,,,,,,,,,,,,,,,,,,,,,,,,,,,,,,,,,,,,,,,,,,,,,,,,,,,,,
Tarsius_spectrumgurskyae,TAR_Tarsiidae_Tarsius_spectrumgurskyae,,,,,,,,,,,,,,,,,,,,,,,,,,,,,,,,,,,,,,,,,,,,,,,,,,,,,,,,,,,,,,,,,,,,,,,,,,,,,,,,,,,,,,,,,,,,,,,,,,,,,,,,,,,,,,,,,,,,,,,,,,,,,,,,,,,,,,,,,,,,,,,,,,,,,,,,,,,,,,,,,,,,,,,,,,,,,,,,,,,,,,,,,,,,,,,,,,,,,,,,,,,,,,,,,,,,,,,,,,,,,,,,,,,,,,,,,,,,,,,,,,,,,,,,,,,,,,,,,,,,,,,
Tarsius_supriatnai,TAR_Tarsiidae_Tarsius_supriatnai,,,,,,,,,,,,,,,,,,,,,,,,,,,,,,,,,,,,,,,,,,,,,,,,,,,,,,,,,,,,,,,,,,,,,,,,,,,,,,,,,,,,,,,,,,,,,,,,,,,,,,,,,,,,,,,,,,,,,,,,,,,,,,,,,,,,,,,,,,,,,,,,,,,,,,,,,,,,,,,,,,,,,,,,,,,,,,,,,,,,,,,,,,,,,,,,,,,,,,,,,,,,,,,,,,,,,,,,,,,,,,,,,,,,,,,,,,,,,,,,,,,,,,,,,,,,,,,,,,,,,,,
Tarsius_tarsier,TAR_Tarsiidae_Tarsius_tarsier,,,,Dichromatic,Pair/Unimale,1.23,,,,,,,,,0.122,0.126,0.119,N,Insectivore,AR,3,1,Forest,,,,,,,,,,,,,,,,,,,,,,,,,,,,,,,,,,117,3.3,24,1,397,191,78,1.42,16,0.335,,,,,,,,,,,,,,,,,,,,,,,,,,,,,149,,,,,,,,,,,,,,,,,,,,,,,,,,,,,,,,,,,,,,,,,,,,,,,,,,,,,,,,,,,,,,,,,,,,,,,,,,,,,,,,,,,,,,,,,,,,,,,,,,,,,,,,,,,,,,,,,,,,,,,,,,,,,,,,,,,,,,,,,,,,,,,,,,,,,,,,,,,,,,,,,,,,,,,,
Tarsius_tumpara,TAR_Tarsiidae_Tarsius_tumpara,,,,,,,,,,,,,,,0.1,,,N,Insectivore,AR,5,1,Forest,,,,,,,,,,,,,,,,,,,,,,,,,,,,,,,,,,,,,,,,,,,,,,,,,,,,,,,,,,,,,,,,,,,,,,,,,,,,,,,,,,,,,,,,,,,,,,,,,,,,,,,,,,,,,,,,,,,,,,,,,,,,,,,,,,,,,,,,,,,,,,,,,,,,,,,,,,,,,,,,,,,,,,,,,,,,,,,,,,,,,,,,,,,,,,,,,,,,,,,,,,,,,,,,,,,,,,,,,,,,,,,,,,,,,,,,,,,,,,,,
Tarsius_wallacei,TAR_Tarsiidae_Tarsius_wallacei,,,,,Pair/Unimale,,,,,,,,,,0.107,0.115,0.1,N,Insectivore,AR,3,1,Forest/Wetlands,,,,,,,,,,,,,,,,,,,,,,,,,,,,,,,,,,,,,,,,,,,,,,,,,,,,,,,,,,,,,,,,,,,,,,,,,,,,,,,,,,,,,,,,,,,,,,,,,,,,,,,,,,,,,,,,,,,,,,,,,,,,,,,,,,,,,,,,,,,,,,,,,,,,,,,,,,,,,,,,,,,,,,,,,,,,,,,,,,,,,,,,,,,,,,,,,,,,,,,,,,,,,,,,,,,,,,,,,,,,,,,,,,,,,,,,,,,,,,,,
Trachypithecus_barbei,OWM_Cercopithecidae_Trachypithecus_barbei,,,,Trichromatic,Unimale,,,,,,,,,,6.4,,,D,,,,1,Forest,,,,,,,,,,,,,,,,,,,,,,,,,,,,,,,,,,,,,,,,,,,,,,,,,,,,,,,,,,,,,,,,,,,,,,,,,,,,,,,,,,,,,,,,,,,,,,,,,,,,,,,,,,,,,,,,,,,,,,,,,,,,,,,,,,,,,,,,,,,,,,,,,,,,,,,,,,,,,,,,,,,,,,,,,,,,,,,,,,,,,,,,,,,,,,,,,,,,,,,,,,,,,,,,,,,,,,,,,,,,,,,,,,,,,,,,,,,,,,,,
Trachypithecus_crepusculus,OWM_Cercopithecidae_Trachypithecus_crepusculus,,,,,,,,,,,,,,,6.65,6.9,6.4,D,Folivore_frugivore,AR,,1,Forest,,,,,,,,,,,,,,,,,,,,,,,,,,,,,,,,,,,,,,,,,,,,,,,,,,,,,,,,,,,,,,,,,,,,,,,,,,,,,,,,,,,,,,,,,,,,,,,,,,,,,,,,,,,,,,,,,,,,,,,,,,,,,,,,,,,,,,,,,,,,,,,,,,,,,,,,,,,,,,,,,,,,,,,,,,,,,,,,,,,,,,,,,,,,,,,,,,,,,,,,,,,,,,,,,,,,,,,,,,,,,,,,,,,,,,,,,,,,,,,,
Trachypithecus_delacouri,OWM_Cercopithecidae_Trachypithecus_delacouri,,,,Trichromatic,Unimale,0,,,,,,,,,8.175,8,7.5,D,Folivore,BOTH,5,1,Forest,,,,,,,,,,,,,,,,,,,,,,,,,,,,,,,,,,,,,,,,,,,,,,,,,,,,,,,,,,,,,,,,,,,,,,,,,,,,,,,,,,,,,,,,,,,,,,,,,,,,,,,,,,,,,,,,,,,,,,,,,,,,,,,,,,,,,,,,,,,,,,,,,,,,,,,,,,,,,,,,,,,,,,,,,,,,,,,,,,,,,,,,,,,,,,,,,,,,,,,,,,,,,,,,,,,,,,,,,,,,,,,,,,,,,,,,,,,,,,,,
Trachypithecus_ebenus,OWM_Cercopithecidae_Trachypithecus_ebenus,,,,,,,,,,,,,,,10.3,10.3,,D,,BOTH,4,1,Forest/Rocky.areas,,,,,,,,,,,,,,,,,,,,,,,,,,,,,,,,,,,,,,,,,,,,,,,,,,,,,,,,,,,,,,,,,,,,,,,,,,,,,,,,,,,,,,,,,,,,,,,,,,,,,,,,,,,,,,,,,,,,,,,,,,,,,,,,,,,,,,,,,,,,,,,,,,,,,,,,,,,,,,,,,,,,,,,,,,,,,,,,,,,,,,,,,,,,,,,,,,,,,,,,,,,,,,,,,,,,,,,,,,,,,,,,,,,,,,,,,,,,,,,,
Trachypithecus_geei,OWM_Cercopithecidae_Trachypithecus_geei,1.02,9.225228984,4.398146017,Trichromatic,Unimale/Multimale,0,,,,,,,,,10.15,10.8,9.5,D,Folivore,AR,4,1,Forest,81.3,,10800,9500,1.137,13.3,1.7,5.4,3.18,,,,,26.79,1479.1,17.6,1040.9,1243.1,2.22,,,,,,,,,,,,Polygyny,,,9500,81.3,,,,,,,,,,,,,,,,,,,,,,,,,,,,,,,,,,,,,,,,,,,,,,,,,,,,,,,,,,,,,,,,,,,,,,,,,,,,,,,,,,,,,,,,,,,,,,,,,,,,,,,,,,,,,,,,,,,,,,,,,,,,,,,,,,,,,,,,,,,,,,,,,,,,,,,,,,,,,,,,,,,,,,,,,,,,,,,,,,,,,,,,,,,,,,,,,,,,,,,,,,,,,
Trachypithecus_germaini,OWM_Cercopithecidae_Trachypithecus_germaini,,,,Trichromatic,Multimale,,,,,,,,,,8.83,,,D,Folivore,AR,4,1,Forest,,,,,,,,,,,,,,,,,,,,,,,,,,,,,,,,,,,,,,,,,,,,,,,,,,,,,,,,,,,,,,,,,,,,,,,,,,,,,,,,,,,,,,,,,,,,,,,,,,,,,,,,,,,,,,,,,,,,,,,,,,,,,,,,,,,,,,,,,,,,,,,,,,,,,,,,,,,,,,,,,,,,,,,,,,,,,,,,,,,,,,,,,,,,,,,,,,,,,,,,,,,,,,,,,,,,,,,,,,,,,,,,,,,,,,,,,,,,,,,,
Trachypithecus_hatinhensis,OWM_Cercopithecidae_Trachypithecus_hatinhensis,,,,Trichromatic,Unimale,,,,,,,,,,7.275,7.5,7.2,D,Folivore,BOTH,4,1,Forest/Rocky.areas,,,,,,,,,,,,,,,,,,,,,,,,,,,,,,,,,,,,,,,,,,,,,,,,,,,,,,,,,,,,,,,,,,,,,,,,,,,,,,,,,,,,,,,,,,,,,,,,,,,,,,,,,,,,,,,,,,,,,,,,,,,,,,,,,,,,,,,,,,,,,,,,,,,,,,,,,,,,,,,,,,,,,,,,,,,,,,,,,,,,,,,,,,,,,,,,,,,,,,,,,,,,,,,,,,,,,,,,,,,,,,,,,,,,,,,,,,,,,,,,
Trachypithecus_laotum,OWM_Cercopithecidae_Trachypithecus_laotum,,,,Trichromatic,Unimale,,,,,,,,,,7,7.5,6.5,D,Folivore,BOTH,4,1,Forest/Rocky.areas,,,,,,,,,,,,,,,,,,,,,,,,,,,,,,,,,,,,,,,,,,,,,,,,,,,,,,,,,,,,,,,,,,,,,,,,,,,,,,,,,,,,,,,,,,,,,,,,,,,,,,,,,,,,,,,,,,,,,,,,,,,,,,,,,,,,,,,,,,,,,,,,,,,,,,,,,,,,,,,,,,,,,,,,,,,,,,,,,,,,,,,,,,,,,,,,,,,,,,,,,,,,,,,,,,,,,,,,,,,,,,,,,,,,,,,,,,,,,,,,
Trachypithecus_leucocephalus,OWM_Cercopithecidae_Trachypithecus_leucocephalus,,,,,,,,,,,,,,,8.285,8.75,7.82,D,Folivore,BOTH,5,1,Forest/Shrubland,,,,,,,,,,,,,,,,,,,,,,,,,,,,,,,,,,,,,,,,,,,,,,,,,,,,,,,,,,,,,,,,,,,,,,,,,,,,,,,,,,,,,,,,,,,,,,,,,,,,,,,,,,,,,,,,,,,,,,,,,,,,,,,,,,,,,,,,,,,,,,,,,,,,,,,,,,,,,,,,,,,,,,,,,,,,,,,,,,,,,,,,,,,,,,,,,,,,,,,,,,,,,,,,,,,,,,,,,,,,,,,,,,,,,,,,,,,,,,,,
Trachypithecus_margarita,OWM_Cercopithecidae_Trachypithecus_margarita,,,,,,,,,,,,,,,,,,D,Folivore,AR,4,1,Forest,,,,,,,,,,,,,,,,,,,,,,,,,,,,,,,,,,,,,,,,,,,,,,,,,,,,,,,,,,,,,,,,,,,,,,,,,,,,,,,,,,,,,,,,,,,,,,,,,,,,,,,,,,,,,,,,,,,,,,,,,,,,,,,,,,,,,,,,,,,,,,,,,,,,,,,,,,,,,,,,,,,,,,,,,,,,,,,,,,,,,,,,,,,,,,,,,,,,,,,,,,,,,,,,,,,,,,,,,,,,,,,,,,,,,,,,,,,,,,,,
Trachypithecus_mauritius,OWM_Cercopithecidae_Trachypithecus_mauritius,,,,,,,,,,,,,,,,,,D,Folivore,AR,3,1,Forest/Wetlands,,,,,,,,,,,,,,,,,,,,,,,,,,,,,,,,,,,,,,,,,,,,,,,,,,,,,,,,,,,,,,,,,,,,,,,,,,,,,,,,,,,,,,,,,,,,,,,,,,,,,,,,,,,,,,,,,,,,,,,,,,,,,,,,,,,,,,,,,,,,,,,,,,,,,,,,,,,,,,,,,,,,,,,,,,,,,,,,,,,,,,,,,,,,,,,,,,,,,,,,,,,,,,,,,,,,,,,,,,,,,,,,,,,,,,,,,,,,,,,,
Trachypithecus_selangorensis,OWM_Cercopithecidae_Trachypithecus_selangorensis,,,,,,,,,,,,,,,,,,D,Folivore,AR,,,Forest,,,,,,,,,,,,,,,,,,,,,,,,,,,,,,,,,,,,,,,,,,,,,,,,,,,,,,,,,,,,,,,,,,,,,,,,,,,,,,,,,,,,,,,,,,,,,,,,,,,,,,,,,,,,,,,,,,,,,,,,,,,,,,,,,,,,,,,,,,,,,,,,,,,,,,,,,,,,,,,,,,,,,,,,,,,,,,,,,,,,,,,,,,,,,,,,,,,,,,,,,,,,,,,,,,,,,,,,,,,,,,,,,,,,,,,,,,,,,,,,
Trachypithecus_shortridgei,OWM_Cercopithecidae_Trachypithecus_shortridgei,,,,Trichromatic,,,,,,,,,,,,,,D,Folivore,AR,4,1,Forest,,,,,,,,,,,,,,,,,,,,,,,,,,,,,,,,,,,,,,,,,,,,,,,,,,,,,,,,,,,,,,,,,,,,,,,,,,,,,,,,,,,,,,,,,,,,,,,,,,,,,,,,,,,,,,,,,,,,,,,,,,,,,,,,,,,,,,,,,,,,,,,,,,,,,,,,,,,,,,,,,,,,,,,,,,,,,,,,,,,,,,,,,,,,,,,,,,,,,,,,,,,,,,,,,,,,,,,,,,,,,,,,,,,,,,,,,,,,,,,,
Allenopithecus_nigroviridis,OWM_Cercopithecidae_Allenopithecus_nigroviridis,1.01,8.44569719,4.060787779,Trichromatic,Multimale,,Absent,Overlap,Low,Polygynandrous,,,,,5.3,6.13,3.18,D,Frugivore,BOTH,1,,Forest/Wetlands,58.02,53.7,6130,3180,1.928,,,,,,,106.15,276,-0.17,1574,25.2,1517.8,1589.4,,,,,,,2.21,,,,,,Polygynandry,Sexbiased,Yes,,,,,,,108,,27,,Multimale,No,,,35,6130,3180,1.928,18.41,8.33,2.21,6130,16.96,5000,5753,0,0,0,0,0,0,0,0,1,0,1,1,3,,,,,,,,,,,,,,,,,,,,,,,,,,,,,,,,,,,,,,,,,,,,,,,,,,,,,,,,,,,,,,,,,,,,,,,,,,,,,,,,,,,,,,,,,,,,,,,,,,,,,,,,,,,,,,,,,,,,,,,,,,,,,,,,,,,,,,,,,,,,,,,,,,,,,,,,,,,,,,,,,,,,,,,,,
Ateles_belzebuth,PLA_Atelidae_Ateles_belzebuth,1.02,9.007856923,4.76234486,Polymorphic,Multimale,2.53,Absent,Overlap,Low,Polygynandrous,,,,No,8.07,8.26,7.88,D,Frugivore,AR,4,1,Forest,117.02,112.75,7850,8484.4,0.925,22.125,4.25,8.75,2.06,1095,184,,336,-0.44,2270.1,25.8,1493.3,1513,2.28,2.3,1.3499,82.7,9,0.4,,18.97,23.53,54.73,2.73,Polygynandry,Polygynandry,Sexbiased,Yes,8484,112.7,,,,217.5,,,35.2,,,,,,,,,,,,,,,,,,,,,,,,,,,,,,,,,,,,,,,,,,,,,,,,,,,,,,,,,,,,,,,,,,,,,,,,,,,,,,,,18.5,57.5,1493,1,,,,,,,,,,,,,,,,,,,,,,,,,,,,,,,,,,,,,,,,,,,,,,,,,,,,,,,,,,,,,,,,,,,,,,,,,,,,,,,,,,,,,,,,,,,,,,,,,,,,,,,,,,,,,,,,,,,
Ateles_fusciceps,PLA_Atelidae_Ateles_fusciceps,1,9.107753783,4.738301499,Polymorphic,Multimale,,Absent,Overlap,Low,Polygynandrous,226,486,0.68,,9.03,8.89,9.16,D,Frugivore,AR,5,1,Forest,114.24,108.74,8890,9160,0.971,,,,,882,227,410,552,,,,,,,,,,,,,,,,,Polygynandry,Polygynandry,Sexbiased,,9160,108.7,,,882,228,577,5.12,46,,,,,,,,,,,,,,,,,,,,,,,,,,,,,,,,,,,,,,,,,,,,,,,,,,,,,,,,,,,,,,,,,,,,,,,,,,,,,,,,,,,,,,,,,,,,,,,,,,,,,,,,,,,,,,,,,,,,,,,,,,,,,,,,,,,,,,,,,,,,,,,,,,,,,,,,,,,,,,,,,,,,,,,,,,,,,,,,,,,,,,,,,,,,,,,,,,,,,,
Ateles_geoffroyi,PLA_Atelidae_Ateles_geoffroyi,1.01,8.927314111,4.654817126,Polymorphic,Multimale,11,Absent,Overlap,Low,Polygynandrous,225,750,0.77,No,7.54,7.45,7.64,D,Frugivore,AR,4,1,Forest,105.09,109.59,7780,7290,1.067,15,,4.1,,1048.15,232,816.35,327.6,12.38,1539.3,24.3,1344.1,1624.9,0.73,1.7,1.7633,76.8,14.9,1.4,1.579,33.5,32.6,24.1,9.8,Polygynandry,Polygynandry,Sexbiased,,7290,103.4,490.3,1,1055,228,790,7,47.1,0.93,Multimale,No,,,31.9,7450,7640,1.067,11.51,7.29,1.579,7780,13.4,7940,7723,0,0,0,0,0,0,0,0,0,0,0,0,0,,,,,,,,,,,,,,,,,,,,,,,,,,,,,,,,,,,,,,,,,,,,,,,,,,,24.5,29,1344,1,,,,,,,,,,,,,,2.7,19.7,,4,96223.5,1833.67,12438,1482,5334,79946,90.4,2.19,1625,324,4950,4950,732,1366,59868,30930,30.5,2930,629,860,807,52.8,204,3441.5,135.5,,,3.6,3.3,3.56,200,362,270,832,,,,,,,,,,,,,,,,,,,,,,,,,,,,,,,,,,,,,,,,,,,,,,,,,,,,,,,,,,,,,,,,
Ateles_paniscus,PLA_Atelidae_Ateles_paniscus,1,9.021598247,4.64294755,Polymorphic,Multimale,3.34,Absent,Overlap,Low,Polygynandrous,230,760,0.77,No,8.28,8.49,8.07,D,Frugivore,AR,3,1,Forest,103.85,101.2,8490,8070,1.052,18.2,4,2.3,0.58,1072.18,229,805.41,453.6,2.06,1576.9,25.6,1456.6,1696.9,1.36,2.4,1.8238,79.8,7.9,0.1,1.567,,,,0.9,Polygynandry,Polygynandry,Sexbiased,,8070,110.9,452.5,1,1459,228,1094,5,46,0.83,Multimale,No,1.6,5,38.5,9110,8440,1.079,12.11,7.73,1.567,9110,64.23,9110,9110,0,0,0,0,0,0,0,0,0,0,0,0,0,,,,,,,,,,,,,,,,,,,,,,,,,,,,,,,,,,,,,,,,,,,,,,,,,,,18.5,53,1457,1,,,,,,,,,,,,,,,,,,90700,,10366.67,,,,,,,,,,,,,,,,,,,,,,,,,,,,,,,,,,,,,,,,,,,,,,,,,,,,,,,,,,,,,,,,,,,,,,,,,,,,,,,,,,,,,,,,,,,,,,,
Brachyteles_arachnoides,PLA_Atelidae_Brachyteles_arachnoides,1.02,9.087042156,4.759777904,Polymorphic,Multimale,,Absent,Overlap,Low,Polygynandrous,233,638,0.73,No,8.84,9.61,8.07,D,Folivore_frugivore,AR,4,1,Forest,116.72,115.94,9610,8070,1.191,20.9,7,7.1,1.01,1028.69,232,734.82,,-22.66,1327,21.2,1243.5,1361.2,1.04,0.9,0.7821,20.8,67.1,0,1.336,27.8,9.7,61,1.6,Polygynandry,Polygynandry,Sexbiased,Yes,,,,,730,232,662,,40,,Multimale,No,,9.8,18,9610,8070,1.191,9.47,7.09,1.336,9610,,,9610,0,0,0,0,0,0,0,0,0,0,0,0,0,,,,,,,,,,,,,,,,,,,,,,,,,,,,,,,,,,,,,,,,,,,,,,,,,,,,,,,,,,,,,,,,,,,,,,,,,,,,,,,,,,,,,,,,,,,,,,,,,,,,,,,,,,,,,,,,,,,,,,,,,,,,,,,,,,,,,,,,,,,,,,,,,,,,,,,,,,,,,,,,,,,,,,,,,
Cebus_albifrons,PLA_Cebidae_Cebus_albifrons,1.01,7.913886715,4.181286492,Polymorphic,Multimale,1.33,Absent,Overlap,Low,Polygynandrous,155,269,0.63,No,2.74,3.18,2.29,D,Omnivore,BOTH,1,1,Forest/Wetlands,65.45,63.24,3180,2290,1.389,25.1,3.8,6.5,1.71,547.5,158,270.32,528,-0.82,1929.9,25.3,1466.7,1559.7,0.53,1.8,2.1912,24.6,20,10,,,,,,Polygynandry,Polygynandry,Sexbiased,,2290,66.1,232.6,1,548,155,264,4,40.4,0.178,,,,,,,,,,,,,,,,,,,,,,,,,,,,,,,,,,,,,,,,,,,,,,,,,,,,,,,,,,,,,,,,,,,,,,,,,,,,,,,26.3,43.5,1467,1,,,,,,,,,,,,,,,,,,68906.68,1738.26,7871,1221,3996,52113,39.9,0.67,931,174,3258,3258,390,890,46429,,23.7,2163,418,609,567,41.7,207,3764,137,567,502,4.32,4.94,3.96,216,310,68,594,,,,,,,,,,,,,,,,,,,,,,,,,,,,,,,,,,,,,,,,,,,,,,,,,,,,,,,,,,,,,,,,
Cebus_capucinus,PLA_Cebidae_Cebus_capucinus,1.01,7.958926493,4.289500077,Polymorphic,Multimale,5.6,Absent,Overlap,High,Polygynandrous,162,510,0.76,No,3.11,3.68,2.54,D,Omnivore,AR,1,,Forest/Wetlands,72.93,72.12,3285.8,2436.5,1.349,16.4,3.4,5,1.47,790.83,162,514.07,657.6,8.74,2165.7,24.1,1382.2,1667,0.35,2,2.996,47.5,6.5,14.6,1.582,24.4,14.9,38.73,10,Harem Polygyny,Polygynandry,Sexbiased,,2437,69.2,240,1,836,161,517,6,54,0.115,Multimale,No,3.7,5.5,16.4,3680,2540,1.449,14.25,9.01,1.582,3680,,,3680,0,0,0,0,0,0,0,0,0,0,0,0,0,,,,,,,,,,,,,,,,,,,,,,,,,,,,,,,,,,,,,,,,,,,,,,,,,,,19,41.5,1382,1,,,,,,,,,,,,,,,,,,,,,,,,,,,,,,,,,,,,,,,,,,,,,,,,,,,,,,,,,,,,,,,,,,,,,,,,,,,,,,,,,,,,,,,,,,,,,,,,,,,,,,,,,,,,,,,,,,,
Cercocebus_agilis,OWM_Cercopithecidae_Cercocebus_agilis,,8.933268479,4.757290234,Trichromatic,Unimale/Multimale,,Absent,Overlap,Low,Polygynandrous,,,,,7.58,9.5,5.66,D,Frugivore,BOTH,1,2,Forest,116.43,100.89,9500,5660,1.678,21.5,2,7.5,3.75,,,,372,,,,,,,,,75,16,5,1.962,34,31,13,10,Polygynandry,Polygynandry,Sexbiased,,,,,,,,,,31,,,,,,,,,,,,,,,,,,,,,,,,,,,,,,,,,,,,,,,,,,,,,,,,,,,,,,,,,,,,,,,,,,,,,,,,,,,,,,,,,,,,,,,,,,,,,,,,,,,,,91988,,,,,,,,,,,,,,,,,,,,,,,,,,,,,,316,232,210,758,,,,,,,,,,,,,,,,,,,,,,,,,,,,,,,,,,,,,,,,,,,,,,,,,,,,,,,,,,,,,,,,
Cercocebus_atys,OWM_Cercopithecidae_Cercocebus_atys,1.01,9.059517482,4.550502785,Trichromatic,Multimale,0.13,Absent,Overlap,High,Polygynandrous,167,,,,8.6,11,6.2,D,Frugivore,T,2,1,Forest/Savanna,94.68,86.8,11000,6200,1.774,90,9,25,2.78,394.2,165.08,,321.6,7.92,1860.9,25.6,1275.4,1555.3,,,,68,,,2.46,29,,,7.9,Polygynandry,Polygynandry,,,6200,86.8,492.3,1,505,167,126,4.71,32.5,0.173,,,,,,,,,,,,,,,,,,,,,,,,,,,,,,,,,,,,,,,,,,,,,,,,,,,,,,,,,,,,,,,,,,,,,,,,,,,,,,,,,,,,,,,,,,,,,,,,,,,,100897.78,,8925,,,,,,,,,,,,68776,43744,,,,,,,,5120,200,,,,,,,,,,,,,,,,,,,,,,,,,,,,,,,,,,,,,,,,,,,,,,,,,,,,,,,,,,,,,,,,,,,,,,,,,
Cercocebus_galeritus,OWM_Cercopithecidae_Cercocebus_galeritus,1.01,8.913953859,4.595826671,Trichromatic,Unimale/Multimale,,Absent,Overlap,High,Polygynandrous,171,,,,7.44,9.61,5.26,D,Frugivore,BOTH,4,1,Forest,99.07,95.34,9610,5260,1.827,18.2,2,9.5,4.75,,175,365,252,-2.1,539.9,27.4,848.7,1747.6,0.51,1.2,1.4892,76.6,8.8,8.2,,41.6,18.4,10.2,12.5,Polygynandry,Polygynandry,Sexbiased,,,,,,,175,365,,,,,,,,,,,,,,,,,,,,,,,,,,,,,,,,,,,,,,,,,,,,,,,,,,,,,,,,,,,,,,,,,,,,,,,,,,,,,,,,,,,,,,,,,,,,,,,,,,,,,,,,,,,,,,,,,,,,,,,,,,,,,,,,,,,,,,,,,,,,,,,,,,,,,,,,,,,,,,,,,,,,,,,,,,,,,,,,,,,,,,,,,,,,,,,,,,,,,,,,
Cercocebus_torquatus,OWM_Cercopithecidae_Cercocebus_torquatus,1.01,8.920656297,4.66334475,Trichromatic,Multimale,2.17,Absent,Overlap,High,Polygynandrous,171,,,No,7.5,9.47,5.5,D,Frugivore,BOTH,4,1,Forest,105.99,94.98,9470,5500,1.722,26.9,,,,434.35,167,,360,4.2,1756.2,25.2,1238.3,1560.8,,,,,13,2,,,,,,,Polygynandry,Sexbiased,,,,,,457,167,,,46,,Multimale,No,,,21.8,11000,6200,1.722,23.53,9.53,2.469,9470,,,10235,0,0,0,0,0,0,0,0,0,0,0,0,0,1605,196.2,,,,,,,,,,,,,,,,,,,,,,,,,,,,,,,,,,,,,,,,,,,,,,,,,40.3,49.3,1238,0,,,,,,,,,,,,,,2.5,19.4,,6,,,,,,,,,,,,,,,,,,,,,,,,,,,,,,,,,,,,,,,,,,,,,,,,,,,,,,,,,,,,,,,,,,,,,,,,,,,,,,,,,,,,,,,,,,,,,,,,,,
Chlorocebus_aethiops,OWM_Cercopithecidae_Chlorocebus_aethiops,1,8.221478947,4.17438727,Trichromatic,Multimale,1.36,Absent,Overlap,High,Polygynandrous,,217,,,4.65,5.77,3.53,D,Omnivore,T,1,2,Savanna/Shrubland,65,59,4400,3039,1.448,19.5,4.1,7.7,1.88,357,162,182,369.6,,,,,,,1.2,,10.6,14.3,15.4,1.583,34,21.13,25.63,13.63,Polygynandry,Polygynandry,Sexbiased,Yes,3576,59.9,335.4,1,521,163,259,5.06,30.8,0.164,Multimale,No,1.4,3,28.9,4260,2980,1.43,17.66,9.76,1.809,5300,13,4950,4837,0,0,0,0,0,0,0,0,1,0,1,1,4,,,,,,,,,,,,,,,,,,,,,,,,,,,,,,,,,,,,,,,,,,,,,,,,,,,31.6,64.3,805,1,,,,,,,,,,,,,,2.3,9.9,55.4,4,,,,,,,,,,,,,,,,,,,,,,,,,,,,,,,,,,,,,,,,,,,,3.214726956,,,,,,,,,,,,,,,,,,,,,,,,,,,,,,,,,,,,,,,,,,,,,,,,,,,,,,
Chlorocebus_pygerythrus,OWM_Cercopithecidae_Chlorocebus_pygerythrus,,8.371936179,4.136445738,Trichromatic,Multimale,1.67,Absent,Overlap,Low,Polygynandrous,163,201,0.55,No,4.665,4.28,2.98,D,Omnivore,T,1,2,Forest/Savanna/Shrubland,62.58,59.42,5071.2,3575.8,1.418,,,,,,,,,,,,,,,,,,,,,,,,,Polygynandry,Polygynandry,Sexbiased,Yes,,,,,,,,,,,Multimale,No,,,21,4290,2730,1.571,20.4,12.02,1.697,4290,20.6,5290,4623,0,0,0,0,0,0,0,0,2,0,2,2,4,,,,,,,,,,,,,,,,,,,,,,,,,,,,,,,,,,,,,,,,,,,,,,,,,,,,,,,5300,5060.5,80.81,42.58,65.46,12.11,88.67,74.06,21.69,52.37,3.74,286.62,239.5,,,,,,,,,,,,,,,,,,,,,,,,,,,,,,,,,,,,,,,,,,,,,,,,,,,,,,,,,,,,,,,,,,,,,,,,,,,,,,,,,,,,,,,,,,,,,,,,,,,,,,
Chlorocebus_sabaeus,OWM_Cercopithecidae_Chlorocebus_sabaeus,,8.369157113,4.173001695,Trichromatic,Multimale,0.98,Absent,Overlap,Low,Polygynandrous,,,,,4.875,5.3,3.3,D,Omnivore,T,1,2,Forest/Savanna,64.91,59.39,4923.6,3700,1.331,,,,,,,,,,,,,,,,,,,,,,,,,,Polygynandry,Sexbiased,Yes,,,,,,,,,,,,,,,,,,,,,,,,,,,,,,,,,,,,,,,,,,,,,,,,,,,,,,,,,,,,,,,,,,,,,,,,,,,,,,,,,,,,,,,,,,,,,,,,,,,,,,,,,,,,,,,,,,,,,,,,,,,,,,,,,,,,,,,,,,,,,,,,,,,,,,,,,,,,,,,,,,,,,,,,,,,,,,,,,,,,,,,,,,,,,,,,,,,,,,,,,,,,,,,
Chlorocebus_tantalus,OWM_Cercopithecidae_Chlorocebus_tantalus,,,,Trichromatic,Multimale,0.38,Absent,Overlap,,Polygynandrous,,,,,5.325,5.5,3.95,D,Omnivore,T,1,2,Forest/Savanna,,,,,,,,,,,,,,,,,,,,,,,,,,,,,,,Polygynandry,Sexbiased,Yes,,,,,,,,,,,,,,,,,,,,,,,,,,,,,,,,,,,,,,,,,,,,,,,,,,,,,,,,,,,,,,,,,,,,,,,,,,,,,,,,,,,,,,,,,,,,,,,,,,,,,,,,,,,,,,,,,,,,,,,,,,,,,,,,,,,,,,,,,,,,,,,,,,,,,,,,,,,,,,,,,,,,,,,,,,,,,,,,,,,,,,,,,,,,,,,,,,,,,,,,,,,,,,,
Colobus_angolensis,OWM_Cercopithecidae_Colobus_angolensis,1.01,9.062420242,4.352855257,Trichromatic,Multimale,,Absent,Overlap,Low,Polygynandrous,,,,No,8.6,9.8,7.4,D,Folivore,AR,3,,Forest,77.7,72.3,9680,7570,1.279,18.25,3.5,7,2,,,,423.6,-4.16,1229.1,23.3,1225.3,1538.5,3.71,0.983,0.4523,22.6,53.3,0,1.845,37.5,34.5,22,5,Harem Polygyny,Polygynandry,Bisexual,,,,,,,,,,35.3,,Multimale,No,2,,81,9680,7570,1.279,17.66,9.57,1.845,9680,,,9680,0,0,0,0,0,0,0,0,0,1,1,1,2,,,,,,,,,,,,,,,,,,,,,,,,,,,,,,,,,,,,,,,,,,,,,,,,,,,16.3,15.8,1225,0,,,,,,,,,,,,,,,,,,71815,,,,,,,,,,,,,,,,,,,,,,,,,,,,,,76,304,64,444,,,,,,,,,,,,,,,,,,,,,,,,,,,,,,,,,,,,,,,,,,,,,,,,,,,,,,,,,,,,,,,,
Colobus_polykomos,OWM_Cercopithecidae_Colobus_polykomos,1,9.116029693,4.301765153,Trichromatic,Multimale,0.16,Absent,Overlap,High,Polygynandrous,170,215,0.56,No,9.1,9.9,8.3,D,Folivore,AR,4,,Forest,73.83,70.23,9900,8300,1.193,11,4,4,1,442.41,185,213.78,366,9.06,1807.6,25.7,1090.5,1514.6,0.5,0.57,0.7108,41.5,53.5,0,1.77,61,28,9,1,Harem Polygyny,Polygynandry,Bisexual,No,6709,71,597,1,584,170,365,5.5,33.9,0.147,Multimale,No,,,13.6,9900,8300,1.193,19.13,10.81,1.77,9900,10.7,10250,10017,0,0,0,0,0,0,0,0,0,0,0,0,0,,,,,,,,,,,,,,,,,,,,,,,,,,,,,,,,,,,,,,,,,,,,,,,,,,,,,,,,,,,,,,,,,,,,2.9,18.2,,4,,,,,,,,,,,,,,,,,,,,,,,,,,,,,,,,,,,,,,,,,,,,,,,,,,,,,,,,,,,,,,,,,,,,,,,,,,,,,,,,,,,,,,,,,,,,,,,,,,
Daubentonia_madagascariensis,STR_Daubentoniidae_Daubentonia_madagascariensis,1.01,7.845807503,3.803323589,Dichromatic,Solitary,,Absent,Discrete,Low,Polygynandrous,164,170,0.51,No,2.545,2.62,2.49,N,Insectivore,AR,4,1,Forest/Shrubland,44.85,47.19,2620,2490,1.052,1,1,1,,760.41,167,197.7,291.6,-18.79,1491.3,21.7,1216.3,1601.3,0.356,2.95,4.3817,,,,,,,,,Spatial Polygyny,Solitary,Bisexual,No,2555,44.8,115.3,1,913,164,205,3.5,23.3,0.127,,,,,,,,,,,,,,,,,,,,,,,,,,,,,1383.67,,0.705882353,1,1,1,1,1,165,NonSeasonal,0,0,4.219178082,3.660273973,26.03287671,30.03561644,2690.066628,2265,2999.08631,2646.758315,2265,2956.666667,2724.713278,2329.287879,2999.08631,106.5517857,68.5,136,110.0636364,97,136,2588.445994,1771.666667,2880.121951,2530.69755,1771.666667,2880.121951,2651.006808,2446.25,2852.142857,35.2,32.63561644,35.2,25.10417543,20.74695058,27.46629942,0.103448276,0.083333333,0.117647059,,,,,,,,,,,,,,,,,,,2.4,18.1,,6,42472.29,1517.1,6461,897,3539,30196,685,8.31,1538,254,2765,2765,1044,1776,23098.5,19790,,,,,,,,1113,58.5,1065,473,3.82,4,4.38,,,,,3.9859375,2.0665625,0.6784473111,494.3723958,1476.966667,0.1555555556,19.84444444,0.2799479167,15.25520833,1.952587726,21.17552083,9.75078125,111.046875,139.5989583,146.4222222,0.7583333333,0.8472222222,82.07777778,17.828125,1.88984375,175.8958333,47.08307292,16.09401042,808.6666667,36.33333333,59.98333333,7379.661111,2.134615385,22.36380208,65.41953125,34.25859375,3.758333333,477.35,0,0,34.97777778,4134.038889,4.986458333,356.75,5.365625,7.201302083,17.8125,10.59895833,143.1432292,5.879166667,138.139881,0.1,12.13527778,,,,,,,,,,,,,,,,
Eulemur_albifrons,STR_Lemuridae_Eulemur_albifrons,,7.756195344,3.065724645,Dichromatic,Multimale,,Absent,Overlap,Low,Polygynandrous,120,135,0.53,Yes,2.04,2.212,2.15,CA,Frugivore,AR,3,1,Forest,21.45,,2390,2281,1.048,9,3.5,3,0.86,,,,,,,,,,0.13,0.9825,2.4149,69,11.5,,,22,22,56,,,Polygynandry,Sexbiased,,,,,,,,,,,,,,,,,,,,,,,,,,,,,,,,,,,,,,,,,,1,1.647058824,"1,2",0.470588235,1,4,120,Seasonal,12,4,2.567123288,2.747945205,11.30684932,16.31232877,2231.588511,1840.429487,2606,2155.00918,1840.429487,2606,2461.326503,2335.153005,2587.5,,,,,,,2170.291667,1948.375,2528.5,2193.673611,1948.375,2528.5,2030,2030,2030,34.58630137,27.74520548,34.58630137,17.89600436,15.31167002,20.55358677,0.214285714,0.076923077,0.230769231,1,,,,,,,,,,,,,,,,,,,,,,,,,,,,,,,,,,,,,,,,,,,,,,,,,,,,,,,,6.139583333,2.872916667,,154.7638889,3008.222222,0,0,0.2243055556,20.875,2.060331439,20.73125,11.30069444,102.1083333,121.8125,1862.444444,0.9708333333,1.597222222,332.1666667,17.40972222,2.047222222,115.0694444,39.6375,12.87708333,527.4,49,54.47916667,4227.395833,2.233333333,18.01333333,55.28541667,32.82083333,2.8125,231.2916667,0,0,39.125,2902.895833,6.211111111,,6.026666667,7.041041667,21.95833333,58.08333333,147.1083333,8.186805556,45.47222222,0.04,7.64375,,,,,,,,,,,,,,,,
Eulemur_collaris,STR_Lemuridae_Eulemur_collaris,,7.805865747,3.157000421,Dichromatic,Multimale,6.67,Absent,Overlap,Low,Polygynandrous,120,135,0.53,Yes,2.16,2.07,2.22,CA,Frugivore,AR,4,1,Forest,,,,,,7,3,2.5,0.83,,,,,,,,,,0.7,2.5,2.6481,79.4,5.2,,,23.4,18.4,55.7,,,Polygynandry,Sexbiased,,,,,,,,,,,,,,,,,,,,,,,,,,,,,,,,,,,,,,,,,,1.269230769,1.22,1,0.78,1,2,123,Seasonal,12,4,1.635616438,2.512328767,23.19178082,21.20821918,2333.605719,1697.222222,2735,2321.288744,1697.222222,2735,2354.134011,1930.966667,2671.660305,62.48571429,27.8,99.1,71.4,28,99.1,2245.340666,1741.833333,2747.666667,2262.500073,1928.5,2669,2223.278571,1741.833333,2747.666667,32.61369863,32.35342466,32.61369863,21.11743994,21.75155971,20.16869367,0.245901639,0.212121212,0.230769231,1,,,,,,,,,,,,,,,,,,,,,,,,,,,,,,,,,,,,,,,,,,,,,,,,,,,,,,,,5.560890023,3.315515873,,117.7389456,2831.307018,0.04761904762,3.119047619,0.1705668934,17.30895692,2.274718697,17.20930272,10.50379252,102.2937642,93.40578231,937.8333333,1.021292517,2.858503401,239.8293084,12.35294785,1.858015873,159.8126417,44.56186508,14.09573696,1189.552083,87.02777778,47.16763039,3799.995862,2.116898148,18.46620181,58.22132086,31.81944444,2.69739229,250.7692744,0.003968253968,0.2142857143,47.21865079,4210.635714,5.835986395,,5.253429705,7.689218254,36.98860544,65.82936508,143.8662698,7.455595238,50.16865079,0.1473958333,8.429365079,,,,0.3,,,,,,,,,,,,
Eulemur_coronatus,STR_Lemuridae_Eulemur_coronatus,1.53,7.073269717,3.027715319,Dichromatic,Multimale,,Absent,Overlap,Low,Polygynandrous,125,,,Yes,1.47,1.69,1.62,CA,Frugivore,AR,4,1,Forest,20.65,21.91,1280,1080,1.185,9.25,4.13,3.75,0.91,,126,,220.8,-13.06,1050.9,23.8,1253.3,1528,0.123,0.912,2.3046,81.9,3.3,,1.116,19.4,7,44,4.3,Polygynandry,Polygynandry,Bisexual,,,,,,,126,,,27,,Multimale,No,,,8.4,1690,1620,1.043,9.43,8.48,1.112,1690,6.96,1850,1743,0,0,1,0,0,0,1,0,0,0,1,2,4,,,1.666666667,1.218181818,1,0.781818182,1,2,124,Seasonal,12,5,1.698630137,2.471232877,17.4630137,19.90958904,1644.83527,1220.190476,1993,1690.214414,1220.190476,1993,1592.290997,1308.3,1927.5,55.81428571,45.2,69,59.5,51,69,1550.73188,1212,1796.5,1557.981786,1343.333333,1783.333333,1540.46118,1212,1796.5,28.82465753,28.82465753,27.42191781,18.70546875,18.70221486,17.40207013,0.328358209,0.3,0.291666667,1,29.5,57.8,1253,0,,,,,,,,,,,,,,,,,,,,,,,,,,,,,,,,,,,,,,,,,,,,,,,,,,,,5.399404762,3.080178571,0.756474359,167.202381,2725.795455,0.1153846154,6.821428571,0.2047619048,14.51785714,1.577502477,17.47696429,10.35238095,105.7916667,82.5952381,1290.333333,0.918452381,1.172619048,90.19047619,10.375,1.848809524,111.2083333,49.63154762,15.32321429,1075.5,102.0833333,42.27380952,2432.583333,2.140151515,18.05952381,58.39821429,31.05714286,2.208333333,132.0357143,0,0,54,3380.279762,5.876190476,,5.113461538,8.486904762,26.125,79.82142857,147.0641026,7.242857143,70.32142857,,6.278571429,4.2,,,,,,,,,,,,,,,
Eulemur_flavifrons,STR_Lemuridae_Eulemur_flavifrons,,,,,Multimale,,Absent,Overlap,Low,Polygynandrous,126,,,Yes,1.83,1.88,1.76,CA,Folivore_frugivore,AR,5,1,Forest,,,,,,,,,,,,,,,,,,,,,,,,,,,,,,,Polygynandry,Bisexual,,,,,,,,,,,,,,,,,,,,,,,,,,,,,,,,,,,,,,,,,,0.916666667,1.045454545,1,0.954545455,1,2,124,Seasonal,11,3,1.578082192,2.646575342,16.87945205,21.12328767,2433.891839,2122,2820.411765,2362.082034,2122,2638.563218,2535.937351,2205,2820.411765,78.51086957,55.5,102.5,73.66,55.5,90.6,2227.929624,1963.625,2596.666667,2210.666374,2007,2463.333333,2248.481112,1963.625,2596.666667,28.93424658,28.93424658,26.92054795,19.56867864,19.56579754,18.37654543,0.231884058,0.151515152,0.305555556,,,,,,,,,,,,,,,,,,,,,,,,,,,,,,,,,,,,,,,,,,,,,,,,,,,,,,,,,6.105606061,3.91,0.8017786908,269.9530303,2487.722222,0.06818181818,4.765151515,0.4309090909,18.64772727,2.148101862,17.25105197,10.77856061,102.7530303,99.98863636,1400.541667,1.111287879,3.564492754,266.675,21.20952381,1.820075758,108.0833333,47.01710145,14.7892029,299,43.03125,50.41666667,3793.811364,2.049509804,17.61978261,55.91550725,31.54231884,2.369565217,177.0536232,0,0,43.67878788,3228.582609,6.278106061,157.9791667,5.369545455,8.403007246,20.46969697,174.5606061,145.8121212,7.85219697,78.14848485,,7.395217391,2.66,,,,,,,,,,,,,,,
Eulemur_fulvus,STR_Lemuridae_Eulemur_fulvus,1.1,7.737180078,3.249211025,Dichromatic,Multimale,8.21,Absent,Overlap,High,Polygynandrous,120,135,0.53,No,1.84,1.95,2.15,CA,Folivore_frugivore,AR,3,1,Forest,25.77,25.39,2250,2333.3,0.964,8.9,3,3.5,1.17,547.5,118,134.64,444,-16.64,1561.3,21.4,1179.3,1588.5,0.162,0.447,0.9842,68.7,25.6,0,1.176,18.4,15.6,58.9,2.48,Polygynandry,Polygynandry,Sexbiased,,2292,24.8,78.6,1.08,547,121,183,2.66,35.5,0.222,Multimale,No,1.2,3.8,9.2,2180,2250,1,11.87,10.09,1.176,2400,20.489,2130,2237,0,0,0,0,0,0,0,0,0,0,0,0,0,345,42,1.388888889,1.12195122,1,0.87804878,1,2,120,Seasonal,12,4,1.394520548,1.736986301,19.18082192,19.18082192,2481.0035,1670,3076.333333,2366.778571,1670,3066.25,2626.380682,2261,3076.333333,73,36,92,60.5,36,85,2222.886364,1843.5,2629,2192.785714,1843.5,2551,2275.5625,1870,2629,35.99726027,34.44931507,35.99726027,18.95595881,17.76230322,20.65796036,0.260869565,0.16,0.277777778,1,25.3,43.3,1179,0,2500,2115.36,22.53,11.8,27.17,9.52,43.37,41.21,8.26,32.95,1.9,134.97,384.64,2.2,16.7,,4,22207.65,909.39,3328,590,1713,15566,207,3.21,641,119,1215,1215,422,752,12207,,12.2,1028,239,225,212,13.9,108,1253,51.6,389,251,2.08,2.78,3.04,,,,,6.3,3.7,0.785,100,4182.5,0,0,0.275,14.25,2.534633838,16.83,10.45,102.75,96.75,1080.5,0.95,2.416666667,126.1666667,7.5,1.75,97.5,42.31666667,14.29166667,727,66.5,59.25,3160.5,2.25,16.26666667,48.04166667,33.875,3.833333333,208.5833333,0,0,34.5,1829.75,6.275,,5.15,8.785833333,15,60,146.75,8.025,95.25,,5.325,,,,,,,,,,,,,,,,
Eulemur_macaco,STR_Lemuridae_Eulemur_macaco,1.04,7.779048645,3.199081198,Polymorphic,Pair/Unimale/Multimale,15.38,Absent,Overlap,High,Polygynandrous,129,135,0.51,Yes,2.063,2.115,2.095,CA,Frugivore,AR,4,1,Forest,24.51,24.92,2350,2430,0.967,10,3.4,3.1,0.91,365,127,143.28,360,-13.94,1341.9,22.3,1188.6,1717.6,0.053,,,64.3,23,0,1.02,13.6,16.4,62.8,,Polygynandry,Polygynandry,Bisexual,,2390,22.7,61,1.06,365,126,135,2.18,36.2,0.312,Multimale,No,,3.2,8.4,2370,2510,0.964,10.58,10.34,1.023,2400,16.65,2500,2423,0,0,0,0,0,0,1,0,0,0,0,1,5,,,1.19047619,1.375,1,0.625,1,2,120,Seasonal,11,3,1.484931507,0.731506849,15.69315068,14.7260274,2466.656879,2084.880952,2867.666667,2387.719965,2084.880952,2691.285714,2541.439218,2120,2867.666667,65.66666667,43.5,83,68.5,60,83,2366.933929,1966,2873.5,2284.029412,1966,2796,2495.059091,2060,2873.5,34.47671233,34.47671233,34.34794521,13.76866873,13.56405371,14.70013427,0.323232323,0.22,0.333333333,1,29.3,50,1189,0,1875,1726.07,24.22,9.14,26.26,14.16,77.78,53.98,13.14,40.85,11.7,193.02,148.93,2.3,15.3,5.1,4,,,,,,,,,,,,,,,,,,,,,,,,,,,,,,,,,,,5.764895833,3.489285714,0.7561710595,195.6041667,2220.9,0.059375,3.770833333,0.528125,15.60208333,2.352349711,18.45820833,10.48833333,103.9655556,126.2104167,1156.546296,0.9025,1.917708333,144.4583333,10.01071429,1.827222222,84.86770833,45.3790625,14.60760417,574.6875,123.0185185,40.4625,3087.854167,1.744444444,18.59588889,57.40583333,32.43666667,3.03125,227.8010417,0,0,54.52916667,4178.511458,5.323645833,148,5.339642857,7.8748125,29.22395833,93.42083333,147.4155556,7.6859375,53.31777778,0.05,7.642395833,,,,,,,,,,,,,,,,
Eulemur_rufus,STR_Lemuridae_Eulemur_rufus,,7.705262475,3.234749174,Polymorphic,Multimale,,Absent,Overlap,High,Polygynandrous,120,135,0.53,No,2.01,2.165,2.27,CA,Frugivore,AR,3,1,Forest,25.4,27.5,2170,2270,0.956,9.17,4.1,2.6,0.63,,,,,-19.51,1068.8,22.8,1004.1,1547,0.584,0.8475,0.9828,68.4,24.1,,,18,16.2,61.8,,,Polygynandry,"Sexbiased, Bisexual",No,,,,,,,,,,,,,,,,,,,,,,,,,,,,,,,,,,,,,,,435,,0.853333333,1.083333333,1,0.916666667,1,2,120,Seasonal,11,3,1.547945205,1.501369863,22.36712329,24.28767123,2286.435242,1620,2897,2264.033464,1745.454545,2897,2309.811011,1620,2801,73.13076923,26,94,75.7,26,94,2063.728741,1682.25,2515,2063.016667,1687.25,2452,2064.550366,1682.25,2515,32.66575342,32.16164384,32.66575342,20.6616414,20.64608049,20.6644819,0.265734266,0.265625,0.226666667,1,,,,,,,,,,,,,,,,,,,,,,,,,,,,,,,,,,,,,,,,,,,,,,,,,,,,,,,,,,,,,,,,,,,,,,,,,,,,,,,,,,,,,,,,,,,,,,,,,,,,,,,,,,,,,,,,,,,,,,,
Eulemur_sanfordi,STR_Lemuridae_Eulemur_sanfordi,,7.646912572,3.056356895,Dichromatic,Multimale,,Absent,Overlap,,Polygynandrous,120,135,0.53,Yes,1.87,1.87,1.83,CA,Frugivore,AR,4,1,Forest,,,1870,1830,1.022,5,2.25,2.13,0.95,,,,,-12.78,1013.1,25.2,1193,1510,0.07,0.758,2.539,89.1,2.2,,,17.7,11,59.2,,,Polygynandry,Sexbiased,,,,,,,,,,,,,,,,,,,,,,,,,,,,,,,,,,,,,,,,,,1.125,1.0625,1,0.9375,1,2,120,Seasonal,1,5,1.610958904,2.02739726,19.27945205,8.42739726,2111.336978,1840,2493,2039.698551,1840,2435.5,2175.015579,1963.4,2493,93.6,93.6,93.6,93.6,93.6,93.6,1941.25119,1720,2195,1948.240476,1720,2195,1934.261905,1796,2098.833333,32.93972603,27.72054795,32.93972603,20.08809946,18.56929557,20.38327743,0.058823529,0.111111111,,,,,,,,,,,,,,,,,,,,,,,,,,,,,,,,,,,,,,,,,,,,,,,,,,,,,,,,,,5.706666667,,0.7561972458,162.975,4125.87037,0.2083333333,11.09166667,0.2483333333,13.875,1.970250594,13.823996,10.5675,105.5333333,99.40833333,1189.145833,1.191666667,2.175,147.325,20.19444444,1.8625,137.225,44.05416667,14.0675,,184.9047619,49.775,3455.75,2.08125,18.8475,59.02666667,32.2375,2.775,274.5916667,0,0,44.26666667,2847.908333,6.606666667,384.3472222,5.803333333,7.475333333,21.39166667,95.89166667,148.5666667,7.569166667,41.9,0.1,6.811666667,5.433333333,,,,,,,,,,,,,,,
Euoticus_elegantulus,STR_Galagidae_Euoticus_elegantulus,0.99,5.613128106,1.710187816,Monochromatic,Solitary,,Absent,Overlap,Low,Polygynandrous,,,,No,0.27,0.287,0.261,N,Gummivore,AR,1,2,Forest,5.53,5.48,287,261,1.1,,,,,182,122,60,180,-0.26,1497.1,24.4,1298.2,1499.5,,,,,,,1.062,,,,,Spatial Polygyny,Solitary,Sexbiased,No,,,,,182,122,60,,,,,,,,,,,,,,,,,,,,,,,,,,,,,,,,215.74,25.1,,,,,,,,,,,,,,,,,,,,,,,,,,,,,,,,,,,,,,,,,,,,,,,,,29.5,47.5,1298,2,,,,,,,,,,,,,,,,,,,,,,,,,,,,,,,,,,,,,,,,,,,,,,,,,,,,,,,,,,,,,,,,,,,,,,,,,,,,,,,,,,,,,,,,,,,,,,,,,,,,,,,,,,,,,,,,,,,
Galago_gallarum,STR_Galagidae_Galago_gallarum,,,,Monochromatic,Solitary,,Absent,Overlap,,Polygynandrous,,,,,0.2,0.235,0.2,N,Omnivore,AR,1,2,Savanna,,,,,,,,,,,,,,,,,,,,,,,,,,,,,,,Solitary,,No,,,,,,,,,,,,,,,,,,,,,,,,,,,,,,,,,,,,,,,,,,,,,,,,,,,,,,,,,,,,,,,,,,,,,,,,,,,,,,,,,,,,,,,,,,,,,,,,,,,,,,,,,,,,,,,,,,,,,,,,,,,,,,,,,,,,,,,,,,,,,,,,,,,,,,,,,,,,,,,,,,,,,,,,,,,,,,,,,,,,,,,,,,,,,,,,,,,,,,,,,,,,,,,
Galago_moholi,STR_Galagidae_Galago_moholi,1.6,4.997212274,1.311031877,Monochromatic,Solitary,0.39,Absent,Overlap,Low,Polygynandrous,123,84,0.41,No,0.2,0.214,0.194,N,Omnivore,AR,1,2,Savanna,3.71,3.64,149.6,147.2,1.017,1,1,1,,182.5,123,90.46,198,-13.46,801.2,21.7,852.2,1461.9,0.04,,,,,,1.062,63.9,25,4.5,12,Spatial Polygyny,Solitary,Sexbiased,No,148,3.7,11.8,2,133,124,84,1.21,16.6,0.715,,,,,,,,,,,,,,,,,,,,,,,,,,,,,137.2,13.9,1.3,1.421052632,1,0.578947368,1,2,124,NonSeasonal,0,0,0.397260274,1.024657534,8.484931507,6.630136986,169.2415247,140.828125,201.1820988,179.3825347,149.6969697,201.1820988,160.0224247,140.828125,170.2586207,12.68947368,9.2,19,12.92,10.4,19,143.3763889,123.6,165.6666667,149.8166667,133.75,165.6666667,138.7761905,123.6,158,16.63835616,16.63835616,14.45205479,6.924545047,6.722999149,7.043146176,0.390946502,0.324786325,0.233333333,1,36.4,63.9,852,2,,,,,,,,,,,,,,1.5,13.4,,6,,,,,,,,,,,,,,,,,,,,,,,,,,,,,,,,,,,4.45,1.61125,0.5555555556,198.8333333,514.5,0.1666666667,3.666666667,0.2,32.6875,0.163502402,51.2875,8.85,113.5,263.625,389,0.6625,1,20.33333333,,2.65,148.1875,42.8375,14.0875,,,54,1564,,17,52.425,32.725,3.333333333,82,0,0,41.5,1093,6.2125,579,4.533333333,8.3275,29.75,35.5,153.3333333,7.5125,,3.2,3.125,,,,,,,,,,100.55,,,,,,
Galago_senegalensis,STR_Galagidae_Galago_senegalensis,1.5,5.267858159,1.376244025,Monochromatic,Solitary,0.11,Absent,Overlap,Low,Polygynandrous,142,98,0.41,No,0.25,0.271,0.225,N,Omnivore,AR,1,2,Forest/Savanna,3.96,3.9,200.3,188,1.066,1,1,1,,219,126,93.93,204,1.95,800.8,25,836.6,1594.8,0.08,,,6,,,1.111,,,,,Spatial Polygyny,Solitary,Sexbiased,No,194,3.9,19,1.81,200,141,84,1.64,17.1,0.565,,,,,,,,,,,,,,,,,,,,,,,,,,,,,198,18.1,,,,,,,,,,,,,,,,,,,,,,,,,,,,,,,,,,,,,,,,,,,,,,,,,35.5,59.8,837,2,,,,,,,,,,,,,,1.6,12.9,6.7,6,4201.33,254.3,672,205,382,2997,79.2,2.58,163,35.7,210,210,107,261,1854.5,1340,,,,,,,,220,13,,,0.58,1.18,0.7,,,,,,,,,,,,,,,,,,,,,,,,,,,,,,,,,,,,,,,,,,,,,,,,,,,,,,,,,,,,,,,,,,,,
Lagothrix_lagotricha,PLA_Atelidae_Lagothrix_lagotricha,1.01,8.874867636,4.569543008,Polymorphic,Multimale,1.87,Absent,Overlap,Low,Polygynandrous,223,315,0.59,No,7.15,7.28,7.02,D,Frugivore,AR,3,1,Forest/Savanna,96.5,98,7280,7020,1.037,33.1,7.3,8.2,1.12,638.75,223,312.66,360,0.02,2265.6,25.8,1516.9,1543.4,2.82,1.1,0.5805,78.9,11.4,4.9,1.77,25.8,38.8,29.9,5.5,Polygynandry,Polygynandry,Sexbiased,No,7020,89.3,463.2,1,1116,222,548,9,32,0.73,Multimale,No,,3.3,31.8,7280,7020,1.037,14.23,8.04,1.77,7280,11.2,5220,6593,0,0,0,0,0,0,0,0,0,0,0,0,0,,,,,,,,,,,,,,,,,,,,,,,,,,,,,,,,,,,,,,,,,,,,,,,,,,,25.7,26.3,1517,2,,,,,,,,,,,,,,2.5,20,,3,95837.56,2109.54,11268,1582,5721,74822,73.4,1.43,1395,266,4947,4947,680,1586,65873,,31,2959,624,909,845,63.8,203,4856,149,,,5.12,5.36,4.26,,,,,,,,,,,,,,,,,,,,,,,,,,,,,,,,,,,,,,,,,,,,,,,,,,,,,,,,,,,,,,,,,,,,
Lemur_catta,STR_Lemuridae_Lemur_catta,1.18,7.700747795,3.131136911,Dichromatic,Multimale,7.98,Absent,Overlap,High,Polygynandrous,141,120,0.46,Yes,2.21,2.21,2.21,D,Folivore_frugivore,BOTH,4,1,Forest/Shrubland,22.9,19.75,2210,2210,1,17,5.2,6.4,1.23,468.41,135,126.51,360,-23.05,629.4,23,839.1,1636.6,0.05,0.9,3.567,54,43.6,,1.186,,,,4.6,Polygynandry,Polygynandry,Sexbiased,Yes,2210,22.1,81.2,1.3,432,136,179,3,37.3,0.275,Multimale,No,1.1,4.5,15.3,2210,2210,1,10.86,9.16,1.186,2210,17.8,2700,2373,0,0,0,0,0,0,0,0,0,0,0,0,0,489.5,45.1,0.894039735,1.310344828,1,0.698275862,1,3,138,Seasonal,11,3,1.315068493,1.638356164,21.67945205,29.51232877,2448.906065,1888.763889,3028,2540.556792,2092.681818,3028,2348.663083,1888.763889,3015.823171,63.66532258,34.5,101,64.80208333,34.5,101,2099.14084,1483,2653,2119.807704,1600,2611,2083.100887,1483,2653,32.72876712,32.72876712,30.82739726,17.5831281,17.99835213,16.87054208,0.197368421,0.162962963,0.132450331,1,33,65,839,0,2075,1864.8,22.79,11.66,24.37,11.2,72.9,67.81,16.7,51.11,2.27,190.2,210.2,2.1,15.6,7,4,21000,,,,,,,,,,,,,,11080,8960,,,,,,,,1310,60,,,,,,,,,,5.431702128,3.780778986,0.7592301667,197.6972826,1556.752315,0.06076388889,3.611111111,0.5155253623,20.71594203,1.892663374,20.90862813,9.721944444,108.4059783,85.13240741,1206.119048,1.017574074,1.373611111,84.94270833,21.90481481,1.703037037,159.8594444,49.50892361,14.88331597,748.8666667,58.37619048,43.12534722,2826.194097,1.988172043,20.4953125,68.24270833,30.17482639,3.432291667,232.6538194,0,0,51.75208333,3485.822569,4.817427536,231.5625,4.416539855,7.269395833,30.06590909,89.66195652,147.9811594,7.145602837,43.91565041,0.2714285714,6.657951389,3.633333333,19,22,,,,,,,,,,,,,
Loris_lydekkerianus,STR_Lorisidae_Loris_lydekkerianus,,5.587248658,1.846878768,Monochromatic,Solitary,0,Absent,Overlap,,Polygynandrous,167,135,0.45,No,0.27,0.264,0.269,N,Insectivore,BOTH,2,1,Forest,6.34,6.53,264,269,0.981,,,,,,,,,,,,,,,,,,,,,26,35.6,36.4,23,,Solitary,,,267,6.3,,,,167.5,135,1.37,18.7,,,,,,,,,,,,,,,,,,,,,,,,,,,,,,,,,,,,,,,,,,,,,,,,,,,,,,,,,,,,,,,,,,,,,,,,,,,,,,,,,,,,,,,,,,,,,,,,,,,,,,,,,,,,,,,,,,,,,,,,,,,,,,,,,,,,,,,,,,,,,,,,,,,,,,,,,,,,,,,,,,,,,,,,,,,,,,,,,,,,,,,,,,,,,,,,,,,,,,
Macaca_arctoides,OWM_Cercopithecidae_Macaca_arctoides,1,9.239899174,4.6121458,Trichromatic,Multimale,0.42,Absent,Overlap,Low,Polygynandrous,178,393,0.69,No,10.3,12.2,8.4,D,Folivore_frugivore,BOTH,3,1,Forest,100.7,99.8,12200,8400,1.452,31.1,,,,558,177,299,350.4,,,,,,,1.7,,,,,,,,,,Polygynandry,Polygynandry,Sexbiased,Yes,8400,99.8,499.5,1.01,619,178,309,4.9,29.2,0.15,,,,,,,,,,,,,,,,,,,,,,,,,,,,,,,,,,,,,,,,,,,,,,,,,,,,,,,,,,,,,,,,,,,,,,,,,,,,,,,,,,,15866.67,14187.56,118.02,60.76,123.38,49.95,240.82,246.02,68.34,177.68,11.36,732.28,1679.11,,,,,,,,,,,,,,,,,,,,,,,,,,,,,,,,,,,,,,,4.247916667,1.303125,0.5469054148,252.2575758,,1.25,110.75,0.1914772727,18.80871212,9.337444006,25.31032475,9.80530303,107.6597222,153.3143939,334.3125,0.8238636364,3.574074074,448.6851852,42.14583333,3.4140625,60.08522727,37.36451613,12.01612903,466.780303,,53.4,6012.783333,,23.66451613,73.58064516,32.18387097,2.775,268.45,2.25,203.5,40.63333333,4442.766667,4.284280303,442.7580645,3.546590909,5.096451613,35.29734848,45.10606061,147.3503788,7.779166667,69.6875,,11.125,,23.25,,,,,,,,,,,,,,
Macaca_assamensis,OWM_Cercopithecidae_Macaca_assamensis,,9.116029693,4.504907764,Trichromatic,Multimale,0.2,Absent,Overlap,Low,Polygynandrous,164,,,No,9,11.3,6.7,D,Frugivore,AR,2,1,Forest,90.46,88.3,11300,6900,1.638,,,,,,,,376.8,23.01,1475.6,14.2,1020.6,1260,,,,,,,,,,,,,Polygynandry,Sexbiased,Yes,,,,,,,,,31.4,,,,,,,,,,,,,,,,,,,,,,,,,,,,,,,,,,,,,,,,,,,,,,,,,,,,,,,,,,,,,,,,,,,,,,,,,,,,,,,,34.8,58.7,1021,0,,,,,,,,,,,,,,,,,,,,,,,,,,,,,,,,,,,,,,,,,,,,,,,,,,,,,,,,,,,,,,,,,,,,,,,,,,,,,,,,,,,,,,,,,,,,,,,,,,,,,,,,,,,,,,,,,,,
Macaca_cyclopis,OWM_Cercopithecidae_Macaca_cyclopis,,8.607033895,4.406719247,Trichromatic,Multimale,1.58,Absent,Overlap,High,Polygynandrous,162,206,0.56,No,5.47,6,4.94,D,Folivore_frugivore,BOTH,1,2,Forest,82,73,6000,4940,1.215,,,,,,,,,,,,,,,,,53.8,29.1,9.8,,,,,,,Polygynandry,Sexbiased,Yes,,,,,,,,,,,,,,,,,,,,,,,,,,,,,,,,,,,,,,,,,,,,,,,,,,,,,,,,,,,,,,,,,,,,,,,,,,,,,,,,,,,,,,,,,,,,,,,,,,,,,,,,,,,,,,,,,,,,,,,,,,,,,,,,,,,,,,,,,,,,,,,,,,,,,,,,,,,,,,,,,,,,,,,,,,,,,,,,,,,,,,,,,,,,,,,,,,,,,,,,,,,,,,,
Macaca_fascicularis,OWM_Cercopithecidae_Macaca_fascicularis,1,8.354909528,4.158570535,Trichromatic,Multimale,0.22,Absent,Overlap,High,Polygynandrous,160,330,0.67,No,4.03,4.85,3.22,D,Frugivore,BOTH,3,1,Forest/Wetlands,63.98,62.14,4984.2,3517.9,1.417,27.5,4.7,10.6,2.26,398.45,165,283.53,456,4.13,2190.5,24.9,1553.1,1719.8,0.46,1.5,1.96,76.8,9.4,4,2.258,18.5,36.9,42.9,1.5,Polygynandry,Polygynandry,Sexbiased,Yes,3518,60.9,339.6,1.01,611,163,231,5.23,38.5,0.148,Multimale,No,,4,23.5,5360,3590,1.493,24.09,10.67,2.258,5360,35.2,4420,5047,0,0,1,0,0,0,0,0,0,0,1,1,3,3458,400.9,,,,,,,,,,,,,,,,,,,,,,,,,,,,,,,,,,,,,,,,,,,,,,,,,26.3,55.3,1553,0,,,,,,,,,,,,,,2.3,18.4,46,4,55600,,,,,,,,,,,,,,,,,,,,,,,2800,92,,,,,,,,,,3.936734694,1.141103448,0.5470846888,303.05,,0.5779411765,67.22058824,0.1343137255,17.02,1.997374684,19.7807033,10.1495,105.7261905,124.8191489,368.40625,0.8975,1.663235294,183.6514706,60.69047619,3.386206897,64.80555556,41.4828125,13.71875,503.4509804,,45.84632353,5067.284559,,25.06617647,76.16666667,33.07058824,3.283823529,377.7279412,0.04411764706,8.647058824,48.67272727,6079.55,3.6445,384.6818182,4.344,5.5,42.515,41.88636364,146.2142857,7.230102041,89.36904762,,11.06129032,,23.75862069,,0.1338095238,,,,135.8928571,,,,,,,,
Macaca_fuscata,OWM_Cercopithecidae_Macaca_fuscata,1.02,9.16062478,4.633951987,Trichromatic,Multimale,3.11,Absent,Overlap,High,Polygynandrous,173,365,0.68,No,9.5,10.97,8.03,D,Folivore_frugivore,BOTH,1,2,Forest,102.92,96.78,10970,8030,1.366,53.7,3.4,17.5,5.15,486.66,174,265.04,396,35.88,1476.6,10.2,792.6,842.5,1.43,0.93,0.6892,22.9,23.7,7,2.04,43.3,19.9,20.1,15.2,Polygynandry,Polygynandry,Sexbiased,Yes,8030,96.8,535.4,1,817,175,195,6.1,38.5,0.115,Multimale,No,,3,45.6,11000,8030,1.37,19.56,9.59,2.04,11000,72.3,15400,12467,0,0,0,0,0,0,0,0,0,0,0,0,0,4191.72,485.4,,,,,,,,,,,,,,,,,,,,,,,,,,,,,,,,,,,,,,,,,,,,,,,,,,,,,,,,,,,,,,,,,,2.5,17.4,,4,,,,,,,,,,,,,,,,,,,,,,,,,,,,,,,,,,,,,,,,,,,,,,,,,,,,,,,,,,,,,,,,,,,,,,,,,,,,,,,,,,,,,,,,,,,,,,,,,,
Macaca_hecki,OWM_Cercopithecidae_Macaca_hecki,,,,Trichromatic,Multimale,,Absent,Overlap,,Polygynandrous,,,,,9,11.2,6.8,D,Omnivore,AR,3,1,Forest,,,,,,,,,,,,,,,,,,,,,,,,,,,,,,,Polygynandry,Sexbiased,Yes,,,,,,,,,,,,,,,,,,,,,,,,,,,,,,,,,,,,,,,,,,,,,,,,,,,,,,,,,,,,,,,,,,,,,,,,,,,,,,,,,,,,,,,,,,,,,,,,,,,,,,,,,,,,,,,,,,,,,,,,,,,,,,,,,,,,,,,,,,,,,,,,,,,,,,,,,,,,,,,,,,,,,,,,,,,,,,,,,,,,,,,,,,,,,,,,,,,,,,,,,,,,,,,
Macaca_leonina,OWM_Cercopithecidae_Macaca_leonina,,8.637993892,4.449685283,Trichromatic,Multimale,0.26,Absent,Overlap,,Polygynandrous,,,,,6.7,8.48,4.93,D,Frugivore,BOTH,3,1,Forest,85.6,82.12,6520.5,4762.7,1.369,,,,,,,,,,,,,,,,,,,,,,,,,,Polygynandry,Sexbiased,Yes,,,,,,,,,,,,,,,,,,,,,,,,,,,,,,,,,,,,,,,,,,,,,,,,,,,,,,,,,,,,,,,,,,,,,,,,,,,,,,,,,,,,,,,,,,,,,,,,,,,,,,,,,,,,,,,,,,,,,,,,,,,,,,,,,,,,,,,,,,,,,,,,,,,,,,,,,,,,,,,,,,,,,,,,,,,,,,,,,,,,,,,,,,,,,,,,,,,,,,,,,,,,,,,
Macaca_maura,OWM_Cercopithecidae_Macaca_maura,,8.624320545,4.470151974,Trichromatic,Multimale,0.5,Absent,Overlap,Low,Polygynandrous,163,,,No,7.88,9.72,6.05,D,Frugivore,BOTH,4,1,Forest/Grassland,,,,,,,,,,,,,,,,,,,,,,,,,,,,,,,Polygynandry,Sexbiased,Yes,6050,87.4,389.5,1,733,176,508,6.5,33,0.118,,,,,,,,,,,,,,,,,,,,,,,,,,,,,,,,,,,,,,,,,,,,,,,,,,,,,,,,,,,,,,,,,,,,,,,,,,,,,,,,,,,,,,,,,,,,,,,,,,,,80405,,,,,,,,,,,,,,,,,,,,,,,,,,,,,,362,480,142,984,,,,,,,,,,,,,,,,,,,,,,,,,,,,,,,,,,,,,,,,,,,,,,,,,,,,,,,,,,,,,,,,
Macaca_mulatta,OWM_Cercopithecidae_Macaca_mulatta,1.01,8.823647949,4.488411625,Trichromatic,Multimale,1.02,Absent,Overlap,High,Polygynandrous,165,192,0.54,No,5.96,6.99,4.94,D,Folivore_frugivore,BOTH,1,,Forest/Savanna/Shrubland,88.98,84.26,7915.1,5670.5,1.396,40.7,4.5,23.8,5.29,385.5,165,304.16,432,25.07,1173.6,16.9,902.2,1218,5.91,1.6,0.5833,8.5,84.4,0,2.072,46,11.5,25,,Polygynandry,Polygynandry,Sexbiased,Yes,5670,84.3,478.3,1.01,547,167,192,5,34,0.161,Multimale,No,3.1,2.5,39.2,11000,8800,1.25,16.97,8.19,2.072,11000,46,9200,10400,0,1,0,0,0,0,0,0,0,0,1,1,1,2239,231.9,,,,,,,,,,,,,,,,,,,,,,,,,,,,,,,,,,,,,,,,,,,,,,,,,37.5,63,902,0,,,,,,,,,,,,,,2.6,20,53.6,4,86070.35,2329.14,7830.42,1380,4480,71080,84.3,,1220,271,4032,4032,639,1353,55528.67,35308,,,,,,,,4301.5,158,,,7.68,9.84,7.7,,,,,3.903078634,1.307992568,0.5692403739,181.5948821,250.2432962,0.7801699195,60.66988388,0.2270136752,18.59636358,4.250676731,20.35004359,9.468460726,107.0045799,147.7851899,293.2694596,0.9060138954,3.183196627,231.9915388,53.14375275,3.011597484,70.4393236,40.71764412,13.23395853,335.8998798,46.54339091,42.68958721,3226.793941,1.777662037,23.63914898,72.61618059,32.47086994,3.635657896,270.7042687,1.215004778,64.22733263,49.7834207,4161.514981,4.443251223,358.6456059,4.056304712,5.634622756,37.05015058,43.2129763,145.860467,7.000588122,98.05118704,0.4,8.287836294,47.01038462,21.99074074,,0.1215732087,62.85833333,8.85510434,,124.1142777,48.5,99.33824405,118.3791667,,,,,3.33826109
Macaca_nemestrina,OWM_Cercopithecidae_Macaca_nemestrina,1.01,9.084890521,4.65956367,Trichromatic,Multimale,,Absent,Overlap,High,Polygynandrous,167,234,0.58,No,8.89,11.2,6.59,D,Frugivore,BOTH,3,1,Forest,105.59,100.65,11102.7,6539.2,1.698,18.2,2.4,14.9,6.21,405.07,172,292.6,411.6,3.04,2449.8,24.7,1680.5,1732.2,1.75,1.8,1.2059,74.2,11.1,12.2,2.36,,,,,Polygynandry,Polygynandry,Sexbiased,Yes,6539,98.1,463.7,1,486,171,237,3.92,37.6,0.193,Multimale,No,3,3,48,11200,6500,1.723,28.89,12.24,2.36,11200,66.7,9980,10793,0,0,0,0,0,0,0,0,0,0,0,0,0,,,,,,,,,,,,,,,,,,,,,,,,,,,,,,,,,,,,,,,,,,,,,,,,,,,39.5,64.5,1681,0,,,,,,,,,,,,,,2.5,20.4,46,4,,,,,,,,,,,,,,,,,,,,,,,,,,,,,,,,,,,3.931958529,1,0.5445850818,179.6144418,,1.166666667,103,0.4666666667,17.98591046,3.383798561,16.32072434,8.647619048,,142.3333333,490.6666667,1.167256429,2.88972381,259.7565429,,3.733333333,67.47248232,39.09642857,12.2347804,338.3333333,,39.28053531,3404.245711,,19.86534991,67.33531645,29.52231488,4.25,377.5833333,1,161,55.50231347,4941.034621,6.1,545.9493827,3.659340443,6.181000135,38.33333333,18.33333333,141.6666667,7.226149005,,,8.831015009,,20.50004622,,,,,,,,37.3,,,,37.71694821,83.74007279,0.1037278907
Macaca_nigra,OWM_Cercopithecidae_Macaca_nigra,1,8.946374826,4.552823706,Trichromatic,Multimale,,Absent,Overlap,Low,Polygynandrous,170,,,No,7.68,9.89,5.47,D,Frugivore,T,5,1,Forest,94.9,84.5,9890,5470,1.808,63.8,5.8,20.2,3.48,540,176,365,408,,,,,,,6,,,3,32,2.612,36.2,22.5,19.5,21.7,Polygynandry,Polygynandry,Sexbiased,Yes,5470,80.3,461,1,540,176,214,5.44,34,0.155,Multimale,No,,,36.7,9890,5470,1.808,29.73,11.38,2.612,9890,,10600,10127,0,0,0,0,0,0,0,0,0,0,0,0,0,,,,,,,,,,,,,,,,,,,,,,,,,,,,,,,,,,,,,,,,,,,,,,,,,,,,,,,5600,5267.5,105.15,23.93,47.01,18.64,94.86,178.32,39.37,138.95,10.1,372.86,332.5,,,,,,,,,,,,,,,,,,,,,,,,,,,,,,,,,,,,,,,4.861243386,,0.6326166667,117.8333333,,1.333333333,98.66666667,0.2,11.16666667,9.613658053,11.23683333,9.316666667,113.9916667,113,572.5,1.016666667,1,73.66666667,,,70.83333333,37.33333333,10.9,,,25,2375.333333,,21.66666667,74.16666667,29,4.166666667,502,0,0,68.5,8333.666667,3.25,,3.516666667,5.1,23.66666667,34.83333333,154.8333333,7.383333333,,,11.38333333,,,,,,,,,,,,200,7.7,,,
Macaca_nigrescens,OWM_Cercopithecidae_Macaca_nigrescens,,,,Trichromatic,Multimale,,Absent,Overlap,Low,Polygynandrous,,,,,5.65,5.8,5.5,D,Frugivore,AR,3,1,Forest,,,,,,,,,,,,,,,,,,,,,,,,,,,,,,,Polygynandry,Sexbiased,Yes,,,,,,,,,,,,,,,,,,,,,,,,,,,,,,,,,,,,,,,,,,,,,,,,,,,,,,,,,,,,,,,,,,,,,,,,,,,,,,,,,,,,,,,,,,,,,,,,,,,,,,,,,,,,,,,,,,,,,,,,,,,,,,,,,,,,,,,,,,,,,,,,,,,,,,,,,,,,,,,,,,,,,,,,,,,,,,,,,,,,,,,,,,,,,,,,,,,,,,,,,,,,,,,
Macaca_ochreata,OWM_Cercopithecidae_Macaca_ochreata,,,,Trichromatic,Multimale,,Absent,Overlap,Low,Polygynandrous,,,,,3.95,5.3,2.6,D,Frugivore,BOTH,3,1,Forest,,,4200,2600,1.615,,,,,,,,348,,,,,,,,,,,,,,,,,,Polygynandry,Sexbiased,Yes,,,,,,,,,29,,,,,,,,,,,,,,,,,,,,,,,,,,,,,,,,,,,,,,,,,,,,,,,,,,,,,,,,,,,,,,,,,,,,,,,,,,,,,,,,,,,,,,,,,,,,,,,,,,,,,,,,,,,,,,,,,,,,,,,,,,,,,,,,,,,,,,,,,,,,,,,,,,,,,,,,,,,,,,,,,,,,,,,,,,,,,,,,,,,,,,,,,,,,,,,,,,,,,,
Macaca_pagensis,OWM_Cercopithecidae_Macaca_pagensis,,,,Trichromatic,Multimale,,Absent,Overlap,,Polygynandrous,,,,,6.38,7.5,5.25,D,Frugivore,BOTH,5,1,Forest,,,,,,,,,,,,,,,,,,,,,,,,,,,,,,,Polygyny,Sexbiased,Yes,,,,,,,,,,,,,,,,,,,,,,,,,,,,,,,,,,,,,,,,,,,,,,,,,,,,,,,,,,,,,,,,,,,,,,,,,,,,,,,,,,,,,,,,,,,,,,,,,,,,,,,,,,,,,,,,,,,,,,,,,,,,,,,,,,,,,,,,,,,,,,,,,,,,,,,,,,,,,,,,,,,,,,,,,,,,,,,,,,,,,,,,,,,,,,,,,,,,,,,,,,,,,,,
Macaca_radiata,OWM_Cercopithecidae_Macaca_radiata,1.01,8.533853632,4.315753276,Trichromatic,Multimale,0.48,Absent,Overlap,High,Polygynandrous,162,365,0.69,No,5.14,6.6,3.69,D,Frugivore,BOTH,3,1,Forest/Savanna/Shrubland,74.87,69.38,6312.5,3855.7,1.637,30,8,9.7,1.21,365,161,332.25,360,14.59,937.4,26.5,844.9,1589.6,0.88,1.75,1.6533,,,,,,,,,Polygynandry,Polygynandry,Sexbiased,Yes,3856,70.5,398,1.01,468,168,365,4,30,0.197,,,,,,,,,,,,,,,,,,,,,,,,,,,,,,,,,,,,,,,,,,,,,,,,,,,,,,,,,,,,,,,,,,,,,,,,,,,,,,,,,,,,,,,,,,,,,,,,,,,,,,,,,,,,,,,,,,,,,,,,,,,,,,,,,,,,,,,,,,,,,,,,,,,,,,,,,,,,,,,,,,,,,,,,,,,,,,,,,,,,,,,,,,,,,,,,,,,,,
Macaca_silenus,OWM_Cercopithecidae_Macaca_silenus,1.01,8.9226583,4.442651256,Trichromatic,Unimale,,Absent,Overlap,High,Polygynandrous,180,365,0.67,No,7.5,8.9,6.1,D,Frugivore,AR,4,1,Forest,85,80,8900,6100,1.459,19.6,3.1,7.1,2.29,510.39,176,362.93,480,13.19,880.7,25.3,953,1571.9,0.88,1.63,1.5399,,,,2.437,,,,4.7,Polygynandry,Polygynandry,Sexbiased,Yes,6100,78,476,1,504,172,365,4.92,40,0.17,Polygynous,Yes,,1.8,19,8900,6100,1.459,24.66,10.12,2.437,8900,42,5900,7900,0,0,0,0,0,0,0,0,0,0,0,0,0,,,,,,,,,,,,,,,,,,,,,,,,,,,,,,,,,,,,,,,,,,,,,,,,,,,,,,,,,,,,,,,,,,,,,,,,,,,,,,,,,,,,,,,,,,,,,,,,,,,,,,,,,,,,,,,,,,,,,,,,,,,,,,,,,,,,,,,,,,,,,,,,,,,,,,,,,,,,,,,,,,,,,,,,,
Macaca_sinica,OWM_Cercopithecidae_Macaca_sinica,1.01,8.398409655,4.244200318,Trichromatic,Multimale,,Absent,Overlap,High,Polygynandrous,168,,,No,4.48,5.66,3.3,D,Frugivore,AR,4,1,Forest,69.7,66,5680,3200,1.775,24.5,2.7,6.2,2.3,547.5,152,396,420,7.87,1416.7,25.8,1536.7,1630.1,0.4,,,97,23,2,1.977,46,10,34,,Polygynandry,Polygynandry,Sexbiased,Yes,,,,,547,152,396,,29.3,,Multimale,No,,5,22.7,5680,3200,1.775,19.69,9.96,1.977,5680,,,5680,0,0,0,0,0,0,0,0,0,0,0,0,0,,,,,,,,,,,,,,,,,,,,,,,,,,,,,,,,,,,,,,,,,,,,,,,,,,,,,,,,,,,,,,,,,,,,,,,,,,,,,,,,,,,,,,,,,,,,,,,,,,,,,,,,,,,,,,,,,,,,,,,,,,,,,,,,,,,,,,,,,,,,,,,,,,,,,,,,,,,,,,,,,,,,,,,,,
Macaca_sylvanus,OWM_Cercopithecidae_Macaca_sylvanus,1.02,9.399140895,4.534747722,Trichromatic,Multimale,0.33,Absent,Overlap,High,Polygynandrous,165,210,0.56,No,13.5,16,11,D,Omnivore,BOTH,4,1,Forest/Shrubland/Rocky.areas,93.2,97.93,14530.3,9625,1.51,18.2,4.7,7,1.49,431.71,164,210.25,264,34.21,459.3,14.8,453.1,1163.5,2.63,1.664,0.9093,2.6,10.9,8.05,2.02,33.1,21.37,30.73,10.77,Polygynandry,Polygynandry,Sexbiased,Yes,9625,92.9,450,1,669,165,213,4.75,29.1,0.144,Multimale,No,1.9,9,33.1,16000,11000,1.455,22.81,11.29,2.02,16000,,,16000,0,0,0,0,0,0,0,0,0,0,0,0,0,,,,,,,,,,,,,,,,,,,,,,,,,,,,,,,,,,,,,,,,,,,,,,,,,,,,,,,,,,,,,,,,,,,,2.6,19.7,,4,,,,,,,,,,,,,,,,,,,,,,,,,,,,,,,,,,,,,,,,,,,,,,,,,,,,,,,,,,,,,,,,,,,,,,,,,,,,,,,,,,,,,,,,,,,,,,,,,,
Macaca_thibetana,OWM_Cercopithecidae_Macaca_thibetana,1.01,,,Trichromatic,Multimale,,Absent,Overlap,High,Polygynandrous,170,561,0.77,No,15.55,18.3,12.8,D,Frugivore,T,2,1,Forest,,,15200,9500,1.6,38.3,4.5,11,2.44,730,170,451.79,,28.38,1198,13,961.2,1031,,,,,,,,,,,,,Polygynandry,Sexbiased,Yes,,,,,730,170,571,,27,,,,,,,,,,,,,,,,,,,,,,,,,,,,,,,,,,,,,,,,,,,,,,,,,,,,,,,,,,,,,,,,,,,,,,,,,,,,,,,,23.5,57,961,0,,,,,,,,,,,,,,,,,,,,,,,,,,,,,,,,,,,,,,,,,,,,,,,,,,,,,,,,,,,,,,,,,,,,,,,,,,,,,,,,,,,,,,,,,,,,,,,,,,,,,,,,,,,,,,,,,,,
Macaca_tonkeana,OWM_Cercopithecidae_Macaca_tonkeana,,9.00393102,4.540098189,Trichromatic,Multimale,,Absent,Overlap,Low,Polygynandrous,176,,,No,11.95,14.9,9,D,Frugivore,BOTH,3,1,Forest,,,,,,,,,,,,,,,,,,,,,,,,,,,,,,,Polygynandry,Sexbiased,Yes,,,,,,173,,,28.4,,Multimale,No,,,10,14900,9000,1.656,24.66,12.72,1.939,14900,,,14900,0,0,0,0,0,0,0,0,0,0,0,0,0,,,,,,,,,,,,,,,,,,,,,,,,,,,,,,,,,,,,,,,,,,,,,,,,,,,,,,,,,,,,,,,,,,,,,,,,,,,,,,,,,,,,,,,,,,,,,,,,,,,,,,,,,,,,,,,,,,,,,,,,,,,,,,,,,,,,,,,,,,,,,,,,,,,,,,,,,,,,,,,,,,,,,,,,,
Mandrillus_leucophaeus,OWM_Cercopithecidae_Mandrillus_leucophaeus,1.01,9.61580548,4.997212274,Trichromatic,Unimale/Multimale,0.18,Absent,Overlap,High,Polygynandrous,173,,,No,20.375,20.75,9.25,D,Omnivore,BOTH,4,,Forest/Savanna/Rocky.areas,148,136,17500,12500,1.4,,,,,513.43,179,486.66,400.8,5.21,2032.9,24.3,1219.9,1533.7,,,,,,,4.1,,,,,Polygynandry,Polygynandry,Sexbiased,Yes,12500,126.3,722,1,547,181,471,5,39,0.161,Multimale,No,,,58,17500,12500,1.4,47.97,11.7,4.1,17500,27.3,28500,21167,2,1,1,0,0,1,0,0,1,1,7,7,24.5,,,,,,,,,,,,,,,,,,,,,,,,,,,,,,,,,,,,,,,,,,,,,,,,,,,,,,,,,,,,,,,,,,,,,,,,,,,,,,,,,,,,,,,,,,,,,,,,,,,,,,,,,,,,,,,,,,,,,,,,,,,,,,,,,,,,,,,,,,,,,,,,,,,,,,,,,,,,,,,,,,,,,,,,,
Mandrillus_sphinx,OWM_Cercopithecidae_Mandrillus_sphinx,1.02,10.06900199,5.036173078,Trichromatic,Unimale/Multimale,0.3,Absent,Overlap,High,Polygynandrous,175,348,0.67,No,23.6,34.4,12.8,D,Omnivore,T,3,,Forest,153.88,146.63,34400,12800,2.688,,,,,521.64,173,348.01,555.96,-0.76,1611.8,24.4,1259,1505.1,26.34,3,0.518,,,,5.263,,,,,Polygynandry,Polygynandry,Sexbiased,Yes,12800,136,898,1.07,526,175,307,5.04,40,0.171,Multimale,No,,,481.8,31600,12900,2.45,49.58,9.42,5.263,31600,58.86,26900,30033,1,1,1,0,0,2,0,1,1,1,8,8,32,,,,,,,,,,,,,,,,,,,,,,,,,,,,,,,,,,,,,,,,,,,,,,,,,,,,,,,23000,20667.9,167.83,75.77,180.97,49.87,330.52,436.7,121.34,315.36,12.24,1086.07,2332.1,2.8,23.1,,4,127610,,,,,,,,,,,,,,99260,71330,,,,,,,,,,,,,,,,,,,,,,,,,,,,,,,,,,,,,,,,,,,,,,,,,,,,,,,,,,,,,,,,,,,,,,,,,,,,,,,,,,
Microcebus_berthae,STR_Cheirogaleidae_Microcebus_berthae,,,,Dichromatic,Solitary,,Absent,Overlap,,Polygynandrous,,,,,0.03,0.03,0.04,N,Omnivore,AR,4,1,Forest,,,,,,,,,,,,,,,,,,,,,,,,,,,,,,,,,Yes,,,,,,,,,,,,,,,,,,,,,,,,,,,,,,,,,,,,,,,,,,,,,,,,,,,,,,,,,,,,,,,,,,,,,,,,,,,,,,,,,,,,,,,,,,,,,,,,,,,,,,,,,,,,,,,,,,,,,,,,,,,,,,,,,,,,,,,,,,,,,,,,,,,,,,,,,,,,,,,,,,,,,,,,,,,,,,,,,,,,,,,,,,,,,,,,,,,,,,,,,,,,,,,
Microcebus_murinus,STR_Cheirogaleidae_Microcebus_murinus,2,4.17438727,0.4885800148,Dichromatic,Solitary,2.41,Absent,Overlap,Low,Polygynandrous,60,40,0.4,Yes,0.06,0.063,0.0672,N,Gummivore,AR,1,1,Forest/Shrubland,1.63,1.66,63,67.2,0.938,1,1,1,,365,61,40.45,186,-18.95,851.2,24.1,897.1,1624.7,0.01,,,51,,,0.995,,,,,Spatial Polygyny,Solitary,Sexbiased,Yes,65,1.6,7.1,1.9,365,60,40,1.75,18.2,0.502,,,,,,,,,,,,,,,,,,,,,,,,,,,,,42.31,4.9,1.184466019,2.285714286,3,0.39047619,1,4,63,Seasonal,4,6,0.589041096,0.589041096,13.30684932,9.460273973,82.61365737,56.5,116.375,80.50423657,56.5,116.375,85.15577988,57,115,6.9625,5.4,10,6.716666667,5.5,9,67.88318694,51.85238095,95,67.20231954,51.85238095,88,68.7768254,54.64285714,95,17.96438356,17.96438356,15.93972603,8.826429451,8.808149068,8.624297902,0.158333333,0.12295082,0.077669903,1,31.5,58.8,897,1,,,,,,,,,,,,,,1.2,9.2,4.2,4,1688.33,99.03,234,85.2,134,1129,43,1.62,103,15.3,85.7,85.7,40.1,100,732.86,590,1.44,78.3,29.8,11.4,10.7,0.65,6.17,131.67,7.45,66.8,36.4,0.26,0.58,0.5,,,,,5.2,1.96,0.66,,38.5,0,0,0.45,21,0.0884443148,44.6,8.9,,,,0.5,13,988,,2.7,113,45.5,15.4,,,46,3496,,18.3,54.1,33.8,4,304,0,0,37,2812,5.55,,,8.41,,,,7.9,,,7.6,,,,,,,,,,,,,,,,
Microcebus_myoxinus,STR_Cheirogaleidae_Microcebus_myoxinus,2,,,Dichromatic,Solitary,,Absent,Overlap,,Polygynandrous,59,,,,0.04,0.0307,0.0307,N,Omnivore,AR,3,1,Forest,,,31,30,1.033,1,1,1,,,59.99,,,-20.08,822.6,24.8,930,1566,,,,,,,,,,,,,Solitary,,No,,,,,,,,,,,,,,,,,,,,,,,,,,,,,,,,,,,,,,,,,,,,,,,,,,,,,,,,,,,,,,,,,,,,,,,,,,,,,,,,,,,,,,,,,,,,,,,,,,,,,,,,,,,,,,,,,,,,,,,,,,,,,,,,,,,,,,,,,,,,,,,,,,,,,,,,,,,,,,,,,,,,,,,,,,,,,,,,,,,,,,,,,,,,,,,,,,,,,,,,,,,,,,,
Microcebus_ravelobensis,STR_Cheirogaleidae_Microcebus_ravelobensis,,,,Dichromatic,Solitary,,Absent,Overlap,Low,Polygynandrous,,,,Yes,0.055,0.0517,0.0583,N,Omnivore,AR,4,1,Forest,,,,,,,,,,,,,,,,,,,,,,,,,,,,,,,Solitary,,,,,,,,,,,,,,,,,,,,,,,,,,,,,,,,,,,,,,,,,,,,,,,,,,,,,,,,,,,,,,,,,,,,,,,,,,,,,,,,,,,,,,,,,,,,,,,,,,,,,,,,,,,,,,,,,,,,,,,,,,,,,,,,,,,,,,,,,,,,,,,,,,,,,,,,,,,,,,,,,,,,,,,,,,,,,,,,,,,,,,,,,,,,,,,,,,,,,,,,,,,,,,,,,
Microcebus_rufus,STR_Cheirogaleidae_Microcebus_rufus,2.52,3.761200116,0.5423242908,Dichromatic,Solitary,3.7,Absent,Overlap,Low,Polygynandrous,57,40,0.41,,0.04,0.0458,0.0435,N,Omnivore,AR,3,1,Forest,1.72,1.8,43,42,1.024,1,1,1,,,61,40,144,-19.32,1714.4,20,1319.6,1595.2,0.01,,,,,,0.939,,,,,Spatial Polygyny,Solitary,Sexbiased,No,,,,,73,61,40,,,,,,,,,,,,,,,,,,,,,,,,,,,,,,,,,,,,,,,,,,,,,,,,,,,,,,,,,,,,,,,,,,,,,,,,,,,,,,,,,,37.5,61.5,1320,1,,,,,,,,,,,,,,,,,,,,,,,,,,,,,,,,,,,,,,,,,,,,,,,,,,,,,,,,,,,,,,,,,,,,,,,,,,,,,,,,,,,,,,,,,,,,,,,,,,,,,,,,,,,,,,,,,,,
Miopithecus_talapoin,OWM_Cercopithecidae_Miopithecus_talapoin,1.01,7.090076836,3.688879454,Trichromatic,Multimale,2.13,Absent,Overlap,Low,Polygynandrous,162,180,0.53,No,1.25,1.38,1.12,D,Omnivore,BOTH,1,,Forest/Wetlands,37.35,34.76,1940,1560,1.244,66.5,10.2,20.4,2,365,169,178.98,370.8,-7.68,1043.1,23.2,1091.6,1517,0.8,2.4,2.378,43,,35,1.694,,,,,Polygynandry,Polygynandry,Sexbiased,Yes,1560,34.8,177.5,1,365,167,183,4.46,27,0.213,Multimale,No,1.5,13,64,1380,1120,1.232,11.35,6.7,1.694,1380,5.2,1250,1337,0,0,0,0,0,0,0,0,2,0,2,2,4,,,,,,,,,,,,,,,,,,,,,,,,,,,,,,,,,,,,,,,,,,,,,,,,,,,34.5,62.5,1092,0,,,,,,,,,,,,,,,,,,37963.11,1034.79,3374,826,2375,30166,27.8,,706,133,1908,1908,259,705,26427,,,,,,,,,2339,116,,,2.94,3.72,2.44,,,,,,,,,,,,,,,,,,,,,,,,,,,,,,,,,,,,,,,,,,,,,,,,,,,,,,,,,,,,,,,,,,,,
Mirza_coquereli,STR_Cheirogaleidae_Mirza_coquereli,1.71,5.743003188,1.757857918,Dichromatic,Solitary,1,Absent,Overlap,Low,Polygynandrous,87,136,0.61,Yes,0.31,0.3105,0.3125,N,Omnivore,AR,4,1,Forest,5.8,5.23,311,312,0.997,1,1,1,,365,89,136,183.6,-18.34,924.8,23.9,937.1,1597.7,0.03,,,,,,,,,,,Spatial Polygyny,Solitary,Sexbiased,No,312,5.8,17.5,1.7,365,86,86,1.92,17.4,0.447,,,,,,,,,,,,,,,,,,,,,,,,,,,,,,,0.818181818,1.576271186,2,0.576271186,1,2,90,NonSeasonal,0,0,0.821917808,1.408219178,12.83835616,13.70136986,302.4202918,250.6794118,357.8770833,298.309316,250.6794118,345.5,306.4066925,261.7291667,357.8770833,15.88333333,13.5,19.9,15.1,13.7,16.5,288.5283238,247,340,284.737619,247,326.65,293.3528571,248,340,19.97260274,18.05753425,19.97260274,12.99723825,12.70315119,12.45868497,0.35483871,0.194444444,0.295454545,1,,,,,,,,,,,,,,,,,,,,,,,,,,,,,,,,,,,,,,,,,,,,,,,,,,,,,,,,,,,,,,,,,,,,,,,,,,,,,,,,,,,,,,,,,,,,,,,,,,,,,,,,,,,,,,,,,,,,,,,
Otolemur_crassicaudatus,STR_Galagidae_Otolemur_crassicaudatus,1.14,6.745236349,2.332143895,Monochromatic,Solitary,0.67,Absent,Overlap,Low,Polygynandrous,135,135,0.5,Yes,1.15,1.19,1.11,N,Omnivore,AR,1,2,Forest/Savanna/Shrubland,11.78,11.06,1190,1110,1.072,6,1,,,365,130,124.62,225.6,-14.71,870.9,22,912.8,1482.6,0.06,,,,0,,1.229,,,,,Spatial Polygyny,Solitary,Sexbiased,No,1150,11.8,43.2,1.24,365,136,134,1.75,19.6,0.383,,,,,,,,,,,,,,,,,,,,,,,,,,,,,523,47.6,,,,,,,,,,,,,,,,,,,,,,,,,,,,,,,,,,,,,,,,,,,,,,,,,39.1,58.3,913,1,,,,,,,,,,,,,,2,16.3,4.8,4,9293.72,539.87,1414,384,785,6545,166,2.52,386,70,556,556,181,461,4372,3100,5.71,437,127,67.4,63.3,4.1,33.9,464.5,21.4,,,1.74,2.82,1.62,,,,,,,,,,,,,,,,,,,,,,,,,,,,,,,,,,,,,,,,,,,,,,,,,,,,,,,,,,,,,,,,,,,,
Otolemur_garnettii,STR_Galagidae_Otolemur_garnettii,1.02,6.638567789,2.442347035,Monochromatic,Solitary,,Absent,Overlap,Low,Polygynandrous,132,140,0.51,Yes,0.76,0.794,0.734,N,Omnivore,AR,1,2,Forest,11.5,10.24,794,734,1.082,,,,,215.95,132,139.2,204,-4.61,679.2,23.6,868.7,1602.4,0.12,,,,,,1.081,21,52.3,9.4,14.5,Spatial Polygyny,Solitary,Sexbiased,No,1188,10.9,52,1.76,365,132,140,1.63,18.3,0.497,,,,,,,,,,,,,,,,,,,,,,,,,,,,,412.3,47.8,1.344827586,1.104761905,1,0.895238095,1,2,129,NonSeasonal,0,0,0.591780822,0.75890411,14.64657534,10.83835616,1059.211256,729,1335,1137.079269,908.6666667,1304.125,976.4764923,729,1335,48.58947368,40,56.5,48.94166667,41.4,56.5,867.1568817,674,1087.966667,919.175,736,1087.966667,795.1317949,674,948.8666667,20.00547945,20.00547945,18.90684932,12.73030484,12.64461766,12.34750969,0.329059829,0.282051282,0.16091954,1,,,,,,,,,,,,,,,,,,,,,,,,,,,,,,,,,,,,,,,,,,,,,,,,,,,,,,,,,,,,,,,,,,,,,,,,,,,,,,,,,,,,,,,,,,,,,,,,,,,,,,,,,,,,,,,,,,,,,,,
Pan_paniscus,APE_Hominidae_Pan_paniscus,1.01,10.57387775,5.832732556,Trichromatic,Multimale,0.68,Absent,Overlap,Low,Polygynandrous,240,1080,0.82,No,39.1,45,33.2,D,Omnivore,BOTH,4,1,Forest,341.29,326.25,45000,33200,1.355,85.1,7,10.9,1.56,1715.5,232,1081.31,576,-1.66,1611.2,25,1538.7,1601.6,27.93,2.4,0.4025,,15,2,1.384,35.2,14.5,37.4,,Polygynandry,Polygynandry,Sexbiased,Yes,33200,326.3,1447,1,1751,231,1094,14.2,54.5,0.047,Multimale,No,,8,30.5,45000,33200,1.355,15.56,11.24,1.384,45000,135.2,39100,43033,0,0,0,0,0,0,0,0,0,0,0,0,0,,,,,,,,,,,,,,,,,,,,,,,,,,,,,,,,,,,,,,,,,,,,,,,,,,,,,,,,,,,,,,,,,,,,,,,,327248.04,4152.02,44900,,,,,,,,10045,,,3305,227900,142900,,,,,,,,11600,275,,1369.51,5.78,15,8.18,531.33,1729.67,719,3279,3.788611111,1.196130952,0.5365038363,281.0724206,,1,108,0.2161309524,10.72896825,22.12020147,16.59275794,9.28015873,,245.9248016,142.6448413,0.7320436508,4.583333333,544.8636364,,3.269960317,79.19880952,41.24634199,13.27805195,312.9818182,,34.08863636,4134.206061,,23.34404762,72.42169913,32.2095671,2.56969697,294.9424242,2.928571429,363.1666667,58.51829004,7307.366667,3.857043651,382.2032468,,5.705130952,16.9202381,33.62837302,140.3335317,7.058571429,85.09384921,,12.32340909,,25.35844156,,,,,,,,,,,,,,
Pan_troglodytes,APE_Hominidae_Pan_troglodytes,1.05,10.71368417,5.909033573,Trichromatic,Multimale,4.49,Absent,Overlap,High,Polygynandrous,235,1680,0.88,No,53.7,60,47.4,D,Omnivore,BOTH,4,1,Forest/Savanna,368.35,350.54,49566.7,40366.7,1.228,63.1,8.7,25.2,2.9,1825,229,1260.81,720,2.2,1497.2,24.2,1297.1,1558.1,10.85,3.8,1.0224,66,26,7,1.423,57.63,12.15,30.23,23.5,Polygynandry,Polygynandry,Sexbiased,Yes,40367,356.8,1845.5,1.1,1985,235,1460,13.25,59.4,0.049,Multimale,No,1,10,47.8,59700,45800,1.303,21.72,15.26,1.423,59700,128.9,44670,54690,0,0,0,0,0,0,0,0,0,0,0,0,0,9000,581.9,,,,,,,,,,,,,,,,,,,,,,,,,,,,,,,,,,,,,,,,,,,,,,,,,,,,,,,,,,,,,,,,,,2.7,20.9,64.3,4,342043.79,6027.39,46879.55,3739,15392,313493,257,,2750,851,7137.41,12246,2018,3009.74,253761.83,157180,53.6,7543.48,1739,2078,1951,127,630,8847,269,,1586.27,10.18,24.64,15.68,1273,1350,337.33,3133.33,3.661501946,1.029455462,0.4992693194,259.5360815,30.55370019,0.2730779728,31.07634079,0.2779348496,11.75417021,44.03515657,13.64439605,9.40047928,102.4925931,208.2881473,286.8590622,0.9957455967,2.365848949,256.5443021,30.63857786,3.639803634,92.91173519,42.86092909,14.58102717,337.8678263,33.09630802,40.00408926,4390.151951,1.82007384,26.67278207,81.00498813,32.66057318,2.753613496,291.212075,0.7512419683,107.5571867,53.96664356,6412.181967,3.401281522,271.1759416,3.706690832,5.264794597,23.87067459,36.01774481,140.553425,7.299292858,85.33367259,2.545147266,11.42940615,,25.23827232,25.0005042,18.58,70.92643117,5.075,65.42512077,92.25341847,156.1442786,99.56431604,138.8061417,,,,,
Papio_anubis,OWM_Cercopithecidae_Papio_anubis,1.01,9.80642584,5.120505625,Trichromatic,Multimale,3.47,Absent,Overlap,High,Polygynandrous,180,584,0.76,No,16.65,21.1,12.2,D,Omnivore,BOTH,1,3,Forest/Savanna/Shrubland/Grassland,167.42,152.45,23000,13300,1.729,57.7,7.2,17.5,2.43,752.81,178.96,596.6,302.4,8.04,982.4,24.3,1020.2,1584.1,4.83,4.6,1.8549,42.3,25.1,6.7,2.221,36.1,24.1,26.2,13.8,Polygynandry,Polygynandry,Sexbiased,Yes,13300,155.3,947.5,1,757,180,420,6.92,31.6,0.111,Multimale,No,2,14,49.3,25100,13300,1.887,35.43,15.95,2.221,25100,78.42,26400,25533,0,0,1,0,0,0,0,0,0,0,1,1,4,2940,342.9,,,,,,,,,,,,,,,,,,,,,,,,,,,,,,,,,,,,,,,,,,,,,,,,,27.3,29.8,1020,0,,,,,,,,,,,,,,,,,,192076.56,5171.17,18683,2711,9280,154987,287,,2111,559,7182,7182,1309,3398,140142,,65.4,4788,1076,1241,1147,94.7,601,10001,,,,12.32,14.88,9.24,,,,,,,,,,,,,,,,,,,,,,,,,,,,,,,,,,,,,,,,,,,,,,,,,,,,,,,,,,,,,,,,,,,,
Papio_cynocephalus,OWM_Cercopithecidae_Papio_cynocephalus,1.01,9.749753453,5.094915166,Trichromatic,Multimale,4.31,Absent,Overlap,High,Polygynandrous,173,365,0.68,No,17.05,21.8,12.3,D,Omnivore,AR,1,2,Forest/Savanna,163.19,156.13,22300,12000,1.858,55,7,19.4,2.77,669.16,172.99,450.42,540,-5.96,864.2,23,876.6,1524,14.95,5.9,1.3523,62,21,5,3.003,43.3,25.4,20.2,6.46,Polygynandry,Polygynandry,Sexbiased,Yes,12000,149.5,770,1,707,175,456,5.99,34.1,0.126,Multimale,No,1.3,8,55.3,21800,12300,1.772,27.39,9.12,3.003,21800,52,24320,22640,0,0,1,0,0,0,0,0,0,0,1,1,2,5784,668.9,,,,,,,,,,,,,,,,,,,,,,,,,,,,,,,,,,,,,,,,,,,,,,,,,,,,,,,,,,,,,,,,,,,,,,144300,,13783.33,,,,,,,,,,,,100100,65000,,,,,,,,,,,,,,,,,,,,,,,,,,,,,,,,,,,,,,,,,,,,,,,,,,,,,,,,,,,,,,,,,,,,,,,,,,,,,,,,,,
Papio_papio,OWM_Cercopithecidae_Papio_papio,,,,Trichromatic,Multimale,0.55,Absent,Overlap,Low,Polygynandrous,187,,,,17.5,23,12,D,Omnivore,BOTH,2,,Forest/Savanna/Grassland,,,,,,,,,,,,,,,,,,,,,,,,,,,,,,Harem Polygyny,Polygynandry,Sexbiased,,,,,,,,,,,,,,,,,,,,,,,,,,,,,,,,,,,,,,,,,297.3,,,,,,,,,,,,,,,,,,,,,,,,,,,,,,,,,,,,,,,,,,,,,,,,,,,,,,,,,,,,,,,,,,,,,,,,,,,,,,,,,,,,,,,,,,,,,,,,,,,,,,,,,,,,,,,,,,,,,,,,,,,,,,,,,,,,,,,,,,,,,,,,,,,,,,,,,,,,,,,,,,,,,,,
Papio_ursinus,OWM_Cercopithecidae_Papio_ursinus,1.01,10.01234196,5.18178355,Trichromatic,Multimale,12.3,Absent,Overlap,High,Polygynandrous,187,,,No,22.3,29.8,14.8,D,Omnivore,T,1,2,Forest/Savanna/Shrubland/Grassland/Rocky.areas/Desert,178,165,29800,14800,2.014,34.7,6.7,13.9,2.07,882.08,185.92,877.09,540,-24.42,419,18.5,581.8,1264.6,9.12,5.6,1.6434,,12,1,3.839,45,23.5,22,9.5,Polygynandry,Polygynandry,Sexbiased,No,14800,165,850,1,882,187,502,3.67,32.6,0.133,Multimale,Yes,2,7,48.7,29800,14800,2.014,46.53,12.12,3.839,29800,69.76,26075,28558,0,0,1,0,0,0,0,0,0,0,1,1,2,5147,589.3,,,,,,,,,,,,,,,,,,,,,,,,,,,,,,,,,,,,,,,,,,,,,,,,,,,,,,,,,,,,,,,,,,,,,,,,,,,,,,,,,,,,,,,,,,,,,,,,,,,,,,,,,,,,,,,,,,,,,,,,,,,,,,,,,,,,,,,,,,,,,,,,,,,,,,,,,,,,,,,,,,,,,,,
Pongo_abelii,APE_Hominidae_Pongo_abelii,,10.94641094,5.964863865,Trichromatic,Solitary,0.82,Absent,Overlap,Low,Polygynandrous,250,720,0.74,No,56.75,77.9,35.6,D,Frugivore,AR,5,1,Forest,389.5,341.21,84482.5,41148,2.053,,,,,,,,,,,,,,,,,,,,1.71,,,,,Spatial Polygyny,Solitary,Bisexual,,41148,346.1,1969,1,3397,243,2009,15.4,59,0.025,,,,,1.6,77900,35600,2.188,28,16.37,1.71,77900,,,77900,1,0,1,1,0,1,0,0,0,0,4,4,18,,,,,,,,,,,,,,,,,,,,,,,,,,,,,,,,,,,,,,,,,,,,,,,,,,,,,,,,,,,,,,,,,,,,,,,,333880,,,,,,,,,,,,,,,,,,,,,,,,,,,,,,397,1214,665,2313.5,,,,,,,,,,,,,,,,,,,,,,,,,,,,,,,,,,,,,,,,,,,,,,,,,,,,,,,,,,,,,,,,
Pongo_pygmaeus,APE_Hominidae_Pongo_pygmaeus,1.07,10.95343467,5.933252637,Trichromatic,Solitary,0.08,Absent,Overlap,Low,Polygynandrous,250,720,0.74,No,57.15,78.5,35.8,D,Frugivore,AR,5,1,Forest,377.38,337.72,80136.9,36947.6,2.169,2,1,1,1,2007.5,249,1088.8,720,1.33,2587,23.8,1676.6,1691.7,3.88,0.5,0.225,64,18,3,1.693,42.4,15.4,41,1.2,Spatial Polygyny,Solitary,Bisexual,,36948,337.7,1968.1,1,2685,250,1936,15.7,56.3,0.031,,,,9,1.2,78500,35800,2.193,27,15.95,1.693,78500,35.3,74640,77213,1,0,1,1,0,1,0,0,0,0,4,4,10,4941,569.1,,,,,,,,,,,,,,,,,,,,,,,,,,,,,,,,,,,,,,,,,,,,,,,,,,,,,,,,,,,,,,,,,,2.6,21.5,,2,362486.47,5303.23,44765,4000,13500,238300,,,,600,8264.22,,,2614,266455.56,166466.67,,7666.67,,,,,,8320,259,1000,1269.4,12.62,25.64,24.22,512,2054,662,3289,4.29057423,1.390563187,0.5703220866,327.3032628,,1,119.25,0.5697839506,15.48306878,49.23980826,16.80151146,9.66212522,106.4,210.1819139,142.280754,0.978813933,2.957556936,344.5880952,,3.208850733,98.4489418,40.25008377,12.50710317,256.254304,,45.22517637,5405.330115,,24.812403,79.84149912,31.03992063,3.013447972,335.265873,1.142857143,141.5714286,49.98866843,5993.138801,4.099964727,256.3201465,4.06930776,5.045780423,13.53258377,17.6425485,140.1450617,7.36292328,74.30260989,,11.99423721,,23.63736264,,,,,,,,,,300,7.8,,,
Prolemur_simus,STR_Lemuridae_Prolemur_simus,1,7.673223121,3.301008654,,Unimale/Multimale,,Absent,Overlap,Low,Polygynandrous,149,,,No,1.98,1.769,2.2,CA,Folivore,AR,5,1,Forest,,,2150,1300,1.654,7,1,1,1,,142,,144,-21.76,1746.4,18.9,1334.9,1505.3,0.62,,,,,,,30.6,20.3,33.6,,,Polygynandry,Bisexual,,,,,,,142,,,17.6,,,,,,,,,,,,,,,,,,,,,,,,,,,,,,,,,,,,,,,,,,,,,,,,,,,,,,,,,,,,,,,,,,,,,,,,,,,,,,,,,,,,,,,,,,,,,,,,,,,,,,,,,,,,,,,,,,,,,,,,,,,,,,,,,,,,,,,,,,,,,,,,,,,,,,,,,,,,,,,,,,,,,,,,,,,,,,,,,,,,,,,,,,,,,,,,,,,,,,
Propithecus_coquereli,STR_Indriidae_Propithecus_coquereli,1,8.22389538,3.407510744,Polymorphic,Pair/Unimale/Multimale,,Absent,Overlap,Low,Polygynandrous,,,,,3.785,3.703,3.756,D,Folivore_frugivore,AR,5,1,Forest,30.19,,3700,3757,0.985,5.5,,,1.45,365,140.99,180.96,,-15.49,1347.9,25.1,982.6,1753,,,,,,,,,,,,,Polygynandry,Bisexual,,,,,,,,,,,,,,,,,,,,,,,,,,,,,,,,,,,,,,,,,,1.086206897,1,1,1,1,1,160,Seasonal,8,1,2.635616438,2.597260274,22.35890411,29.75616438,4028.746725,3003.166667,5444.614286,3892.49495,3233.027778,4751.307692,4185.183948,3003.166667,5444.614286,105.6354762,73,131.5,106.0370968,73,124,3925.493762,3141.140351,4704.290123,3799.684029,3141.140351,4645,4038.060366,3315,4704.290123,30.5890411,30.5890411,25.85479452,9.968455467,9.578435394,10.13835706,0.24,0.26984127,0.155172414,1,,,,,,,,,,,,,,,,,,,,,,,,,,,,,,,,,,,,,,,,,,,,,,,,,,,,,,,,4.773739496,2.366526611,,225.0930014,137.9640625,0.1530112045,9.532212885,0.193977591,25.15707672,2.684773929,34.52354692,10.55504202,109.1494709,95.75665266,282.45,0.7557773109,0.8336834734,53.29166667,12.33838384,2.223739496,144.7794312,38.82267007,12.98988095,470,12.69247312,41.21848739,2500.969538,1.682896552,16.75819328,49.80038515,33.79325397,4.470588235,299.4460784,0,0,53.26295518,3770.44923,4.865861345,,4.268503401,7.793704482,23.51470588,52.01470588,149.2638889,7.004831933,66.7922043,0.3333333333,6.460784314,,,,,,,,,,,,,,,,
Propithecus_edwardsi,STR_Indriidae_Propithecus_edwardsi,,8.645058562,3.676047475,Polymorphic,Pair/Unimale/Multimale,8.33,Absent,Overlap,High,Polygynandrous,179,210,0.54,No,5.74,5.59,5.895,D,Folivore_frugivore,AR,4,1,Forest,39.49,40.24,5468.8,5895,0.928,4.6,1.46,1.44,0.99,,,,,-21.39,1672.6,18.3,1329,1496.3,0.004,,,30.4,28.2,0,,,,,,,Polygynandry,Bisexual,No,5682,39.5,,,,179,365,,,,,,,,,,,,,,,,,,,,,,,,,,,,,,,,,,,,,,,,,,,,,,,,,,,,,,,,,,,,,,,,,,,,,,,,,,,,,,,,,,,,,,,,,,,,,,,,,,,,,,,,,,,,,,,,,,,,,,,,,,,,,,,,,,,,,,,,,,,,,,,,,,,,,,,,,,,,,,,,,,,,,,,,,,,,,,,,,,,,,,,,,,,,,,,,,,,,,,,,
Propithecus_tattersalli,STR_Indriidae_Propithecus_tattersalli,,,,Polymorphic,Pair/Unimale/Multimale,,Absent,Overlap,Low,Polygynandrous,170,153,0.47,No,3.5,3.39,3.59,D,Folivore_frugivore,AR,5,1,Forest,,,3390,3590,0.944,4.1,,,0.83,,,152.13,240,-13.08,1044.9,25.2,1149,1476,0.06,,,46.2,38.7,0,,,,,,,Polygynandry,Bisexual,,,,,,,,155,,20,,,,,,,,,,,,,,,,,,,,,,,,,,,,,,,,,,,,,,,,,,,,,,,,,,,,,,,,,,,,,,,,,,,,,,,,,,,,,,,,,,,,,,,,,,,,,,,,,,,,,,,,,,,,,,,,,,,,,,,,,,,,,,,,,,,,,,,4.466666667,,0.698893,97.66666667,126.3333333,0,0,0.2666666667,28.33333333,2.896972222,28.16666667,11.1,105.6666667,124.6666667,215,1.166666667,2.666666667,210.6666667,11,1.866666667,140.6666667,38.33333333,12.5,,43.66666667,13,1279.666667,1.833333333,17.96666667,55.1,32.6,4.333333333,453,0,0,66,7048.666667,4.033333333,689,5.8,6.93,24.33333333,19.66666667,144.6666667,6.333333333,167.3333333,,10.7,,,,,,,,,,,,,,,,
Propithecus_verreauxi,STR_Indriidae_Propithecus_verreauxi,1.02,7.99125393,3.266141017,Polymorphic,Pair/Unimale/Multimale,5.77,Absent,Overlap,High,Polygynandrous,162,180,0.53,No,2.91,2.885,2.87,D,Folivore_frugivore,AR,5,1,Forest/Shrubland,26.21,24.92,2930,2980,0.983,5,1.7,2.8,1.65,365,148,177.83,247.2,-22.63,581.3,23.5,800.5,1657.3,0.03,0.85,4.3491,24,65,0,1.061,,,,3.8,Polygynandry,Polygynandry,Bisexual,No,2955,26.2,99.7,1.17,624,159,183,6,30.5,0.148,Multimale,No,1.7,2.5,6,3250,2950,1.102,8.41,7.93,1.061,3250,3.24,578,2359,0,0,0,0,0,0,0,0,0,0,0,0,0,670,86.8,,,,,,,,,,,,,,,,,,,,,,,,,,,,,,,,,,,,,,,,,,,,,,,,,39.5,43,800,2,,,,,,,,,,,,,,2.3,17.7,,6,25322.4,1222.63,3957,780,2195,17040,147,3.4,664,159,1411,1411,443,1043,12843.33,9840,14.6,1341,328,283,263,20,125,1260.67,69.07,292,251,3.36,3.92,3.24,,,,,,,,,,,,,,,,,,,,,,,,,,,,,,,,,,,,,,,,,,,,,,,,,,,,,,,,,,,,,,,,,,,,
Rungwecebus_kipunji,OWM_Cercopithecidae_Rungwecebus_kipunji,,,,Trichromatic,Multimale,,Absent,Overlap,Low,Polygynandrous,,,,,10,10,,D,Omnivore,AR,5,1,Forest,,,,,,,,,,,,,,,,,,,,,,,,,,,,,,,Polygynandry,Sexbiased,,,,,,,,,,,,,,,,,,,,,,,,,,,,,,,,,,,,,,,,,,,,,,,,,,,,,,,,,,,,,,,,,,,,,,,,,,,,,,,,,,,,,,,,,,,,,,,,,,,,,,,,,,,,,,,,,,,,,,,,,,,,,,,,,,,,,,,,,,,,,,,,,,,,,,,,,,,,,,,,,,,,,,,,,,,,,,,,,,,,,,,,,,,,,,,,,,,,,,,,,,,,,,,,
Saimiri_boliviensis,PLA_Cebidae_Saimiri_boliviensis,1.02,,,Polymorphic,Multimale,1.19,Absent,Overlap,Low,Polygynandrous,,,,Yes,0.88,1.02,0.75,D,Omnivore,AR,1,1,Forest,,,1020,750,1.36,60,,,,,157.79,,363.6,-11.05,1715,24.3,1417.9,1535,,,,,,,1.614,,,,,,Polygynandry,Sexbiased,Yes,,,,,,158,,,30.3,,Multimale,No,2.6,,60,911,711,1.281,6.65,4.12,1.614,911,,1020,947,0,0,0,0,0,0,0,0,0,0,0,0,0,,,,,,,,,,,,,,,,,,,,,,,,,,,,,,,,,,,,,,,,,,,,,,,,,,,20.5,75.3,1418,0,1003,986.42,29.01,6.47,7.8,6.7,19.43,25.3,5.95,19.35,1.09,66.79,16.58,,,,,,,,,,,,,,,,,,,,,,,,,,,,,,,,,,,,,,,,,,,,,,,,,,,,,,,,,,,,,,,,,,,,,,,,,,,,,,,,,,,,,,,,,,,,,,,,,,,,,,
Saimiri_oerstedii,PLA_Cebidae_Saimiri_oerstedii,1.01,6.670766321,3.221671912,Polymorphic,Multimale,,Absent,Overlap,Low,Polygynandrous,,,,Yes,0.79,0.897,0.68,D,Omnivore,AR,3,1,Forest,25.07,25.52,897,680,1.319,55.3,10,8.9,0.89,,161,362.93,,8.77,2280,26.6,1440,1755,0.1,3.4,9.5285,,0,20,,,,,13.9,Polygynandry,Polygynandry,Sexbiased,Yes,,,,,,161,,,,,Multimale,No,,10,50,897,680,1.319,7.38,4.5,1.64,897,,,897,0,0,0,0,0,0,0,0,0,0,0,0,0,,,,,,,,,,,,,,,,,,,,,,,,,,,,,,,,,,,,,,,,,,,,,,,,,,,38.5,73,1440,0,,,,,,,,,,,,,,,,,,,,,,,,,,,,,,,,,,,,,,,,,,,,,,,,,,,,,,,,,,,,,,,,,,,,,,,,,,,,,,,,,,,,,,,,,,,,,,,,,,,,,,,,,,,,,,,,,,,
Saimiri_sciureus,PLA_Cebidae_Saimiri_sciureus,1,6.683360946,3.183870216,Polymorphic,Multimale,0.55,Absent,Overlap,Low,Polygynandrous,170,168,0.5,No,0.82,0.92,0.723,D,Omnivore,AR,1,1,Forest,24.14,24.02,855,742.5,1.152,38,4.3,7.9,1.84,383.25,161,177.41,324,-0.64,1868.6,25.3,1461.1,1606.7,0.68,1.8,1.9345,28,0,72,1.411,,,,2.9,Polygynandry,Polygynandry,Bisexual,No,763,23.5,109.5,1,365,171,183,3.86,30.3,0.23,Multimale,No,,7,32.5,779,662,1.177,7.1,5.02,1.414,779,3.2,780,779,0,0,0,0,0,0,0,0,0,0,0,0,0,592,68.8,,,,,,,,,,,,,,,,,,,,,,,,,,,,,,,,,,,,,,,,,,,,,,,,,25.4,61.1,1461,0,,,,,,,,,,,,,,1.9,15.5,40.5,6,22429.26,721.53,2023.64,526,1430,17635,26.8,0.99,413,90.6,1042,1042,168,352,15946.83,11448,8.86,731,207,180,169,11.5,117,1657,62.9,186,277,1.52,1.68,1.64,,,,,3.981094637,1.521304494,0.5940887064,230.4281929,,0.4285714286,24.07142857,0.1,23.32937874,0.8625745986,27.32772595,8.722838273,113.5714286,167.8907496,782.6428571,0.8939253321,1.824104368,92.12314815,33.9,2.76958011,78.92697927,45.75696707,14.01532097,190.001862,11.875,52.84969059,2160.139394,,19.06452138,61.94633545,30.89029512,2.222572566,227.572807,0,0,42.88790424,2235.685185,4.227488468,,3.670652174,7.38877534,112.0543275,79.87638889,152.3571429,6.71305004,53.13636364,,7.8969546,,,,,,,,,,,,,,,,
Sapajus_apella,PLA_Cebidae_Sapajus_apella,1.05,7.98480339,4.199154927,Polymorphic,Multimale,1.31,Absent,Overlap,High,Polygynandrous,154,261,0.63,No,3.01,3.64,2.39,D,Omnivore,AR,1,1,Forest/Savanna,66.63,64.32,3382.8,2489.1,1.359,12.9,3.6,4.9,1.36,657,158,263.12,541.2,-10.77,1541.9,24.1,1291.8,1516.9,0.88,2.1,1.9839,52,10,20,1.455,52.7,,,9.9,Polygynandry,Polygynandry,Sexbiased,,2501,64.2,208.9,1,587,152,265,6.68,46,0.135,Multimale,No,,2,18,3650,2520,1.448,14.1,9.69,1.455,3650,9.1,4800,4033,0,0,0,0,0,0,0,0,0,0,0,0,0,,,,,,,,,,,,,,,,,,,,,,,,,,,,,,,,,,,,,,,,,,,,,,,,,,,24,45,1292,1,1750,1574.3,50.76,13.38,29.3,10.4,49.28,44.41,7.98,36.43,1.25,148.02,175.7,2.2,14.1,46.8,4,66475,,6475,,,,,,,,,,,,45000,31900,,,,,,,,,,,,,,,,,,,,,,,,,,,,,,,,,,,,,,,,,,,,,,,,,,,,,,,,,,,,,,,,,,,,,,,,,,,,,,,,,,
Loris_tardigradus,STR_Lorisidae_Loris_tardigradus,1.44,5.262690189,1.769854634,Monochromatic,Solitary,0.87,Absent,Overlap,Low,Polygynandrous/Monogamous,166,170,0.51,No,0.19,0.192,0.193,N,Insectivore,AR,4,1,Forest,5.87,5.93,192,193,0.995,2,1,1,1,182.5,166,167.49,196.8,6.75,1472.7,25.2,1550.5,1555,0.007,,,,,,0.985,,,,,Spatial Polygyny,Solitary,Bisexual,,193,5.5,11,1.25,183,171,135,1.39,19.3,0.674,,,,,,,,,,,,,,,,,,,,,,,,,,,,,128,14.8,0.909090909,1.020408163,1,0.979591837,1,2,167,NonSeasonal,0,0,0.994520548,1.038356164,13.37808219,11.63561644,184.9104366,152,219.6494253,185.7069079,152,219.6494253,184.1670635,159.5718519,219,11.53333333,8,14.5,12.25,10,14.5,173.7096065,146.5,219.8333333,180.7595238,160.3333333,219.8333333,163.8397222,146.5,181.3333333,21.53972603,21.53972603,18.64109589,13.38154992,13.93679182,12.34905591,0.34,0.15,0.272727273,1,,,,,,,,,,,,,,,,,,1.2,14.9,,2,6560.13,287.23,728,220,538,4551,85.8,2.3,256,41.1,351,351,99.7,191,3524,,3.21,348,80.9,45.2,41.4,3.79,15.7,529,24.6,,,1.06,1.12,0.94,6,12,6,,4.233333333,1.3985,,138,553,0.3333333333,43,0.4333333333,21.33333333,0.1679395336,31.7,9.4,108,,102,0.3666666667,0.3333333333,43,,3.5,107.8333333,40.63333333,13.7,,,32.33333333,1700.333333,,24.86666667,73.9,33.66666667,1.666666667,124,0,0,65.33333333,4247,4.325,,4.8,5.513333333,66,74.16666667,146,7.933333333,,,7,,,,,,,,,,,,,,,,
Propithecus_diadema,STR_Indriidae_Propithecus_diadema,1.01,8.720950029,3.683866912,Polymorphic,Unimale/Multimale,12,Absent,Overlap,High,Polygynandrous/Monogamous,178,183,0.51,No,6.105,6.05,6.21,D,Folivore_frugivore,AR,5,1,Forest,39.8,40.51,6050,6210,0.974,5.38,1,1.25,1.25,745.2,157,256.27,,-17,1838.3,19.8,1343.2,1613.8,0.21,,,15.1,48.8,0,0.88,25,23,47,5,Polygynandry,Polygynandry,Bisexual,,6130,38.3,145,1,557,179,183,5.33,21,0.131,,,,,,,,,,,,,,,,,,,,,,,,,,,,,,,,,,,,,,,,,,,,,,,,,,,,,,,,,,,,,,,,,,,,,,,,,,,,,,,51,63,1343,2,,,,,,,,,,,,,,2.7,20.2,,6,,,,,,,,,,,,,,,,,,,,,,,,,,,,,,,,,,,,,,,,,,,,,,,,,,,,,,,,,,,,,,,,,,,,,,,,,,,,,,,,,,,,,,,,,,,,,,,,,,
Saguinus_oedipus,PLA_Callitrichidae_Saguinus_oedipus,1.9,6.06610809,2.2782924,Polymorphic,Multimale,0.25,Present,Overlap,Low,Polygynandrous/Monogamous,168,50,0.23,No,0.41,0.418,0.404,D,Omnivore,AR,5,1,Forest,9.76,9.92,416.6,445.1,0.936,5.8,2.7,1.7,0.63,233.06,178,49.85,277.2,9.22,1202.9,26.3,1367.1,1586.1,0.06,1.9,6.8742,,5,37,1,,,,,Polyandry,Pair,Bisexual,No,431,9.7,43.3,1.9,333,160,76,1.89,26.2,0.508,Polyandrous,No,,2,6,418,404,1.035,5.65,5.65,1,418,3.4,520,452,0,0,0,0,0,0,0,0,0,0,0,0,0,449.5,,,,,,,,,,,,,,,,,,,,,,,,,,,,,,,,,,,,,,,,,,,,,,,,,,28,54.7,1367,2,624,560.8,9.97,3.68,7.45,3.15,20.89,12.67,2.35,10.32,0.33,48.15,63.2,1.5,11.8,25.9,6,9472.91,413.31,984,333,754,7052,19.1,0.41,256,60.5,453,453,107,262,5894,,4.93,410,152,77.6,73.2,4.45,50.5,807,33,,,1.08,1,1.24,14,26,12,52,,,,,,,,,,,,,,,,,2.147897898,234.1432432,,,,43.60205426,14.03043605,,,31.80231755,3215.424408,,24.73246124,76.84069767,32.21990795,5.509871032,606.1646825,,,61.34378698,7094.441913,,338.1471415,,5.672955911,,,,,,,11.11071569,,,,,,,,,,,,,,,,
Varecia_rubra,STR_Lemuridae_Varecia_rubra,,8.151909873,3.436564525,Polymorphic,Multimale,,Absent,Discrete,Low,Polygynandrous/Monogamous,102,89,0.47,Yes,3.265,3.55,3.47,D,Frugivore,AR,5,1,Forest,31.08,31.08,3600,3340,1.078,4.19,,,,,,,,,,,,,,,,86,4,0,,,,,,,Polygynandry,Sexbiased,,,,,,,98,,,37.5,,,,,,,,,,,,,,,,,,,,,,,,,,,,,,,,0.971014493,2.203125,3,0.375,1,4,103,Seasonal,1,4,1.654794521,1.77260274,24.24931507,33.35616438,3633.48662,2710.5,4301.25,3621.166366,3128.5,4220,3643.128558,2710.5,4301.25,110.8970588,68,155.5,111.4375,82,155.5,3448.020015,2623.90625,4190.5,3471.040268,2765,4190.5,3427.557569,2623.90625,4050,37.54246575,34.37260274,37.54246575,21.36428164,21.04294946,20.97040145,0.156028369,0.179104478,0.072463768,1,,,,,4200,3135.22,35.74,18.11,39.57,22.41,72.22,82.57,29.29,53.28,4.49,239.37,1064.78,,,,,,,,,,,,,,,,,,,,,,,,,,,,,,,,,,,,,,,5.575490196,3.416240741,,426.2813725,1842.020833,0.1481481481,7.111111111,0.2990740741,17.5962963,2.873008751,21.35842593,9.969166667,105.0092593,64.46176471,515.5044444,0.8113888889,1.065740741,90.87222222,11.10185185,1.772407407,119.0764706,47.24518519,15.16509259,912.6666667,1.985416667,41.87314815,2720.493519,2.308020833,17.29027778,54.22675926,31.95453704,3.696296296,271.3657407,0,0,54.96851852,3517.509259,5.465392157,,4.753240741,8.740583333,28.25098039,94.13823529,145.1407407,7.399259259,29.99019608,0.07,6.85754902,,,,,,,,,,,,,,,,
Varecia_variegata,STR_Lemuridae_Varecia_variegata,2.16,8.181720455,3.469478889,Polymorphic,Pair/Multimale,10,Absent,Discrete,High,Polygynandrous/Monogamous,102,89,0.47,Yes,3.55,3.63,3.52,D,Frugivore,AR,5,1,Forest,32.12,31.17,3630,3520,1.031,2.8,2.5,1.42,0.57,365,99,90.73,384,-19.18,1885.8,19.9,1351.4,1564,1.39,1.021,0.7675,90,6,0,1.038,26.78,13.2,53.03,3.5,Monogamy,Pair,Sexbiased,No,3575,30.3,86.1,2.23,365,102,146,2.72,36,0.428,,,,,,,,,,,,,,,,,,,,,,,,,,,,,603.63,69.9,1.253731343,1.915662651,2,0.445783133,1,4,104,Seasonal,1,4,1.594520548,2.663013699,23.39726027,31.82465753,3509.232783,2903.25,4209.674797,3473.620249,2903.25,4129.291667,3555.232306,2935.333333,4209.674797,106.6269231,68,137,104.54,68,129.5,3166.745693,2459.5,3726.25,3175.683474,2459.5,3726.25,3147.818627,2569,3580.5,39.38630137,39.38630137,35.75890411,15.43648215,16.08345337,14.97655268,0.264150943,0.19047619,0.298507463,0.75,,,,,,,,,,,,,,,,,,2.2,18.5,,4,30064.51,1420,4286,1018,2529,20461,369,5.27,985,206,1591,1591,608,1404,15293,,,,,,,,,1745,68.9,,,3.22,5.3,6.26,88,88,24,200,5.664,3.031018519,0.7410493021,322.4833333,1346.964286,0,0,0.3623333333,15.30333333,3.124187406,19.1255,10.43166667,102.5208333,61.3625,539.125,0.8436666667,1.361111111,117.2,8.044444444,2.096333333,105.6533333,48.9685,15.96433333,672,2.875,45.67777778,3948.727778,2.14,17.1675,51.71592593,32.23733333,2.772222222,284.4722222,0,0,50.18888889,5116.822222,5.66,375.2916667,5.197037037,9.4034,46.59259259,56.45,145.7740741,7.752333333,33.56666667,0.05,9.533833333,,,,,,,,,,,,,,,,
Allochrocebus_lhoesti,OWM_Cercopithecidae_Allochrocebus_lhoesti,1,8.457443187,4.30676415,Trichromatic,Unimale,,Absent,Overlap,Low,Polygynous,,,,No,5.5,7,3,D,Omnivore,T,3,1,Forest/Shrubland/Wetlands,74.2,67.3,5970,3450,1.73,,,,,485.45,,,192,-1.13,1271.3,22.6,1418.5,1597.6,,,,24.5,35.2,8.8,1.84,,,,11.4,Harem Polygyny,Polygyny,Sexbiased,Yes,,,,,485,,,,24.1,,Polygynous,Yes,,,23.5,5970,3450,1.73,19.93,10.82,1.842,5970,,,5970,0,0,0,0,0,0,0,0,1,0,1,1,4,,,,,,,,,,,,,,,,,,,,,,,,,,,,,,,,,,,,,,,,,,,,,,,,,,,,,,,,,,,,,,,,,,,,,,,,,,,,,,,,,,,,,,,,,,,,,,,,,,,,,,,,,,,,,,,,,,,,,,,,,,,,,,,,,,,,,,,,,,,,,,,,,,,,,,,,,,,,,,,,,,,,,,,,,
Allochrocebus_preussi,OWM_Cercopithecidae_Allochrocebus_preussi,1.02,,,Trichromatic,Unimale/Multimale,0.51,Absent,Overlap,Low,Polygynous,,,,,4.525,4.7,2.9,D,Omnivore,T,4,1,Forest,,,,,,,,,,,,,312,4.78,2348.2,24.5,1255.2,1565.5,,,,51.9,41.4,1,1.774,,,,,,Polygyny,Sexbiased,Yes,,,,,,,,,26,,,,,,,,,,,,,,,,,,,,,,,,,,,,,,,,,,,,,,,,,,,,,,,,,,,,,,,,,,,,,,,,,,,,,,,,,,,,,,,,21.3,23,1255,0,,,,,,,,,,,,,,,,,,,,,,,,,,,,,,,,,,,,,,,,,,,,,,,,,,,,,,,,,,,,,,,,,,,,,,,,,,,,,,,,,,,,,,,,,,,,,,,,,,,,,,,,,,,,,,,,,,,
Allochrocebus_solatus,OWM_Cercopithecidae_Allochrocebus_solatus,1.01,,,Trichromatic,Unimale,,Absent,Overlap,Low,Polygynous,,,,,6.35,6.89,3.92,D,Omnivore,BOTH,2,,Forest,,,6890,3920,1.758,,,,,547.5,,,,-0.8,1734.9,24.8,1278.6,1502.7,,,,,,,,,,,,,Polygyny,Sexbiased,Yes,,,,,548,,,,,,,,,,,,,,,,,,,,,,,,,,,,,,,,,,,,,,,,,,,,,,,,,,,,,,,,,,,,,,,,,,,,,,,,,,,,,,,,,,,,,,,,,,,,,,,,,,,,,,,,,,,,,,,,,,,,,,,,,,,,,,,,,,,,,,,,,,,,,,,,,,,,,,,,,,,,,,,,,,,,,,,,,,,,,,,,,,,,,,,,,,,,,,,,,,,,,,,,,,
Arctocebus_aureus,STR_Lorisidae_Arctocebus_aureus,,5.347107531,1.771556762,,Solitary,,Absent,,,Polygynous,134,115,0.46,No,0.21,,,N,Insectivore,AR,1,,Forest,,,,,,,,,,,,,,,,,,,,,,,,,,,,,,,,,,,,,,,,,,,,,,,,,,,,,,,,,,,,,,,,,,,,,,,,,,,,,,,,,,,,,,,,,,,,,,,,,,,,,,,,,,,,,,,,,,,,,,,,,,,,,,,,,,,,,,,,,,,,,,,,,,,,,,,,,,,,,,,,,,,,,,,,,,,,,,,,,,,,,,,,,,,,,,,,,,,,,,,,,,,,,,,,,,,,,,,,,,,,,,,,,,,,,,,,,,,,,,,,
Arctocebus_calabarensis,STR_Lorisidae_Arctocebus_calabarensis,1.01,5.733341277,1.93441577,,Solitary,,Absent,Discrete,Low,Polygynous,135,105,0.44,No,0.31,0.312,0.306,N,Insectivore,AR,2,,Forest,6.92,6.53,312,306,1.02,,,,,144.47,133,109.26,156,5.52,1844.4,24.8,1218,1530.3,,,,,,,1,,,,,Spatial Polygyny,Solitary,Bisexual,No,309,7,30.3,1,183,130,115,1.12,13,0.655,,,,,,,,,,,,,,,,,,,,,,,,,,,,,131.22,15.2,,,,,,,,,,,,,,,,,,,,,,,,,,,,,,,,,,,,,,,,,,,,,,,,,,,,,,,,,,,,,,,,,,,,,,,,,,,,,,,,,,,,,,,,,,,,,,,,,,,,,,,,,,,,,,,,,,,,,,,,,,,,,,,,,,,,,,,,,,,,,,,,,,,,,,,,,,,,,,,,,,,,,,,
Cercopithecus_ascanius,OWM_Cercopithecidae_Cercopithecus_ascanius,1.01,8.219864742,4.087319947,Trichromatic,Unimale,3.85,Absent,Overlap,High,Polygynous,172,146,0.46,No,3.24,3.69,2.79,D,Frugivore,AR,1,,Forest,59.58,54.9,4527.6,2901,1.561,28.8,1,8.5,8.5,1580.45,147,146.54,339.6,-2.71,1310.1,23.7,1302.5,1551.8,0.16,1.5,3.3233,54.8,14.2,23.3,1.56,34,17,10,,Harem Polygyny,Polygyny,Sexbiased,Yes,2901,56.7,371,1,499,172,183,5,31.2,0.08,Polygynous,Yes,,1,28.7,3700,2920,1.267,16.13,10.3,1.566,3700,3,5360,4253,0,0,0,0,0,0,0,0,0,0,0,0,0,1798.6,,,,,,,,,,,,,,,,,,,,,,,,,,,,,,,,,,,,,,,,,,,,,,,,,,21.5,61,1303,0,,,,,,,,,,,,,,,,,,62298.99,1802.09,5828,1162,3605,51279,99.5,,1052,251,2827,2827,694,1189,45166,,17.9,1916,410,431,405,25.7,320,4272,147,450,601,4.14,5.28,3.98,,,,,,,,,,,,,,,,,,,,,,,,,,,,,,,,,,,,,,,,,,,,,,,,,,,,,,,,,,,,,,,,,,,,
Cercopithecus_campbelli,OWM_Cercopithecidae_Cercopithecus_campbelli,1.02,8.188689124,4.049870072,Trichromatic,Unimale,0.27,Absent,Overlap,High,Polygynous,180,362,0.67,No,3.6,4.5,2.7,D,Omnivore,AR,1,,Forest/Savanna,57.39,54.39,4500,2700,1.667,14,1,4,4,,180,362.93,396,8.53,2266.7,25.3,1144.2,1505.2,0.01,,,46.3,8.4,33.1,,31.5,28,18,5.2,Harem Polygyny,Polygyny,,,,,,,,180,365,,30,,,,,,,,,,,,,,,,,,,,,,,,,,,,,,,,,,,,,,,,,,,,,,,,,,,,,,,,,,,,,,,,,,,,,,,,,,,,,,,,,,,,,,,,,,,,,,,,,,,,,,,,,,,,,,,,,,,,,,,,,,,,,,,,,,,,,,,,,,,,,,,,,,,,,,,,,,,,,,,,,,,,,,,,,,,,,,,,,,,,,,,,,,,,,,,,,,,,,,
Cercopithecus_cephus,OWM_Cercopithecidae_Cercopithecus_cephus,1.01,8.184513753,4.178379291,Trichromatic,Unimale,0.21,Absent,Overlap,Low,Polygynous,170,362,0.68,,3.48,4.09,2.88,D,Frugivore,AR,1,,Forest,65.26,61.69,4290,2880,1.49,8,1,3,3,821,172,362.93,276,-0.42,1498.7,24.4,1299.9,1499.8,0.24,,,72.5,8.5,11,1.702,,,,,Harem Polygyny,Polygyny,Sexbiased,Yes,2880,60.7,340,1,833,170,365,5,36,0.169,Polygynous,Yes,,,6,4290,2880,1.49,16.32,9.59,1.702,4290,,,4290,0,0,0,0,0,0,0,0,0,0,0,0,0,,,,,,,,,,,,,,,,,,,,,,,,,,,,,,,,,,,,,,,,,,,,,,,,,,,,,,,,,,,,,,,,,,,,2.2,17.2,,4,,,,,,,,,,,,,,,,,,,,,,,,,,,,,,,,,,,,,,,,,,,,,,,,,,,,,,,,,,,,,,,,,,,,,,,,,,,,,,,,,,,,,,,,,,,,,,,,,,
Cercopithecus_diana,OWM_Cercopithecidae_Cercopithecus_diana,1.01,8.422882512,4.13692501,Trichromatic,Unimale,0.15,Absent,Overlap,Low,Polygynous,,362,,No,4.5,5.2,3.9,D,Frugivore,AR,4,1,Forest,62.61,55.15,5200,3900,1.333,24,1,7,7,365,,362.93,447.6,6.65,2375.7,24.8,1328.4,1541.7,1.25,1.6,1.2683,58.5,15.8,15.9,1.618,28.1,27.7,24.4,7.3,Harem Polygyny,Polygyny,Sexbiased,Yes,3900,55.2,,,,,365,5.37,35.1,,Polygynous,Yes,,,24.1,5200,3900,1.333,19.94,12.32,1.619,5200,,,5200,0,0,0,0,0,0,0,0,1,0,1,1,3,,,,,,,,,,,,,,,,,,,,,,,,,,,,,,,,,,,,,,,,,,,,,,,,,,,20.5,25.5,1328,0,,,,,,,,,,,,,,2.4,19.5,,6,,,,,,,,,,,,,,,,,,,,,,,,,,,,,,,,,,,,,,,,,,,,,,,,,,,,,,,,,,,,,,,,,,,,,,,,,,,,,,,,,,,,,,,,,,,,,,,,,,
Cercopithecus_erythrogaster,OWM_Cercopithecidae_Cercopithecus_erythrogaster,,,,Trichromatic,Unimale,,Absent,Overlap,,Polygynous,,180,,,3.5,4,3,D,,AR,3,1,Forest,,,,,,,,,,,,,,,,,,,,,,,,,,,,,,,Polygyny,Sexbiased,Yes,,,,,,,,,24,,Polygynous,Yes,,,6,4100,2400,1.708,16.67,9.42,1.77,4100,,,4100,0,0,0,0,0,0,0,0,0,0,0,0,0,,,,,,,,,,,,,,,,,,,,,,,,,,,,,,,,,,,,,,,,,,,,,,,,,,,,,,,,,,,,,,,,,,,,,,,,,,,,,,,,,,,,,,,,,,,,,,,,,,,,,,,,,,,,,,,,,,,,,,,,,,,,,,,,,,,,,,,,,,,,,,,,,,,,,,,,,,,,,,,,,,,,,,,,,
Cercopithecus_erythrotis,OWM_Cercopithecidae_Cercopithecus_erythrotis,,,,Trichromatic,Unimale,0.13,Absent,Overlap,Low,Polygynous,,,,,3.4,3.7,3.1,D,Frugivore,AR,3,1,Forest,65.4,,3600,2900,1.241,,,,,,,,,,,,,,,,,,,,1.759,,,,,,Polygyny,Sexbiased,Yes,,,,,,,,,,,,,,,,,,,,,,,,,,,,,,,,,,,,,,,,,,,,,,,,,,,,,,,,,,,,,,,,,,,,,,,,,,,,,,,,,,,,,,,,,,,,,,,,,,,,,,,,,,,,,,,,,,,,,,,,,,,,,,,,,,,,,,,,,,,,,,,,,,,,,,,,,,,,,,,,,,,,,,,,,,,,,,,,,,,,,,,,,,,,,,,,,,,,,,,,,,,,,,,
Cercopithecus_hamlyni,OWM_Cercopithecidae_Cercopithecus_hamlyni,,8.395025557,4.188138442,Trichromatic,Unimale/Multimale,,Absent,Overlap,,Polygynous,,,,No,4.43,5.49,3.36,D,Omnivore,BOTH,3,1,Forest,65.9,58.8,5490,3360,1.634,,,,,,,,343.2,,,,,,,,,,,,,,,,,,Polygyny,Sexbiased,Yes,,,,,,,,,28.6,,,,,,,,,,,,,,,,,,,,,,,,,,,,,,,,,,,,,,,,,,,,,,,,,,,,,,,,,,,,,,,,,,,,,,,,,,,,,,,,,,,,,,,,,,,,,,,,,,,,,,,,,,,,,,,,,,,,,,,,,,,,,,,,,,,,,,,,,,,,,,,,,,,,,,,,,,,,,,,,,,,,,,,,,,,,,,,,,,,,,,,,,,,,,,,,,,,,,,
Cercopithecus_mitis,OWM_Cercopithecidae_Cercopithecus_mitis,1,8.717518373,4.267316996,Trichromatic,Unimale,4.22,Absent,Overlap,High,Polygynous,140,692,0.83,No,4.89,5.85,3.93,D,Frugivore,AR,1,1,Forest,71.33,65.24,7590.6,4628,1.64,18.6,1,8.8,8.8,565.75,132,688.08,325.2,-1.9,1090.8,22.1,1116.2,1528.5,0.1,1,2.8025,51.6,20.4,17.5,1.97,39.7,19.4,27.6,9.5,Harem Polygyny,Polygynandry,Sexbiased,Yes,4628,65.9,398.5,1,1429,176,316,5.42,37.8,0.123,Polygynous,Yes,3.7,1,23.9,7930,4250,1.866,19.47,10.5,1.854,7930,,,7930,0,0,0,0,0,0,0,0,1,0,1,1,2,3391.5,407.7,,,,,,,,,,,,,,,,,,,,,,,,,,,,,,,,,,,,,,,,,,,,,,,,,21.1,36.2,1116,0,,,,,,,,,,,,,,2.5,19.4,,4,70744.58,1998.9,6758,1354,4176,56277,117,,1265,246,2733,2733,617,1366,49933,,,,,,,,,4232,150,,,4.28,6.14,4.14,268,782,178,1228,,,,,,,,,,,,,,,,,,,,,,,,,,,,,,,,,,,,,,,,,,,,,,,,,,,,,,,,,,,,,,,,
Cercopithecus_mona,OWM_Cercopithecidae_Cercopithecus_mona,1,8.221210094,4.124550404,Trichromatic,Unimale/Multimale,0.9,Absent,Overlap,Low,Polygynous,,,,,4.05,5.1,3,D,Frugivore,AR,2,,Forest,61.84,57.75,4705,2733,1.722,4.8,1,1.9,1.9,,,,360,,,,,,,,,,,,1.9,,,,,Harem Polygyny,Polygyny,Sexbiased,Yes,,,,,,,,,30,,Polygynous,Yes,,,9.8,4768,3700,1.289,17.76,9.32,1.906,4770,,,4769,0,0,0,0,0,0,0,0,0,0,0,0,0,,,,,,,,,,,,,,,,,,,,,,,,,,,,,,,,,,,,,,,,,,,,,,,,,,,22,69,1142,0,,,,,,,,,,,,,,,,,,,,,,,,,,,,,,,,,,,,,,,,,,,,,,,,,,,,,,,,,,,,,,,,,,,,,,,,,,,,,,,,,,,,,,,,,,,,,,,,,,,,,,,,,,,,,,,,,,,
Cercopithecus_nictitans,OWM_Cercopithecidae_Cercopithecus_nictitans,1,8.606119401,4.264509189,Trichromatic,Unimale,0.13,Absent,Overlap,Low,Polygynous,170,,,No,5.46,6.67,4.25,D,Frugivore,AR,2,1,Forest/Wetlands,71.13,67.52,6670,4260,1.566,13,1,5,5,719,172,,276,1.69,1482.7,24.7,1267.2,1553.9,1.15,1.5,1.2396,75.6,14.3,4,1.613,,,,,Harem Polygyny,Polygyny,Sexbiased,Yes,,,,,719,172,,,31,,Polygynous,Yes,,,12,6670,4260,1.566,18.1,11.22,1.613,6670,,,6670,0,0,0,0,0,0,0,0,0,0,0,0,0,,,,,,,,,,,,,,,,,,,,,,,,,,,,,,,,,,,,,,,,,,,,,,,,,,,,,,,,,,,,,,,,,,,,2.4,17.6,,4,64740,,,,,,,,,,,,,,47800,35990,,,,,,,,4140,120,,,,,,,,,,,,,,,,,,,,,,,,,,,,,,,,,,,,,,,,,,,,,,,,,,,,,,,,,,,,,,,,,,,,,,,,,
Cercopithecus_petaurista,OWM_Cercopithecidae_Cercopithecus_petaurista,1.02,8.191186005,4.008786674,Trichromatic,Unimale,0.76,Absent,Overlap,Low,Polygynous,,,,,3.65,4.4,2.9,D,Folivore_frugivore,AR,2,,Forest/Shrubland,55.08,52.07,4300,2918.2,1.474,11.3,1.16,5.67,4.89,,,,228,8.93,1677.7,25.9,1205.3,1560,,,,33.6,39.7,12.3,1.777,34.3,25.6,23.8,5.4,,Polygyny,Sexbiased,Yes,,,,,,,,,29,,Polygynous,Yes,,,10.7,4400,2900,1.517,16.16,9.09,1.778,4400,,,4400,0,0,0,0,0,0,0,0,0,0,0,0,0,,,,,,,,,,,,,,,,,,,,,,,,,,,,,,,,,,,,,,,,,,,,,,,,,,,,,,,,,,,,,,,,,,,,,,,,,,,,,,,,,,,,,,,,,,,,,,,,,,,,,,,,,,,,,,,,,,,,,,,,,,,,,,,,,,,,,,,,,,,,,,,,,,,,,,,,,,,,,,,,,,,,,,,,,
Cercopithecus_wolfi,OWM_Cercopithecidae_Cercopithecus_wolfi,,,,,Unimale/Multimale,,Absent,Overlap,,Polygynous,,,,,3.34,3.8,2.88,D,Folivore_frugivore,AR,1,1,Forest/Savanna/Wetlands,61.45,57.2,3910,2870,1.362,,,,,,,,,,,,,,,,,,,,1.883,,,,,,Polygyny,Sexbiased,Yes,,,,,,,,,24,,Polygynous,Yes,,,12,3910,2870,1.362,18.06,9.59,1.883,3910,5.35,5380,4400,0,0,0,0,0,0,0,0,1,0,1,1,3,,,,,,,,,,,,,,,,,,,,,,,,,,,,,,,,,,,,,,,,,,,,,,,,,,,18.4,66.5,1431,0,,,,,,,,,,,,,,,,,,,,,,,,,,,,,,,,,,,,,,,,,,,,,,,,,,,,,,,,,,,,,,,,,,,,,,,,,,,,,,,,,,,,,,,,,,,,,,,,,,,,,,,,,,,,,,,,,,,
Colobus_guereza,OWM_Cercopithecidae_Colobus_guereza,1,9.058237594,4.309321524,Trichromatic,Multimale,1.43,Absent,Overlap,High,Polygynous,170,330,0.66,No,8.89,9.89,7.9,D,Folivore_frugivore,AR,1,,Forest,74.39,69.77,9673,7505.6,1.289,12,1.5,2.9,1.93,486.66,175,387.79,294,5.15,1089.2,23.2,1126.5,1560.5,0.3,0.48,0.735,19,73,0,1.459,57.5,21.25,10.25,8.25,Harem Polygyny,Polygynandry,Sexbiased,,7506,72.6,572.5,1,669,158,334,4.75,35.3,0.145,Polygynous,Yes,3,1,9,13500,9200,1.467,20.31,13.49,1.506,13500,3.447,10050,12350,0,0,0,0,0,0,0,0,0,0,0,0,0,2978,357.9,,,,,,,,,,,,,,,,,,,,,,,,,,,,,,,,,,,,,,,,,,,,,,,,,18.3,19,1126,0,9750,9561.58,86.51,36.97,128.45,23.25,171.33,302.35,188.91,113.44,7.25,669.6,188.42,2.6,19.7,,5,,,,,,,,,,,,,,,,,,,,,,,,,,,,,,,,,,,,,,,,,,,,,,,,,,,,,,,,,,,,,,,,,,,,,,,,,,,,,,,,,,,,,,,,,,,,,,,,,,
Erythrocebus_patas,OWM_Cercopithecidae_Erythrocebus_patas,1.01,9.15377002,4.582208574,Trichromatic,Multimale,1.45,Absent,Overlap,High,Polygynous,167,213,0.56,No,9.45,12.4,6.5,D,Omnivore,T,2,1,Forest/Savanna/Shrubland/Grassland,97.73,88.86,12400,6500,1.908,28.2,1.5,10.4,6.93,365,167,211.79,286.8,7.97,733.9,26.4,760.4,1596.5,28.24,3.2,0.5337,10,2,36,2.132,,,,,Harem Polygyny,Polygyny,Sexbiased,Yes,6500,88.9,504.5,1,438,167,228,3.04,28.3,0.231,Polygynous,Yes,1.7,3,30,12400,6500,1.908,26.5,12.43,2.132,12400,7.2,13000,12600,0,0,0,0,0,0,0,0,2,0,2,2,4,1068,186.9,,,,,,,,,,,,,,,,,,,,,,,,,,,,,,,,,,,,,,,,,,,,,,,,,,,,,,,,,,,,,,,,,,2.5,22.5,,6,100333.75,2615.67,8458.67,1621,5423,84770,51.8,,1339,330,3624,3624,693,1591,77141,,,,,,,,,,,,,4.66,9.18,4.8,,,,,,,,,,,,,,,,,,,,,,,,,,,,,,,,,,,,,,,,,,,,,,,,,,,,,,,,,,,,,,,,,,,,
Gorilla_gorilla,APE_Hominidae_Gorilla_gorilla,1.05,11.70313252,6.195241776,Trichromatic,Unimale,0.14,Absent,Overlap,High,Polygynous,260,1278,0.83,No,122.5,169.3,75.7,D,Folivore_frugivore,BOTH,5,1,Forest,490.41,455.89,170400,71500,2.383,7.1,1.8,4.4,2.44,1430.8,256,920.35,648,0.88,1528.8,24.2,1291.1,1502.7,4.03,0.86,0.3797,11,93,0,1.739,52.6,9.55,35.5,5.8,Harem Polygyny,Polygyny,Bisexual,No,71500,433.5,2123.5,1.01,1826,257,1278,10.2,55,0.054,Polygynous,Yes,,1.8,11.1,170400,71500,2.383,30.26,17.4,1.739,170400,29.6,169000,169933,1,0,0,0,0,1,0,0,0,0,2,2,10,,,,,,,,,,,,,,,,,,,,,,,,,,,,,,,,,,,,,,,,,,,,,,,,,,,,,,,,,,,,,,,,,,,,3,23,,2,424538.4,8393.91,59983.32,4352,19370,369878,316,,4871,1193,8827.46,14567,2729,4071.32,275016.8,163423.46,106,10711.75,2215,2782,2604,178,671,9100,309,,1280.17,18.98,26.52,20.4,799.75,1921.75,1101,2752.6,3.81270936,1.143705593,0.5295729478,451.1981316,,0.6666666667,63.625,0.4330671296,13.03556548,72.4594522,14.60701197,9.434006283,104.75,297.5478951,280.8096491,1.017890212,2.610526316,206.8719298,,3.397465986,78.54849537,38.20532091,12.15741201,414.1010714,,30.53933747,2432.199896,,27.30902692,84.6902381,31.82160455,4.626293996,389.8465839,1,82.5,62.923706,5721.737681,4.148781415,228.4982143,4.232931548,4.504400621,29.34077381,29.04627976,137.4856978,7.17390377,146.39726,,8.870509259,,22.2202003,,,,,,,,,,333.3333333,7.733333333,,,
Lepilemur_dorsalis,STR_Lepilemuridae_Lepilemur_dorsalis,1.01,6.768493212,1.902107526,Dichromatic,Solitary,,Absent,Discrete,,Polygynous,,,,,0.795,,,N,Folivore,AR,4,1,Forest,6.7,6.7,817,923,0.885,1,1,1,1,,,,,-13.79,1332.8,20.2,1240.4,1623.7,,,,,,,,,,,,,Solitary,Bisexual,No,,,,,,,,,,,,,,,,,,,,,,,,,,,,,,,,,,,,,,,,,,,,,,,,,,,,,,,,,,,,,,,,,,,,,,,,,,,,,,,,,,,,,,,,,,,,,,,,,,,,,,,,,,,,,,,,,,,,,,,,,,,,,,,,,,,,,,,,,,,,,,,,,,,,,,,,,,,,,,,,,,,,,,,,,,,,,,,,,,,,,,,,,,,,,,,,,,,,,,,,,,,,,,,
Lepilemur_leucopus,STR_Lepilemuridae_Lepilemur_leucopus,1.01,6.406879986,1.927164106,Dichromatic,Pair,,Absent,Discrete,Low,Polygynous,130,121.66,0.48,Yes,0.585,0.617,0.594,N,Folivore,AR,4,1,Forest,6.87,6.8,617,594,1.039,1,1,1,,,135.92,121.66,103,-24.5,568.2,23.1,803.2,1741.5,0.002,,,,,,1.123,,,,,,Solitary,Bisexual,No,,,,,,,,,,,,,,,,,,,,,,,,,,,,,,,,,,,,,,,,,,,,,,,,,,,,,,,,,,,,,,,,,,,,,,,,,,,,,,,,,,,,,,,,,,,,,,,,,,,,,,,,,,,,,,,,,,,,,,,,,,,,,,,,,,,,,,,,,,,,,,,,,,,,,,,,,,,,,,,,,,,,,,,,,,,,,,,,,,,,,,,,,,,,,,,,,,,,,,,,,,,,,,,
Lepilemur_microdon,STR_Lepilemuridae_Lepilemur_microdon,,6.877296071,2.277267285,Dichromatic,Solitary,,Absent,Discrete,,Polygynous,,,,,1.035,0.97,,N,Folivore_frugivore,AR,4,1,Forest,,,,,,,,,,,,,,-21.5,1830,19.7,1311.1,1556.5,,,,,,,,,,,,,Solitary,Bisexual,No,,,,,,,,,,,,,,,,,,,,,,,,,,,,,,,,,,,,,,,,,,,,,,,,,,,,,,,,,,,,,,,,,,,,,,,,,,,,,,,,,,,,,,,,,,,,,,,,,,,,,,,,,,,,,,,,,,,,,,,,,,,,,,,,,,,,,,,,,,,,,,,,,,,,,,,,,,,,,,,,,,,,,,,,,,,,,,,,,,,,,,,,,,,,,,,,,,,,,,,,,,,,,,,
Lepilemur_mustelinus,STR_Lepilemuridae_Lepilemur_mustelinus,1,6.65544035,2.257587727,Dichromatic,Solitary,,Absent,Discrete,Low,Polygynous,135,75,0.36,,0.98,,,N,Folivore,AR,2,1,Forest,,,,,,1,1,1,,,135,76.21,144,-15.86,1736.1,19.9,1388.5,1668.7,0.003,,,,,,1.332,,,,,Spatial Polygyny,Solitary,Bisexual,No,804,8.3,27,1,365,135,75,1.63,12,0.334,,,,,,,,,,,,,,,,,,,,,,,,,,,,,225.1,,,,,,,,,,,,,,,,,,,,,,,,,,,,,,,,,,,,,,,,,,,,,,,,,,25,45.5,1388,2,,,,,,,,,,,,,,,,,,,,,,,,,,,,,,,,,,,,,,,,,,,,,,,,,,,,,,,,,,,,,,,,,,,,,,,,,,,,,,,,,,,,,,,,,,,,,,,,,,,,,,,,,,,,,,,,,,,
Lepilemur_septentrionalis,STR_Lepilemuridae_Lepilemur_septentrionalis,,,,Dichromatic,Solitary,,Absent,Discrete,,Polygynous,134,120.97,0.47,,0.6275,,,N,Folivore,AR,5,1,Forest,,,,,,,,,,,,,,,,,,,,,,,,,,,,,,,Solitary,Bisexual,No,,,,,,,,,,,,,,,,,,,,,,,,,,,,,,,,,,,,,,,,,,,,,,,,,,,,,,,,,,,,,,,,,,,,,,,,,,,,,,,,,,,,,,,,,,,,,,,,,,,,,,,,,,,,,,,,,,,,,,,,,,,,,,,,,,,,,,,,,,,,,,,,,,,,,,,,,,,,,,,,,,,,,,,,,,,,,,,,,,,,,,,,,,,,,,,,,,,,,,,,,,,,,,,
Nasalis_larvatus,OWM_Cercopithecidae_Nasalis_larvatus,1.02,9.586102001,4.525044142,Trichromatic,Pair/Unimale,1.39,Absent,Overlap,High,Polygynous,166,210,0.56,No,15.75,21.02,10.48,D,Folivore_frugivore,AR,4,1,Forest,92.3,83.84,19391.8,9729.6,1.993,12,1,3.7,3.7,547.5,166,211.75,252,1.42,2570.8,25,1684,1721,3.73,0.65,0.2983,36,56,0,2.203,,,,,Harem Polygyny,Polygynandry,Bisexual,No,9730,84.8,600,1,549,166,281,4.5,25.1,0.166,Polygynous,No,3.4,,30,20400,9820,2.077,22.96,10.42,2.203,20400,13.8,2155,14318,1,0,0,0,0,0,0,0,0,1,2,2,9,,,,,,,,,,,,,,,,,,,,,,,,,,,,,,,,,,,,,,,,,,,,,,,,,,,38,54.5,1684,0,,,,,,,,,,,,,,,,,,92796.86,2945.18,12113,1556,5310,70873,30.3,,1268,333,3735,3735,855,1966,62685,,29.6,3036,671,587,550,37.2,304,,,,,5.64,8.82,4.36,,,,,,,,,,,,,,,,,,,,,,,,,,,,,,,,,,,,,,,,,,,,,,,,,,,,,,,,,,,,,,,,,,,,
Nycticebus_coucang,STR_Lorisidae_Nycticebus_coucang,1.12,6.481577129,2.315501318,Dichromatic,Solitary,0.1,Absent,Overlap,Low,Polygynous,170,135,0.44,No,0.65,0.679,0.626,N,Omnivore,AR,4,1,Forest,10.13,9.54,679,626,1.085,1,1,1,,365,188,181.21,318,0.27,2372.9,24.9,1664.9,1740.3,,,,60,0,,1.037,21,70.6,5.4,3,Spatial Polygyny,Solitary,Bisexual,No,653,10,51.3,1.07,365,193,180,1.54,25.8,0.364,,,,,,,,,,,,,,,,,,,,,,,,,,,,,272.6,32.4,0.826086957,1,1,1,1,1,193,NonSeasonal,0,0,1.334246575,1.276712329,8.164383562,14.85753425,1159.882188,807.6666667,1506.066667,1144.393927,807.6666667,1506.066667,1177.306482,846.8583333,1489.833333,51.175,40,65,50.64285714,40,62.5,1128.455998,858.5714286,1500.5,1151.70034,858.5714286,1500.5,1105.211656,895.4285714,1355.333333,24.03835616,22.17534247,24.03835616,11.26020546,12.00433405,11.00993229,0.139534884,0.105263158,0.130434783,1,32.3,57.5,1665,0,,,,,,,,,,,,,,1.5,15.7,,2,11733.25,528.14,1310,345,1077,8495,159,4.28,510,92,760,760,212,566,5951.33,4400,,,,,,,,638,34.87,,,2.08,1.9,1.52,,,,,,,,,,,,,,1.180960317,,,,,,,,,,,,,,,,,,,,,,,,,,,,,,,,,,,,,,,,,,,,,,,,,,,,,,
Nycticebus_pygmaeus,STR_Lorisidae_Nycticebus_pygmaeus,1.75,5.726847748,1.978239036,Dichromatic,Solitary,1.45,Absent,Overlap,Low,Polygynous,185,,,,0.42,0.462,0.376,N,Gummivore,AR,4,1,Forest,,,462,376,1.229,1,1,1,,448,188,133,205.2,16.94,1499,21.1,1172.5,1359.8,,,,,,,1.112,,,,,Spatial Polygyny,Solitary,Bisexual,No,307,7.2,,,448,185,133,,19.3,,,,,,,,,,,,,,,,,,,,,,,,,,,,,,,,1.307692308,1.736842105,2,0.631578947,1,3,185,NonSeasonal,0,0,1.873972603,3.739726027,11.35342466,11.55616438,499.5283788,357.2022436,631.9753086,518.9491857,405.5581761,630.6363636,481.7259724,357.2022436,631.9753086,24.28333333,10.98333333,32.25,24.29285714,16.5,30.5,506.5263566,350.521875,683.5185185,501.8921492,350.6851852,619.2727273,513.2670219,350.521875,683.5185185,19.89315068,15.51232877,19.89315068,11.1213415,10.28039855,12.46619392,0.393939394,0.294117647,0.384615385,1,41.5,55.3,1172,0,,,,,,,,,,,,,,,,,,,,,,,,,,,,,,,,,,,,,,,,,,,,,,,,,,,,4.216666667,1.245,0.61039,43.66666667,619.1666667,0.4166666667,72.58333333,0.2333333333,22,0.4468174632,56.16666667,10.33333333,108,246,49,0.5333333333,0.08333333333,7.5,17,3.516666667,154.1666667,39.31666667,13.56666667,,2.5,62.16666667,7308,2.2,25.71666667,74.53333333,34.61666667,2.916666667,421.5,0,0,34.41666667,4629.25,4.6,284,4.7,5.28,97,66.83333333,147.1666667,7.733333333,76,,11.65833333,,,,,,,,,,,,,,,,
Papio_hamadryas,OWM_Cercopithecidae_Papio_hamadryas,1.01,9.557469903,4.984770328,Trichromatic,Unimale,,Absent,Overlap,High,Polygynous,170,561,0.77,No,13.4,16.9,9.9,D,Omnivore,T,1,3,Shrubland/Grassland/Rocky.areas,146.17,133,18000,10300,1.748,66.1,1,8.2,8.2,608.33,171,363.96,450,12.72,459.4,21.6,572.4,1620.7,17.37,11,2.339,88,7,,2.743,29.7,24.8,26,16.2,Harem Polygyny,Polygynandry,Bisexual,Yes,10300,138.3,727.5,1,730,170,365,6.1,37.5,0.123,Polygynous,No,1.9,1,85.6,21000,11400,1.842,30.64,11.17,2.743,21000,27.1,20170,20723,0,0,2,0,0,2,0,0,1,0,5,5,13,,,,,,,,,,,,,,,,,,,,,,,,,,,,,,,,,,,,,,,,,,,,,,,,,,,,,,,23250,22243.17,173.92,103.16,253.56,80.31,392.02,458.67,86.42,372.25,26.78,1314.48,1006.83,2.7,21,,4,159110,,,,,,,,,,,,,,118780,79100,,,,,,,,7700,220,,,,,,,,,,,,,,,,,,,,,,,,,,,,,,,,,,,,,,,,,,,,,,,,,,,,,,,,,,,,,,,,,,,,,,,,,
Perodicticus_potto,STR_Lorisidae_Perodicticus_potto,1.09,6.727431725,2.519308077,Dichromatic,Solitary,5.88,Absent,Overlap,Low,Polygynous,170,150,0.47,No,0.83,0.83,0.836,N,Frugivore,AR,2,2,Forest,12.42,11.87,802.1,867.9,0.924,2,1,1,,354.05,170,149.15,312,1.77,1390,24.4,1255.9,1545.5,0.11,,,81,0,,1.01,,,,,Spatial Polygyny,Solitary,Bisexual,,835,12.5,39.1,1.03,354,197,212,0.91,26.3,0.44,,,,,,,,,,,,,,,,,,,,,,,,,,,,,326.6,41.3,4,1,1,1,1,1,170,NonSeasonal,0,0,2.156164384,3.153424658,17.63287671,13.63013699,917.8177565,761.9042735,1139.5,943.9883247,768.7361111,1139.5,875.9448474,761.9042735,1118,32.45,21.2,43.6,32.45,21.2,43.6,854.0880952,733.4583333,1039,867.5057143,733.4583333,1039,787,787,787,32.35342466,30.00273973,32.35342466,15.0854165,14.49347939,13.04732686,0.6875,0.5,0.5,1,35.5,56.3,1256,0,,,,,,,,,,,,,,1.7,12.4,,2,12679,679.74,1699,391,1024,9418,310,2.74,661,114,712,712,328,607,5972,3910,10.4,587,160,116,107,8.19,19.5,440,22.87,,,2.22,2.58,2.56,32,20,8,62,,,,,,,,,,,,,,,,,,,,,,,,,,,,,,,,,,,,,,,,,,,,,,,,,,,,,,,,,,,,,,,,
Rhinopithecus_avunculus,OWM_Cercopithecidae_Rhinopithecus_avunculus,1,,,Trichromatic,Unimale/Multimale,,Absent,Overlap,Low,Polygynous,,,,,11.25,14,8.5,D,Folivore_frugivore,AR,5,1,Forest,,,,,,,,,,,200,,,22.06,1313.2,19.1,1119.8,1214.1,0.1,,,62,38,,,,,,,,Polygyny,Bisexual,,,,,,,,,,,,Polygynous,Yes,,,80,,,1.65,17.5,8.8,1.989,14025,,,14025,0,0,1,0,0,1,0,0,0,1,3,3,5,,,,,,,,,,,,,,,,,,,,,,,,,,,,,,,,,,,,,,,,,,,,,,,,,,,,,,,,,,,,,,,,,,,,,,,,,,,,,,,,,,,,,,,,,,,,,,,,,,,,,,,,,,,,,,,,,,,,,,,,,,,,,,,,,,,,,,,,,,,,,,,,,,,,,,,,,,,,,,,,,,,,,,,,,
Rhinopithecus_bieti,OWM_Cercopithecidae_Rhinopithecus_bieti,,9.116029693,4.742407204,Trichromatic,Unimale,3.7,Absent,Overlap,High,Polygynous,204,,,,12.48,15,9.96,D,Folivore,BOTH,4,1,Forest,,,,,,,,,,,170,,,28.69,1820.9,2.6,792.1,1018.5,0.25,1.31,0.2322,,86,,,,,,13.1,,Polygyny,Bisexual,,,,,,,170,,,,,,,,,,,,,,,,,,,,,,,,,,,,,,,,,,,,,,,,,,,,,,,,,,,,,,,,,,,,,,,,,,,,,,,,,,,,,,,,,,,,,,,,,,,,,,,,,,,,,,,,,,,,,,,,,,,,,,,,,,,,,,,,,,,,,,,,,,,,,,,,,,,,,,,,,,,,,,,,,,,,,,,,,,,,,,,,,,,,,,,,,,,,,,,,,,,,,,,,,
Rhinopithecus_brelichi,OWM_Cercopithecidae_Rhinopithecus_brelichi,,,,Trichromatic,Unimale/Multimale,,Absent,Overlap,Low,Polygynous,,,,,11.25,14.5,8,D,Folivore,BOTH,4,1,Forest,,,,,,,,,,,,,,,,,,,,,,,,,,,,,,,Polygyny,Bisexual,,,,,,,,,,,,,,,,,,,,,,,,,,,,,,,,,,,,,,,,,,,,,,,,,,,,,,,,,,,,,,,,,,,,,,,,,,,,,,,,,,,,,,,,,,,,,,,,,,,,,,,,,,,,,,,,,,,,,,,,,,,,,,,,,,,,,,,,,,,,,,,,,,,,,,,,,,,,,,,,,,,,,,,,,,,,,,,,,,,,,,,,,,,,,,,,,,,,,,,,,,,,,,,,
Rhinopithecus_roxellana,OWM_Cercopithecidae_Rhinopithecus_roxellana,1,9.598998362,4.768648655,Trichromatic,Unimale,1.35,Absent,Overlap,High,Polygynous,195,,,,14.75,17.9,11.6,D,Folivore,BOTH,4,1,Forest,117.76,112.7,17900,11600,1.543,,,,,,199.34,,354,32.32,734,9,749.4,870.6,24.28,,,,,,2.508,,,,,,Polygynandry,Bisexual,No,,,,,,199,,,29.5,,Polygynous OR Multimale,Yes OR No,,,215,17900,11600,1.543,20.06,8,2.508,17900,,,17900,0,1,0,0,0,1,0,0,0,0,2,2,8,,,,,,,,,,,,,,,,,,,,,,,,,,,,,,,,,,,,,,,,,,,,,,,,,,,34.3,60.3,749,0,,,,,,,,,,,,,,,,,,,,,,,,,,,,,,,,,,,,,,,,,,,,,,,,,,,,,,,,,,,,,,,,,,,,,,,,,,,,,,,,,,,,,,,,,,,,,,,,,,,,,,,,,,,,,,,,,,,
Sciurocheirus_alleni,STR_Galagidae_Sciurocheirus_alleni,,,,Monochromatic,Solitary,,Absent,Overlap,Low,Polygynous,135,,,Yes,0.27,0.2777,0.269,N,Frugivore,AR,4,,Forest,,,,,,,,,,,,,,,,,,,,,,,,,,,,,,Spatial Polygyny,Solitary,Sexbiased,No,,,,,365,133,,,,,,,,,,,,,,,,,,,,,,,,,,,,,,,,,,,,,,,,,,,,,,,,,,,,,,,,,,,,,,,,,,,,,,,,,,,,,,,,,,,,,,,,,,,,,,,,,,,,,,,,,,,,,,,,,,,,,,,,,,,,,,,,,,,,,,,,,,,,,,,,,,,,,,,,,,,,,,,,,,,,,,,,,,,,,,,,,,,,,,,,,,,,,,,,,,,,,,,,,
Semnopithecus_johnii,OWM_Cercopithecidae_Semnopithecus_johnii,1.02,9.358760377,4.437934267,Trichromatic,Multimale,1.05,Absent,Overlap,,Polygynous,,330,,,11.6,12,11.2,D,Folivore_frugivore,AR,3,1,Forest,84.6,,12000,11200,1.071,,1.3,3.1,2.38,,,,408,10.75,1280.4,25.7,1126.2,1577.6,0.08,,,25,52,,,,,,,Harem Polygyny,Polygynandry,Bisexual,No,11600,84.6,,,,,,,34,,,,,,,,,,,,,,,,,,,,,,,,,,,,,,,,,,,,,,,,,,,,,,,,,,,,,,,,,,,,,,,,,,,,,,,,,,,,,,,,,,,,,,,,,,,,,,,,,,,,,,,,,,,,,,,,,,,,,,,,,,,,,,,,,,,,,,,,,,,,,,,,,,,,,,,,,,,,,,,,,,,,,,,,,,,,,,,,,,,,,,,,,,,,,,,,,,,,,,
Theropithecus_gelada,OWM_Cercopithecidae_Theropithecus_gelada,1.01,9.638870753,4.892827258,Trichromatic,Unimale/Multimale,7.54,Absent,Overlap,High,Polygynous,170,540,0.76,No,15.35,19,11.7,D,Folivore,T,1,1,Grassland/Rocky.areas,133.33,124.52,19000,11700,1.624,10,1.5,4.1,2.73,766.5,168,494.95,336,10.95,924.9,17.3,900.3,1483.3,1.16,2.5,2.0571,26,94,0,3.229,47.7,17.5,15.1,18.3,Harem Polygyny,Polygynandry,Sexbiased,Yes,11700,124.5,464,1,781,170,450,4,35.5,0.141,Polygynous,No,3.7,1,156.2,19000,11700,1.624,39.62,12.27,3.229,19000,19.3,20400,19467,0,0,1,0,1,1,0,0,0,0,3,3,13,,,,,,,,,,,,,,,,,,,,,,,,,,,,,,,,,,,,,,,,,,,,,,,,,,,,,,,11400,10938.3,140.9,77.22,173.87,38.04,235.52,361.45,51.94,309.51,9.31,895.41,461.7,2.5,19.6,,4,,,,,,,,,,,,,,,,,,,,,,,,,,,,,,,,,,,,,,,,,,,,,,,,,,,,,,,,,,,,,,,,,,,,,,,,,,,,,,,,,,,,,,,,,,,,,,,,,,
Trachypithecus_auratus,OWM_Cercopithecidae_Trachypithecus_auratus,,,,Trichromatic,Unimale,0.72,Absent,Overlap,Low,Polygynous,,,,,,7.1,,D,Folivore,AR,3,1,Forest,,,,,,14.5,1.2,7.4,6.17,,,,373.2,-7.41,2012,24.4,1370.4,1640.8,0.03,,,32.3,47,,,25.5,15,50.5,2.5,,Polygyny,Bisexual,,,,,,,,,,31.1,,,,,,,,,,,,,,,,,,,,,,,,,,,,,,,,,,,,,,,,,,,,,,,,,,,,,,,,,,,,,,,,,,,,,,,,,,,,,,,,,,,,,,,,,,,,,,,,,,,,,,,,,,,,,,,,,,,,,,,,,,,,,,,,,,,,,,,,,,,,,,,,,,,,,,,,,,,,,,,,,,,,,,,,,,,,,,,,,,,,,,,,,,,,,,,,,,,,,,
Trachypithecus_cristatus,OWM_Cercopithecidae_Trachypithecus_cristatus,1.01,8.76311533,4.0580263,Trichromatic,Unimale/Multimale,2.36,Absent,Overlap,High,Polygynous,195,365,0.65,No,6.25,6.72,5.78,D,Folivore,AR,3,1,Forest,57.86,54.98,6728.1,6059.7,1.11,32.4,1,15.6,15.6,,,362.93,373.2,0.54,2428.6,25,1682.1,1747.3,0.12,0.35,0.8954,,91,0,1.697,,,,,Harem Polygyny,Polygynandry,Bisexual,No,6060,55,,,,198.3,365,4,28.3,,Polygynous,Yes,,,26,6610,5760,1.148,18.57,10.94,1.697,6610,6.3,7000,6740,0,0,0,0,0,0,0,0,0,0,0,0,0,,,,,,,,,,,,,,,,,,,,,,,,,,,,,,,,,,,,,,,,,,,,,,,,,,,27.2,34.5,1682,0,,,,,,,,,,,,,,,,,,,,,,,,,,,,,,,,,,,,,,,,,,,,,,,,,,,,,,,,,,,,,,,,,,,,,,,,,,,,,,,,,,,,,,,,,,,,,,,,,,,,,,,,,,,,,,,,,,,
Trachypithecus_francoisi,OWM_Cercopithecidae_Trachypithecus_francoisi,,,,Trichromatic,Unimale,,Absent,Overlap,High,Polygynous,,394,,,7.52,7.7,7.35,D,Folivore,BOTH,4,1,Forest,,,,,,,,,,,,,,,,,,,,,,,,,,,,,,,Polygyny,Bisexual,,,,,,,,398,,26.3,,Polygynous,Yes,,,8.7,7700,7350,1.048,17.91,10.42,1.719,7700,3.98,7450,7617,0,0,0,0,0,0,0,0,0,0,0,0,0,,,,,,,,,,,,,,,,,,,,,,,,,,,,,,,,,,,,,,,,,,,,,,,,,,,16.5,16,1100,0,,,,,,,,,,,,,,,,,,98552,,,,,,,,,,,,,,,,,,,,,,,,,,,,,,498,434,320,1250,,,,,,,,,,,,,,,,,,,,,,,,,,,,,,,,,,,,,,,,,,,,,,,,,,,,,,,,,,,,,,,,
Trachypithecus_obscurus,OWM_Cercopithecidae_Trachypithecus_obscurus,1.01,8.861633598,4.129067998,Trichromatic,Unimale/Multimale,2.86,Absent,Overlap,Low,Polygynous,,365,,No,6.99,7.77,6.22,D,Folivore,AR,4,1,Forest,62.12,59.97,7346.9,6764.8,1.086,10.2,2.5,7,2.8,,145,362.93,300,6.82,2019.8,25.5,1624.5,1834.8,0.33,0.48,0.7405,35,58,,1.814,,,,,Harem Polygyny,Polygynandry,Bisexual,No,6765,59.3,383,1,731,152,365,4,33.9,0.147,Multimale,No,,,17,7900,6260,1.262,15.44,8.51,1.814,7330,5.82,7390,7540,0,0,0,0,0,0,0,0,0,0,0,0,0,,,,,,,,,,,,,,,,,,,,,,,,,,,,,,,,,,,,,,,,,,,,,,,,,,,19,51,1624,0,,,,,,,,,,,,,,2.6,18.6,,4,,,,,,,,,,,,,,,,,,,,,,,,,,,,,,,,,,,,,,,,,,,,,,,,,,,,,,,,,,,,,,,,,,,,,,,,,,,,,,,,,,,,,,,,,,,,,,,,,,
Trachypithecus_phayrei,OWM_Cercopithecidae_Trachypithecus_phayrei,1,8.919319398,4.288265255,Trichromatic,Unimale/Multimale,5.56,Absent,Overlap,Low,Polygynous,205,305,0.6,,7.44,7.93,6.95,D,Folivore,AR,4,1,Forest/Savanna,72.84,69.15,7767.8,7182,1.082,,,,,456.25,167,305.87,339.6,20.48,1458.7,21.3,1055.7,1419.1,0.958,1,0.9054,37,46,,,,,,,Harem Polygyny,Polygyny,Bisexual,,,,,,456,167,309,,28.3,,,,,,,,,,,,,,,,,,,,,,,,,,,,,,,,,,,,,,,,,,,,,,,,,,,,,,,,,,,,,,,,,,,,,,,,,,,,,,,,39.3,43,1056,0,,,,,,,,,,,,,,,,,,,,,,,,,,,,,,,,,,,,,,,,,,,,,,,,,,,,,,,,,,,,,,,,,,,,,,,,,,,,,,,,,,,,,,,,,,,,,,,,,,,,,,,,,,,,,,,,,,,
Trachypithecus_pileatus,OWM_Cercopithecidae_Trachypithecus_pileatus,,9.375346207,4.640923356,Trichromatic,Unimale/Multimale,0.48,Absent,Overlap,Low,Polygynous,200,,,No,10.93,12,9.86,D,Folivore,AR,3,1,Forest,103.64,91.41,12247,11340,1.08,7.8,1.05,3.55,3.38,,,,302.4,24.83,1903.1,20.3,1063.8,1264.7,0.43,0.325,0.4392,34,53,,1.887,,,,,Harem Polygyny,Polygyny,Bisexual,No,,,,,,,,,25.2,,Polygynous,Yes,,,8.1,12000,9860,1.217,19.85,10.52,1.887,12000,,,12000,0,0,0,0,0,0,0,0,0,0,0,0,0,,,,,,,,,,,,,,,,,,,,,,,,,,,,,,,,,,,,,,,,,,,,,,,,,,,35.5,42,1064,0,,,,,,,,,,,,,,,,,,,,,,,,,,,,,,,,,,,,,,,,,,,,,,,,,,,,,,,,,,,,,,,,,,,,,,,,,,,,,,,,,,,,,,,,,,,,,,,,,,,,,,,,,,,,,,,,,,,
Trachypithecus_poliocephalus,OWM_Cercopithecidae_Trachypithecus_poliocephalus,,,,Trichromatic,Unimale,4.97,Absent,Overlap,,Polygynous,,,,,7.6,8.75,7.35,D,Folivore,BOTH,5,1,Forest/Shrubland,,,,,,,,,,,,,,,,,,,,,,,,,,,,,,,Polygyny,Bisexual,,,,,,,,,,,,,,,,,,,,,,,,,,,,,,,,,,,,,,,,,,,,,,,,,,,,,,,,,,,,,,,,,,,,,,,,,,,,,,,,,,,,,,,,,,,,,,,,,,,,,,,,,,,,,,,,,,,,,,,,,,,,,,,,,,,,,,,,,,,,,,,,,,,,,,,,,,,,,,,,,,,,,,,,,,,,,,,,,,,,,,,,,,,,,,,,,,,,,,,,,,,,,,,,
Callimico_goeldii,PLA_Callitrichidae_Callimico_goeldii,1.05,6.182084907,2.436241478,Polymorphic,Multimale,0.46,Present,Overlap,Low,Polygynous/Monogamous,151,65,0.3,No,0.48,0.499,0.468,D,Omnivore,AR,3,1,Forest,11.43,11.9,499,468,1.066,7.2,1,2,2,182.5,153,66.53,214.8,-5.33,2091.9,26,1476.2,1518.1,0.32,2,3.1333,29,0,34,,14,17,66,3,Monogamy,Pair,Bisexual,,484,11.4,54.1,1,274,149,67,1.49,22.2,0.431,,,,,,,,,,,,,,,,,,,,,,,,,,,,,278,,,,,,,,,,,,,,,,,,,,,,,,,,,,,,,,,,,,,,,,,,,,,,,,,,,,,,,,,,,,,,,,,,,1.6,12.5,,5,10510.15,460.1,1240,340,739,7733,27,0.51,253,63.5,493,493,138,281,6476,,,,,,,,,,,,,1.1,0.96,1.08,,,,,,,,,,,,,,,,,,,,,,,,,,,,,,,,,,,,,,,,,,,,,,,,,,,,,,,,,,,,,,,,,,,,
Callithrix_aurita,PLA_Callitrichidae_Callithrix_aurita,2,,,Polymorphic,Multimale,1.67,Present,Discrete,Low,Polygynous/Monogamous,140,,,,0.44,0.453,0.431,D,Omnivore,AR,3,1,Forest,,,,,,7.5,1.5,2.5,1.67,,140,,,-23.15,1480.6,18.8,1243.8,1379.5,0.08,,,37.5,,18.6,,,,,,,Pair,Bisexual,No,,,,,,,,,,,,,,,,,,,,,,,,,,,,,,,,,,,,,,,,,,,,,,,,,,,,,,,,,,,,,,,,,,,,,,,,,,,,,,,,,,,,,,,,,,,,,,,,,,,,,,,,,,,,,,,,,,,,,,,,,,,,,,,,,,,,,,,,,,,,,,,,,,,,,,,,,,,,,,,,,,,,,,,,,,,,,,,,,,,,,,,,,,,,,,,,,,,,,,,,,,,,,,,
Callithrix_geoffroyi,PLA_Callitrichidae_Callithrix_geoffroyi,,,,Polymorphic,Multimale,0.71,Present,,Low,Polygynous/Monogamous,,,,,0.24,0.29,0.19,D,Gummivore,AR,1,2,Forest/Savanna,,,,,,5,2,1,0.5,,,,211.2,,,,,,,,,,,,,,,,2.8,Monogamy,Pair,Bisexual,No,,,,,,,,,17.6,,,,,,,,,,,,,,,,,,,,,,,,,,,,,,,27,,,,,,,,,,,,,,,,,,,,,,,,,,,,,,,,,,,,,,,,,,,,,,,,,,,,,,,,,,,,,,,,,,,,,,,,,,,,,,,,,,,,,,,,,,,,,,,,,,,,,,,,,,,,,,,,,,,,,,,,,,,,,,,,,,,,,,,,,,,,,,,,,,,,,,,,,,,,,,,,,,,,,,,
Callithrix_jacchus,PLA_Callitrichidae_Callithrix_jacchus,2.31,5.768320996,1.979621206,Polymorphic,Multimale,0.33,Present,Overlap,Low,Polygynous/Monogamous,148,60,0.29,No,0.32,0.317,0.324,D,Gummivore,AR,1,2,Forest/Savanna,7.24,7.05,318,322,0.988,11,2.3,2.9,1.26,159.8,144,60.24,201.6,-6.58,993.9,25,912.7,1488.6,0.02,0.88,5.5146,22,0,11,1.056,43,14,30,14,Polyandry,Pair,Bisexual,No,320,8.2,30.2,2.22,217,144,77,1.67,22.8,0.755,Multimale,No,1,2.7,9.5,317,324,0.947,5.08,4.81,1.056,360,1.3,320,332,0,0,0,0,0,0,0,0,0,0,0,0,0,154,22.8,,,,,,,,,,,,,,,,,,,,,,,,,,,,,,,,,,,,,,,,,,,,,,,,,31.5,31.6,913,2,311.6,306.06,7.25,2.83,4.66,2.94,17.84,10.8,1.39,9.41,0.54,39.61,5.54,1.5,11.3,30,6,7264.81,318.24,757,295,554,5318,22.8,0.33,191,49.8,372,372,90,221,4371,,,,,,,,,566,25.7,99.3,113,0.94,1.08,0.88,,,,,4.598876404,2.386136364,0.6617469394,182.9395604,,0.8265060241,54.18072289,0.1317777778,24.53977273,0.3128802802,71.86600303,10.58258427,105.2686567,151.6666667,374.3333333,0.3573033708,0.9018072289,58.44216867,11.88059701,2.013636364,149.891791,46.51679688,14.8921875,312.3793103,,51.56626506,3249.33494,,22.34296875,69.65664063,32.04375,2.612048193,176.5493976,0.186746988,16.56024096,43.88253012,2658.466265,5.182386364,543.2716535,4.31011236,6.690664063,151.316092,13.2752809,148.6268657,7.037222222,110.8728814,,6.851968504,,20.86363636,,0.08615384615,,,,117.8338235,,,,,,,,
Callithrix_kuhlii,PLA_Callitrichidae_Callithrix_kuhlii,,5.922462747,2.075684493,Polymorphic,Multimale,,Present,Overlap,Low,Polygynous/Monogamous,143,,,,0.38,,,D,Omnivore,AR,3,1,Forest,,,,,,5,2,1,0.5,,,,240,,,,,,,,,,,,,,,,,,Pair,Bisexual,No,,,,,,,,,20,,,,,,,,,,,,,,,,,,,,,,,,,,,,,,,,,,,,,,,,,,,,,,,,,,,,,,,,,,,,,,,,,,,,,,,,,,,,,,,,,,,,,,,,,,,,,,,,,,,,,,,,,,,,,,,,,,,,,,,,,,,,,,,,,,,,,,,,,,,,,,,,,,,,,,,,,,,,,,,,,,,,,,,,,,,,,,,,,,,,,,,,,,,,,,,,,,,,,,
Callithrix_penicillata,PLA_Callitrichidae_Callithrix_penicillata,2,5.793013608,1.990610328,Polymorphic,Multimale,,Present,Overlap,Low,Polygynous/Monogamous,,,,,0.33,0.344,0.307,D,Gummivore,AR,1,3,Forest/Savanna,7.32,7.38,343.8,311.7,1.103,8,3,2,0.67,,,,184.8,-12.68,1172.2,22,1085,1442.4,0.01,1,8.8623,,,,1.08,,,,,Monogamy,Pair,Bisexual,No,328,7.3,,,,,,,15.4,,Polyandrous,No,,,9.5,344,307,1.097,5.4,5,1.08,340,1.08,300,328,0,0,0,0,0,0,0,0,0,0,0,0,0,,,,,,,,,,,,,,,,,,,,,,,,,,,,,,,,,,,,,,,,,,,,,,,,,,,,,,,,,,,,,,,,,,,,,,,,,,,,,,,,,,,,,,,,,,,,,,,,,,,,,,,,,,,,,,,,,,,,,,,,,,,,,,,,,,,,,,,,,,,,,,,,,,,,,,,,,,,,,,,,,,,,,,,,,
Carlito_syrichta,TAR_Tarsiidae_Carlito_syrichta,1.01,4.836281907,1.211940974,Dichromatic,Solitary,3.5,Absent,Discrete,Low,Polygynous/Monogamous,180,82,0.31,No,0.13,0.134,0.117,N,Insectivore,AR,2,1,Forest,3.36,3.27,134,117,1.145,,,,,,179,82.49,180,9.07,1831,24.1,1565.2,1739.4,0.048,1.38,5.5822,,,,,,,,,Spatial Polygyny,Solitary,Bisexual,No,,,,,,179,83,,16,,,,,,,,,,,,,,,,,,,,,,,,,,,,,,76.7,8.9,,,,,,,,,,,,,,,,,,,,,,,,,,,,,,,,,,,,,,,,,,,,,,,,,39.8,49.8,1565,2,,,,,,,,,,,,,,1.4,17,8.9,6,3366.69,206.85,428,197,303,2258,79.2,0.82,92.7,23.3,133,133,69,153,1718.67,1470,2.53,175,42.5,17.1,16.1,1.09,15.5,326,20.53,39.1,49.8,0.72,1.5,0.56,,,,,,,,,,,,,,,,,,,,,,,,,,,,,,,,,,,,,,,,,,,,,,,,,,,,,,,,,,,,,,,,,,,,
Tarsius_bancanus,TAR_Tarsiidae_Tarsius_bancanus,1,4.836281907,1.150572028,Dichromatic,Pair/Unimale,3.5,Absent,Discrete,Low,Polygynous/Monogamous,178,79,0.31,No,0.12,0.128,0.117,N,Insectivore,AR,3,1,Forest,3.16,3.17,128,123,1.041,,,,,240.29,178,78.55,144,0.56,2563.9,24.7,1702.8,1734.7,0.04,1.8,7.976,,,,,,,,,Spatial Polygyny,Solitary,Bisexual,No,111,3.2,24.4,1,365,178,76,1.57,16.3,0.343,,,,,,,,,,,,,,,,,,,,,,,,,,,,,,,,,,,,,,,,,,,,,,,,,,,,,,,,,,,,,,,,,,,,,,,,,,,,,,,,,,,,,,,,,,,,,,,,1.5,16.1,,6,,,,,,,,,,,,,,,,,,,,,,,,,,,,,,,,,,,,,,,,,,,,,,,,,,,,,,,,,,,,,,,,,,,,,,,,,,,,,,,,,,,,,,,,,,,,,,,,,,
Cercopithecus_neglectus,OWM_Cercopithecidae_Cercopithecus_neglectus,1.02,8.603370888,4.189200093,Trichromatic,Pair/Unimale,,Absent,Overlap,Low,Polygynous/Monogamous,165,365,0.69,No,5.74,7.35,4.13,D,Frugivore,BOTH,1,,Forest/Wetlands,65.97,60.86,7350,4130,1.78,4.5,1.5,1.5,1,584,177,417.62,315.6,-1.11,1382.9,24.1,1329.5,1559.7,0.06,0.42,1.5196,74.4,9.1,4.7,1.776,,,,,Harem Polygyny,Polygyny,Sexbiased,Yes,4130,60.9,452.5,1,700,168,365,5,30.8,0.137,Polygynous,Yes,,,9.2,7350,4130,1.78,20.68,11.64,1.777,7350,,,7350,0,0,0,0,0,0,0,0,1,0,1,1,3,,,,,,,,,,,,,,,,,,,,,,,,,,,,,,,,,,,,,,,,,,,,,,,,,,,26.5,25.3,1330,0,,,,,,,,,,,,,,,,,,,,,,,,,,,,,,,,,,,,,,,,,,,,,,,,,,,,,,,,,,,,,,,,,,,,,,,,,,,,,,,,,,,,,,,,,,,,,,,,,,,,,,,,,,,,,,,,,,,
Cheirogaleus_medius,STR_Cheirogaleidae_Cheirogaleus_medius,2.04,4.941642423,0.955511445,Monochromatic,Pair,4.17,Absent,Discrete,Low,Polygynous/Monogamous,62,61,0.5,Yes,0.176,0.164,0.156,N,Folivore_frugivore,AR,3,1,Forest,2.6,2.6,140,139,1.007,1,1,1,,365,61,60.65,231.6,-19.03,850.8,24,899.7,1625.8,0.02,,,,,,0.942,,,,,Monogamy,Solitary,Bisexual,No,140,2.5,11.8,2.14,365,62,45,2,23.3,0.5,Polygynous,Yes,,1,5.5,283,282,1,3.75,3.98,0.942,280,1.12,220,261,0,0,0,0,0,0,0,0,0,0,0,0,0,195,22.7,1.266666667,2.177570093,2,0.401869159,1,5,62,Seasonal,5,7,0.794520548,1.797260274,14.84109589,16.10410959,237.6045745,144.0666667,332.02,232.724744,144.0666667,332.02,244.7291272,191.8604651,323.5,13.2125,8,21,13.3,8,21,237.2103628,128.3333333,337,235.3128049,128.3333333,334,238.7730576,159,337,29.62191781,29.62191781,25.17534247,15.07369697,13.41140086,16.83893689,0.291845494,0.157894737,0.233333333,1,23,58,900,0,231,216.91,2.83,0.93,1.75,1,6.31,3.78,1.31,2.47,0.32,14.09,14.09,1.3,10.3,2.8,4,2931.05,202.38,437,145,235,1941,102,2.66,198,32.5,145,145,65.3,174,1154,890,,,,,,,,199,10.8,135,63.2,0.6,1.04,1.14,,,,,5.18,2.62,,58.16666667,126.5,0,0,0.25,17.83333333,0.2400812512,49.175,8.7,96.33333333,128.3333333,,0.4,0.6666666667,50.33333333,12,2.35,100.5,46.4,16.075,649,,61.33333333,4378.666667,,16.6,48,34.675,1.5,87,0,0,37,2246.333333,5.94,,5.48,9.48,73.33333333,153.3333333,142,7.466666667,,,6.733333333,,,,,,,,,,,,,,,,
Galagoides_demidovii,STR_Galagidae_Galagoides_demidovii,1.29,4.317488114,0.97455964,Monochromatic,Solitary,0.21,Absent,Overlap,,Polygynous/Monogamous,110,45,0.29,,0.06,0.0628,0.0596,N,Omnivore,AR,1,2,Forest,2.65,2.66,76.2,73.1,1.042,10,,,,365,111,43.47,168,-0.14,1404.3,24.4,1291.4,1553.2,0.01,,,10,0,,1.277,,,,,Spatial Polygyny,Solitary,Sexbiased,No,75,2.6,10.2,1.57,365,113,45,1.06,13.4,0.968,,,,,,,,,,,,,,,,,,,,,,,,,,,,,63,6.3,,,,,,,,,,,,,,,,,,,,,,,,,,,,,,,,,,,,,,,,,,,,,,,,,30,55,1291,2,,,,,,,,,,,,,,1.3,11,,4,3219.06,169.13,413,135,246,2240,83.1,1.26,181,25.7,169,169,59.9,152,1568,,2.09,153,45.1,18.3,17,1.4,11.5,214,10.9,122,50.2,0.44,0.96,0.56,10,10,4,24,,,,,,,,,,,,,,,,,,,,,,,,,,,,,,,,,,,,,,,,,,,,,,,,,,,,,,,,,,,,,,,,
Galagoides_zanzibaricus,STR_Galagidae_Galagoides_zanzibaricus,1.3,4.96284463,1.255616037,Monochromatic,Pair,,Absent,Discrete,,Polygynous/Monogamous,126,59,0.32,,0.14,0.15,0.137,N,Omnivore,AR,1,2,Forest,3.51,3.75,149,137,1.088,,,,,182.5,120,59.27,,-11.84,760,24,888.6,1571,0.01,1.76,15.5976,,,,1.106,,,,,Spatial Polygyny,Solitary,Bisexual,No,143,3.5,,,,124,59.3,0.73,12.2,,,,,,,,,,,,,,,,,,,,,,,,,,,,,,,,,,,,,,,,,,,,,,,,,,,,,,,,,,,,,,,,,,,,,,,,,,,,,,,,,,,,,,,,,,,,,,,,,,,,,,,,,,,,,,,,,,,,,,,,,,,,,,,,,,,,,,,,,,,,,,,,,,,,,,,,,,,,,,,,,,,,,,,,,,,,,,,,,,,,,,,,,,,,,,,,,,,,,,
Hapalemur_alaotrensis,STR_Lemuridae_Hapalemur_alaotrensis,,7.122866659,2.624668592,Dichromatic,Multimale,,Absent,Discrete,Low,Polygynous/Monogamous,138,,,No,1.24,,,CA,Folivore,AR,5,1,Wetlands,13.8,,1228,1251,0.982,,,,,,,,,,,,,,,,,,,,,,,,,,Pair,Bisexual,No,,,,,,,,,,,,,,,,,,,,,,,,,,,,,,,,,,,,,,,,,,,,,,,,,,,,,,,,,,,,,,,,,,,,,,,,,,,,,,,,,,,,,,,,,,,,,,,,,,,,,,,,,,,,,,,,,,,,,,,,,,,,,,,,,,,,,,,,,,,,,,,,,,,,,,,,,,,,,,,,,,,,,,,,,,,,,,,,,,,,,,,,,,,,,,,,,,,,,,,,,,,,,,,
Hapalemur_griseus,STR_Lemuridae_Hapalemur_griseus,1.5,6.563855527,2.645465326,Dichromatic,Pair/Unimale,3.23,Absent,Discrete,Low,Polygynous/Monogamous,140,120,0.46,Yes,0.823,0.8675,0.7865,D,Folivore,AR,3,1,Forest,14.09,13.99,748,670,1.116,4.4,1,1,1,334.58,140,136.29,205.2,-19.45,1772.8,19.7,1338.7,1594.7,0.01,0.43,3.8108,,,,1.005,,,,,Monogamy,Pair,Bisexual,,709,13.8,45.2,1.4,365,138,121,2.73,23.3,0.332,Monogamous,No,,1.3,2.6,987,903,1.119,5.94,5.91,1.005,750,2.1,1094,944,0,0,0,0,0,0,0,0,0,0,0,0,0,,,0.769230769,1.095238095,1,0.904761905,1,2,145,Seasonal,12,5,1.528767123,3.698630137,16.97534247,15.97534247,1015.549929,794.0835422,1299.090909,1046.859588,910.9885057,1299.090909,988.1539766,794.0835422,1292.868056,46.25454545,36,57,44.3,36,50,1009.712988,697,1237.5,1005.789242,697,1156.333333,1011.790266,836,1237.5,23.77260274,23.03013699,23.77260274,10.45331983,10.11813342,11.23833005,0.326086957,0.35,0.307692308,,29.5,59.5,1339,0,,,,,,,,,,,,,,2,13.8,,4,,,,,,,,,,,,,,,,,,,,,,,,,,,,,,,,,,,5.091491228,2.683333333,0.7948658596,167.0877193,746.7061404,0.09722222222,6.430555556,0.2530701754,22.75789474,1.025808985,22.97407702,8.900438596,99.02631579,137.4350877,1083.514706,1.099035088,1.351851852,92.43981481,4.469298246,1.286929825,140.1982456,43.33009259,13.75787037,1197.214286,228.2333333,47.72222222,3480.212963,1.904385965,12.06481481,37.97083333,31.83796296,3.49537037,256.0509259,0.01388888889,0.6111111111,49.05092593,3458.310185,5.131491228,537.25,4.228070175,11.45101852,52.25438596,73.97368421,150.0921053,6.41,64.30701754,0.16,7.291666667,9.166666667,,,,,,,234.375,,98.75,,,,,,
Hapalemur_meridionalis,STR_Lemuridae_Hapalemur_meridionalis,,,,Dichromatic,Multimale,,,,,Polygynous/Monogamous,140,,,Yes,0.96,1.068,1.075,CA,Folivore,AR,3,1,Forest,,,,,,,,,,,,,,,,,,,,,,,,,,,,,,,Pair,Bisexual,,,,,,,,,,,,,,,,,,,,,,,,,,,,,,,,,,,,,,,,,,,,,,,,,,,,,,,,,,,,,,,,,,,,,,,,,,,,,,,,,,,,,,,,,,,,,,,,,,,,,,,,,,,,,,,,,,,,,,,,,,,,,,,,,,,,,,,,,,,,,,,,,,,,,,,,,,,,,,,,,,,,,,,,,,,,,,,,,,,,,,,,,,,,,,,,,,,,,,,,,,,,,,,,
Hapalemur_occidentalis,STR_Lemuridae_Hapalemur_occidentalis,,,,Dichromatic,Pair,,,,,Polygynous/Monogamous,140,,,Yes,0.9315,0.846,1.18,CA,Folivore_frugivore,AR,3,1,Forest,,,,,,,,,,,,,,,,,,,,,,,,,,,,,,,Pair,Bisexual,,,,,,,,,,,,,,,,,,,,,,,,,,,,,,,,,,,,,,,,,,,,,,,,,,,,,,,,,,,,,,,,,,,,,,,,,,,,,,,,,,,,,,,,,,,,,,,,,,,,,,,,,,,,,,,,,,,,,,,,,,,,,,,,,,,,,,,,,,,,,,,,,,,,,,,,,,,,,,,,,,,,,,,,,,,,,,,,,,,,,,,,,,,,,,,,,,,,,,,,,,,,,,,,
Leontopithecus_chrysomelas,PLA_Callitrichidae_Leontopithecus_chrysomelas,2.04,6.484635236,2.471483629,Polymorphic,Pair/Unimale/Multimale,,Present,Overlap,Low,Polygynous/Monogamous,125,,,No,0.58,0.62,0.535,D,Omnivore,AR,4,1,Forest,11.84,11.86,610,700,0.871,6.7,1.6,1,0.63,,,,255.6,-15.01,1531.2,22.4,1385.5,1596.7,0.24,,,,,,,,,,9.1,Monogamy,Pair,Bisexual,No,,,,,,,,,21.3,,,,,,,,,,,,,,,,,,,,,,,,,,,,,,,,,,,,,,,,,,,,,,,,,,,,,,,,,,,,,,,,,,,,,,,,,,,,,,,,,,,,641.67,586.16,13.21,3.82,8.61,4.13,18.92,15.01,3.71,11.3,1.1,51.6,55.5,,,,,,,,,,,,,,,,,,,,,,,,,,,,,,,,,,,,,,,4.3125,,0.6011672917,97.95833333,,1.833333333,129.1666667,0.575,11.91666667,0.6790904762,,9.375,110,,1567.333333,0.5708333333,3.083333333,258.0555556,,,146.1666667,43.21527778,15.91527778,,,28.66666667,2079.166667,,25.29166667,68.65277778,36.72222222,3.138888889,265.5277778,,,65.23611111,4852.777778,5.0125,,3.05,6.323333333,117.5833333,82.95833333,148.25,6.934722222,,,7.472222222,,,,,,,,,,,,223.6111111,6.9,,,
Leontopithecus_rosalia,PLA_Callitrichidae_Leontopithecus_rosalia,1.94,6.411818268,2.551786179,Polymorphic,Unimale/Multimale,0.69,Present,Overlap,Low,Polygynous/Monogamous,129,90,0.41,No,0.64,0.663,0.622,D,Frugivore,AR,4,2,Forest,12.83,12.67,620,598,1.037,5.4,1.8,1.5,0.83,182.5,128,75.69,297.6,-22.1,1283.2,20.7,1231.5,1476.7,0.26,1.44,2.5028,,,,,,,,5.4,Monogamy,Pair,Bisexual,Yes,609,12.8,57.1,2.06,311,125,91,3.6,31.6,0.376,,,,,,,,,,,,,,,,,,,,,,,,,,,,,381.5,51.1,,,,,,,,,,,,,,,,,,,,,,,,,,,,,,,,,,,,,,,,,,,,,,,,,57.5,64.8,1231,2,,,,,,,,,,,,,,1.5,11.2,,6,12259,,,,,,,,,,,,,,,,,,,,,,,,,,,,,,8,42,24,74,4.325,,0.6346940417,245.1714286,,3.125,237.8928571,0.3571428571,21.75714286,0.6117512696,,9.683214286,111.25,,7895.107143,0.6057142857,6.239285714,470.1285714,,,124.8892857,41.96607143,14.21821429,,,20.325,1561.785714,,24.88214286,73.67857143,33.83928571,4.378571429,422.8928571,,,67.14642857,6384.642857,8.649285714,,3.383333333,5.695464286,160.5142857,61.16428571,150.9285714,6.793928571,,,9.014285714,,,,,,,,,,,,212.3809524,6.6925,,,
Mico_argentatus,PLA_Callitrichidae_Mico_argentatus,1.84,,,Polymorphic,Multimale,,Present,Overlap,Low,Polygynous/Monogamous,,,,,0.35,0.33,0.36,D,Omnivore,AR,1,1,Forest/Savanna,7.95,8.36,330,360,0.917,,,,,219.6,144,,201.6,-3.09,1718.5,25.4,1412.8,1614.4,,,,,,,,,,,,Monogamy,Pair,Bisexual,No,345,8,32,1.91,213,144,120,1.67,16.5,0.704,,,,,,,,,,,,,,,,,,,,,,,,,,,,,,,,,,,,,,,,,,,,,,,,,,,,,,,,,,,,,,,,,,,,,,,,,,,,,,,71.8,70.8,1413,2,,,,,,,,,,,,,,,,,,,,,,,,,,,,,,,,,,,,,,,,,,,,,,,,,,,,,,,,,,,,,,,,,,,,,,,,,,,,,,,,,,,,,,,,,,,,,,,,,,,,,,,,,,,,,,,,,,,
Mico_emiliae,PLA_Callitrichidae_Mico_emiliae,,,,Polymorphic,Multimale,,Present,,,Polygynous/Monogamous,,,,,0.32,0.313,0.33,D,Omnivore,AR,1,,Forest/Savanna,,,,,,,,,,,,,,,,,,,,,,,,,,,,,,,Pair,Bisexual,No,,,,,,,,,,,,,,,,,,,,,,,,,,,,,,,,,,,,,,,,,,,,,,,,,,,,,,,,,,,,,,,,,,,,,,,,,,,,,,,,,,,,,,,,,,,,,,,,,,,,,,,,,,,,,,,,,,,,,,,,,,,,,,,,,,,,,,,,,,,,,,,,,,,,,,,,,,,,,,,,,,,,,,,,,,,,,,,,,,,,,,,,,,,,,,,,,,,,,,,,,,,,,,,
Mico_humeralifer,PLA_Callitrichidae_Mico_humeralifer,2,,,Polymorphic,Multimale,,Present,,,Polygynous/Monogamous,,,,,0.42,0.418,0.426,D,Omnivore,AR,2,,Forest,,8.2,360,380,0.947,,2.8,3.3,1.18,,144,99.01,180,-5.36,1636.7,25.9,1433.7,1605.8,0.1,1.12,3.1388,76.5,,,,,,,5,,Pair,Bisexual,No,,,,,,144,,,15,,,,,,,,,,,,,,,,,,,,,,,,,,,,,,,,,,,,,,,,,,,,,,,,,,,,,,,,,,,,,,,,,,,,,,,,,,,,,,,,27,45,1434,2,,,,,,,,,,,,,,,,,,,,,,,,,,,,,,,,,,,,,,,,,,,,,,,,,,,,,,,,,,,,,,,,,,,,,,,,,,,,,,,,,,,,,,,,,,,,,,,,,,,,,,,,,,,,,,,,,,,
Saguinus_geoffroyi,PLA_Callitrichidae_Saguinus_geoffroyi,1.97,6.248042875,2.316487998,Polymorphic,Multimale,1.56,Present,Overlap,Low,Polygynous/Monogamous,145,55,0.28,,0.49,0.482,0.503,D,Omnivore,AR,2,1,Forest,10.14,10.19,499.3,534.4,0.934,6.3,2.4,2.1,0.88,240.9,142,56,246,6.88,2794.3,25.9,1563.4,1738.4,0.16,,,,,,,,,,,Monogamy,Pair,Bisexual,No,517,10.2,48,1.99,243,150,75,2,20.5,0.599,,,,,,,,,,,,,,,,,,,,,,,,,,,,,234,50.5,,,,,,,,,,,,,,,,,,,,,,,,,,,,,,,,,,,,,,,,,,,,,,,,,27.5,69,1563,2,,,,,,,,,,,,,,,,,,10135,,,,,,,,,,,,,,,,,,,,,,,,,,,,,,18,18,12,46,,,,,,,,,,,,,,,,,,,,,,,,,,,,,,,,,,,,,,,,,,,,,,,,,,,,,,,,,,,,,,,,
Leontocebus_fuscicolis,PLA_Callitrichidae_Leontocebus_fuscicolis,1.83,5.993961427,2.071913275,Polymorphic,Unimale/Multimale,0.2,Present,Overlap,Low,Polygynous/Polyandrous/Monogamous,150,90,0.38,No,0.33,0.328,0.338,D/CA,Omnivore,AR,1,1,Forest/Wetlands,7.94,8.03,404.6,396.6,1.02,5.1,1.9,1.3,0.68,293.5,147,90.1,294,-5.28,1968,25.4,1450.1,1535.4,0.2,1.6,3.1707,55,0,44,1.014,17.09,28.48,35.86,5.08,Polyandry,Pair,Bisexual,No,401,8.3,39,1.97,258,147,91,1.92,24.9,0.592,Monogamous,No,,1.9,6,343,358,0.958,5.66,5.58,1.014,343,1.53,400,362,0,0,0,0,0,0,0,0,0,0,0,0,0,,,,,,,,,,,,,,,,,,,,,,,,,,,,,,,,,,,,,,,,,,,,,,,,,,,24.1,27,1450,2,,,,,,,,,,,,,,,,,,,,,,,,,,,,,,,,,,,,,,,,,,,,,,,,,,,,,,,,,,,,,,,,,,,,,,,,,,,,,,,,,,,,,,,,,,,,,,,,,,,,,,,,,,,,,,,,,,,
Saguinus_imperator,PLA_Callitrichidae_Saguinus_imperator,2,,,Polymorphic,Unimale/Multimale,0.5,Present,Overlap,Low,Polygynous/Polyandrous/Monogamous,,,,,0.47,0.474,0.475,D,Omnivore,AR,1,1,Forest,,,474,475,0.998,7,1,1,1,,145,,242.4,-9.23,2127.9,24.9,1499.1,1570.9,0.22,2.06,3.8922,,,,,,,,,,Pair,Bisexual,No,,,,,,145,,,23.7,,,,,,,,,,,,,,,,,,,,,,,,,,,,,,,,,,,,,,,,,,,,,,,,,,,,,,,,,,,,,,,,,,,,,,,,,,,,,,,,,,,,,,,,,,,,,,,,,,,,,,,,,,,,,,,,,,,,,,,,,,,,,,,,,,,,,,,,,,,,,,,,,,,,,,,,,,,,,,,,,,,,,,,,,,,,,,,,,,,,,,,,,,,,,,,,,,,,,,
Alouatta_caraya,PLA_Atelidae_Alouatta_caraya,1.01,8.591001119,3.963286299,Trichromatic,Pair/Unimale/Multimale,6.84,Absent,Overlap,High,Polygynous/Polygynandrous,187,325,0.63,No,5.38,6.42,4.33,D,Folivore_frugivore,AR,2,1,Forest/Savanna,52.63,47.8,6525,4240,1.539,8,2.3,3.3,1.43,337.62,187,323.16,243.6,-20.34,1166.4,22.9,1193.1,1404.9,,0.4,,23.8,67.7,0,1.542,15.9,17.6,61.6,4.9,Harem Polygyny,Polygynandry,Bisexual,,4240,49.2,262,1,483,187,325,3.71,32.4,0.199,Polygynous,Yes,1,1,10.1,6420,4330,1.483,14.74,9.56,1.542,6420,18.37,6420,6420,0,0,1,0,0,0,1,0,1,0,2,3,8,,,,,,,,,,,,,,,,,,,,,,,,,,,,,,,,,,,,,,,,,,,,,,,,,,,,,,,,,,,,,,,,,,,,,,,,53861,,,,,,,,,,,,,,,,,,,,,,,,,,,,,,178,282,84,544,,,,,,,,,,,,,,,,,,,,,,,,,,,,,,,,,,,,,,,,,,,,,,,,,,,,,,,,,,,,,,,,
Alouatta_palliata,PLA_Atelidae_Alouatta_palliata,1.02,8.740336743,3.909620121,Trichromatic,Pair/Unimale/Multimale,0.58,Absent,Overlap,High,Polygynous/Polygynandrous,186,325,0.64,No,6.12,6.96,5.28,D,Folivore,AR,3,,Forest,49.88,48.04,7150,5350,1.336,12,2.9,6.3,2.17,684.37,186,495.6,300,6.95,1852.6,23.7,1300,1633.9,0.19,0.32,0.6506,33.1,56.4,0,1.703,17.94,12.32,66.14,3.64,Harem Polygyny,Polygynandry,Bisexual,No,5350,51.2,318,1.1,684,186,365,4,24,0.161,Multimale,No,2.5,2,15.1,7150,5350,1.24,14.58,8.56,1.703,7030,24,5800,6660,0,0,0,0,0,0,0,0,0,0,0,0,0,2000.26,231.9,,,,,,,,,,,,,,,,,,,,,,,,,,,,,,,,,,,,,,,,,,,,,,,,,17.8,23.5,1300,1,,,,,,,,,,,,,,,,,,43520,,,,,,,,,,,,,,28560,17150,,,,,,,,1860,90,,,,,,,,,,,,,,,,,,,,,,,,,,,,,,,,,,,,,,,,,,,,,,,,,,,,,,,,,,,,,,,,,,,,,,,,,
Alouatta_pigra,PLA_Atelidae_Alouatta_pigra,1.01,9.09549053,3.934371409,Trichromatic,Pair/Unimale/Multimale,0.03,Absent,Overlap,High,Polygynous/Polygynandrous,,,,No,6.56,7.505,5.608,D,Folivore_frugivore,AR,4,1,Forest,51.13,48.75,11400,6430,1.773,6.6,1.925,2.175,1.13,,187,,240,18.8,1341.3,25.1,1373.8,1580.8,0.3,,,40.8,45.1,0,1.109,24.4,9.8,61.9,3.8,Harem Polygyny,Polygynandry,Bisexual,,,,,,,187,,,,,Polygynous,Yes,,,6.3,11400,6430,1.773,11.31,10.2,1.109,11400,12,7600,10133,0,0,0,0,0,0,0,0,0,0,0,0,0,,,,,,,,,,,,,,,,,,,,,,,,,,,,,,,,,,,,,,,,,,,,,,,,,,,,,,,,,,,,,,,,,,,,,,,,,,,,,,,,,,,,,,,,,,,,,,,,,,,,,,,,,,,,,,,,,,,,,,,,,,,,,,,,,,,,,,,,,,,,,,,,,,,,,,,,,,,,,,,,,,,,,,,,,
Alouatta_sara,PLA_Atelidae_Alouatta_sara,,,,Trichromatic,Unimale,,Absent,Overlap,,Polygynous/Polygynandrous,191,371,0.66,No,6.5,,,D,Folivore_frugivore,AR,1,1,Forest/Savanna,,,,,,,,,,,,,,,,,,,,,,,,,,,,,,,Polygynandry,Bisexual,,,,,,,,,,,,,,,,,,,,,,,,,,,,,,,,,,,,,,,,,,,,,,,,,,,,,,,,,,,,,,,,,,,,,,,,,,,,,,,,,,,,,,,,,,,,,,4400,4325.71,56.46,24,47.63,9.86,81.21,113.35,32.21,81.14,6.17,282.22,74.29,,,,,,,,,,,,,,,,,,,,,,,,,,,,,,,,,,,,,,,,,,,,,,,,,,,,,,,,,,,,,,,,,,,,,,,,,,,,,,,,,,,,,,,,,,,,,,,,,,,,,,
Alouatta_seniculus,PLA_Atelidae_Alouatta_seniculus,1.42,8.691146499,4.011325207,Trichromatic,Unimale/Multimale,6.11,Absent,Overlap,High,Polygynous/Polygynandrous,191,372,0.66,No,6.01,6.66,5.18,D,Folivore_frugivore,AR,1,,Forest/Savanna,55.22,54.26,6690,5210,1.284,7.1,1.7,2.2,1.29,507.35,190,370.04,300,0.68,1823.4,25.1,1449.8,1574.9,0.1,0.55,1.5414,40,48.1,0,1.464,12.7,6.2,78.5,2.5,Harem Polygyny,Polygynandry,Bisexual,Yes,5210,55.4,263,1.2,517,191,380,5.17,25,0.179,Polygynous,Yes,1.16,1.5,7.9,6690,5210,1.284,13.54,9.25,1.464,6690,3.75,6700,6693,0,0,2,0,0,0,0,0,0,0,2,2,4,,,,,,,,,,,,,,,,,,,,,,,,,,,,,,,,,,,,,,,,,,,,,,,,,,,33.5,31.5,1450,1,,,,,,,,,,,,,,2.4,17.1,62.1,2,45911.23,1593.25,4924.5,986,3344,37388,41.4,0.6,827,200,2829,2829,510,1320,31660,,,,,,,,,1918,85.7,488,413,4.52,3.46,3.24,,,,,,,,,,,,,,,,,,,,,,,,,,,,,,,,,,,,,,,,,,,,,,,,,,,,,,,,,,,,,,,,,,,,
Lophocebus_albigena,OWM_Cercopithecidae_Lophocebus_albigena,1.01,8.846496939,4.542975582,Trichromatic,Multimale,1.33,Absent,Overlap,Low,Polygynous/Polygynandrous,186,210,0.53,No,6.95,7.89,6.01,D,Frugivore,AR,1,1,Forest,93.97,89.96,7890,6010,1.313,15.8,4.3,7.8,1.81,770.15,181,211.71,392.4,0.22,1416.8,23.8,1349.5,1566.9,1.98,1.2,0.7558,64,5,14,2.187,37.5,27.5,12,6.25,Polygynandry,Polygynandry,Sexbiased,Yes,6010,90.7,500,1,1004,175,213,6,29,0.096,Multimale,No,,5,16.1,8250,6020,1.37,19.14,8.75,2.187,8250,,,8250,0,0,0,0,0,0,0,0,0,0,0,0,0,,,,,,,,,,,,,,,,,,,,,,,,,,,,,,,,,,,,,,,,,,,,,,,,,,,18.8,23.8,1350,0,,,,,,,,,,,,,,2.8,20,,5,102761.66,2670.59,11213,1770,5351,77049,121,,1639,294,4146,4146,630,1485,68733,,27.9,2933,681,726,674,52.4,308,5420,182,,,6.54,8.62,6.12,342,540,190,1072,,,,,,,,,,,,,,,,,,,,,,,,,,,,,,,,,,,,,,,,,,,,,,,,,,,,,,,,,,,,,,,,
Lophocebus_aterrimus,OWM_Cercopithecidae_Lophocebus_aterrimus,,8.824677891,4.620945105,Trichromatic,Multimale,,Absent,Overlap,Low,Polygynous/Polygynandrous,,,,No,6.8,7.84,5.76,D,Frugivore,AR,3,1,Forest,101.59,91,7840,5760,1.361,,,,,,,,321.6,-1.65,1578.1,25.1,1520.1,1594.9,0.34,,,,,,1.897,,,,,Polygynandry,Polygynandry,,,,,,,,,,,,,,,,,,,,,,,,,,,,,,,,,,,,,,,,,,,,,,,,,,,,,,,,,,,,,,,,,,,,,,,,,,,,,,,,,,,,,,,,,,,,,,,,,,,,,,,,,,,,,,,,,,,,,,,,,,,,,,,,,,,,,,,,,,,,,,,,,,,,,,,,,,,,,,,,,,,,,,,,,,,,,,,,,,,,,,,,,,,,,,,,,,,,,,,,,,,,,,,,,
Presbytis_melalophos,OWM_Cercopithecidae_Presbytis_melalophos,1.01,8.788745882,4.172076911,Trichromatic,Unimale/Multimale,5,Absent,Overlap,Low,Polygynous/Polygynandrous,,300,,No,6.53,6.59,6.47,D,Folivore_frugivore,AR,4,1,Forest/Shrubland,64.85,59.21,6554.3,6566.6,0.998,14.5,1,6,6,,,,192,-3.33,2785,24.7,1828.3,1857.8,0.12,0.88,2.2513,,,,1.712,,,,,Harem Polygyny,Polygynandry,Bisexual,No,6567,59.2,,,,,,,20,,Multimale,No,,,14.5,6590,6470,1.019,13.95,8.15,1.712,6590,,,6590,0,0,0,0,0,0,0,0,0,0,0,0,0,,,,,,,,,,,,,,,,,,,,,,,,,,,,,,,,,,,,,,,,,,,,,,,,,,,25.5,57,1828,0,,,,,,,,,,,,,,,,,,,,,,,,,,,,,,,,,,,,,,,,,,,,,,,,,,,,,,,,,,,,,,,,,,,,,,,,,,,,,,,,,,,,,,,,,,,,,,,,,,,,,,,,,,,,,,,,,,,
Pygathrix_nemaeus,OWM_Cercopithecidae_Pygathrix_nemaeus,1.01,9.181940897,4.515354882,Trichromatic,Unimale/Multimale,0.15,Absent,Overlap,High,Polygynous/Polygynandrous,165,,,,9.72,11,8.44,D,Folivore,AR,5,1,Forest,91.41,89.5,11000,8440,1.303,9.3,1.3,3.7,2.85,430.7,171,330,300,16.63,1895.3,22.5,1211.2,1472.1,,,,14,82,,2.108,,,,,Harem Polygyny,Polygynandry,Bisexual,,8440,94.9,435.2,1,495,210,330,4,26,0.188,Multimale,No,,,15.8,11000,8440,1.303,16.06,7.62,2.108,11000,8.4,18560,13520,0,0,0,0,0,0,0,0,1,0,1,1,3,,,,,,,,,,,,,,,,,,,,,,,,,,,,,,,,,,,,,,,,,,,,,,,,,,,33.8,45.3,1211,0,,,,,,,,,,,,,,,,,,72530.22,2206.11,8063,1345,4727,56189,10.7,,942,290,3166,3166,723,2295,48763,,,,,,,,,,,,,4.36,5.58,3.14,,,,,,,,,,,,,,,,,,,,,,,,,,,,,,,,,,,,,,,,,,,,,,,,,,,,,,,,,,,,,,,,,,,,
Semnopithecus_entellus,OWM_Cercopithecidae_Semnopithecus_entellus,1.02,9.598455842,4.708899372,Trichromatic,Unimale/Multimale,2.63,Absent,Overlap,High,Polygynous/Polygynandrous,184,249,0.58,No,11.44,13,9.89,D,Folivore_frugivore,T,1,1,Forest/Savanna/Shrubland,110.93,104.55,18144,11340,1.6,30.2,1.8,11.5,6.39,507.95,192,402.1,300,23.49,788.2,25.4,652.8,1435.8,1.3,0.5,0.3886,52,51,2,2.058,25.7,13.1,41.8,7.4,Harem Polygyny,Polygynandry,Bisexual,No,11340,95.2,500,1.14,511,199,389,3.5,29,0.214,Multimale,No,3,6,20.6,13000,9890,1.314,18.44,10.83,1.703,13000,11.1,17000,14333,0,0,0,0,0,0,0,0,0,0,0,0,0,,,,,,,,,,,,,,,,,,,,,,,,,,,,,,,,,,,,,,,,,,,,,,,,,,,33.3,57.5,653,0,,,,,,,,,,,,,,2.5,22,,4,107540,,,,,,,,,,,,,,76110,51850,,,,,,,,4320,140,,,,,,,,,,,,,,,,,,,,,,,,,,,,,,,,,,,,,,,,,,,,,,,,,,,,,,,,,,,,,,,,,,,,,,,,,